coms_canonical_smiles,act_median_expert_0,class_activity_median_expert_1000_0
CCC1CCNc2cc3oc(=O)cc(C(F)(F)F)c3cc21,5.5,1
CC(O)(CS(=O)(=O)c1ccc(F)cc1)C(=O)Nc1ccc(C#N)c(C(F)(F)F)c1,138.5,1
CCC1CCc2cc3c(C(F)(F)F)cc(=O)oc3cc2N1,5.5,1
CC1(C)CCc2cc3c(C(F)(F)F)cc(=O)oc3cc2N1,5.5,1
O=c1cc(C(F)(F)F)c2cc3c(cc2o1)NCCC3,5.5,1
O=c1cc(C(F)(F)F)c2cc3c(cc2o1)NCCC3C(F)(F)F,6.0,1
O=c1cc(C(F)(F)F)c2cc3c(cc2o1)NCCC3C(F)(F)C(F)(F)F,7.5,1
CCC1CCN(C)c2cc3oc(=O)cc(C(F)(F)F)c3cc21,143.0,1
CCCC1CCNc2cc3oc(=O)cc(C(F)(F)F)c3cc21,7.5,1
CCC1Nc2cc3oc(=O)cc(C(F)(F)F)c3cc2CC1C,8.5,1
CCC1CC(C)c2cc3c(C(F)(F)F)cc(=O)oc3cc2N1,10.5,1
CC1CCNc2cc3oc(=O)cc(C(F)(F)F)c3cc21,5.5,1
CCC1CC(CC)c2cc3c(C(F)(F)F)cc(=O)oc3cc2N1,8.5,1
CC[C@H]1Nc2cc3nc(O)cc(C(F)(F)F)c3cc2CC1(CC)CC,48.0,1
CC[C@@H]1Cc2cc3c(C(F)(F)F)cc(O)nc3cc2N[C@@H]1CC,10000.0,0
CC[C@H]1C[C@@H](C)Nc2cc3nc(O)cc(C(F)(F)F)c3cc21,10000.0,0
CCC[C@H]1Cc2cc3c(C(F)(F)F)cc(O)nc3cc2N[C@@H]1CC,10000.0,0
C[C@@H]1Cc2cc3c(C(F)(F)F)cc(O)nc3cc2N[C@@H]1C,74.0,1
CC[C@@H]1Cc2cc3c(C(F)(F)F)cc(O)nc3cc2N[C@@H]1C,10000.0,0
CC[C@H]1Cc2cc3c(C(F)(F)F)cc(O)nc3cc2N[C@@H]1C,10000.0,0
CC(C)[C@@H]1CCc2cc3c(C(F)(F)F)cc(O)nc3cc2N1,25.0,1
C[C@@H]1C[C@H](C)c2cc3c(C(F)(F)F)cc(O)nc3cc2N1,15.0,1
C[C@H]1Nc2cc3nc(O)cc(C(F)(F)F)c3cc2CC1(C)C,24.0,1
CC[C@H]1Nc2cc3nc(O)cc(C(F)(F)F)c3cc2C[C@H]1C,15.0,1
CC[C@H]1Nc2cc3nc(O)cc(C(F)(F)F)c3cc2CC1(C)C,42.0,1
CCC[C@@H]1CCc2cc3c(C(F)(F)F)cc(O)nc3cc2N1,32.0,1
C[C@@H]1CCc2cc3c(C(F)(F)F)cc(O)nc3cc2N1,19.0,1
O=c1cc(-c2ccc(O)cc2)oc2cc(O)cc(O)c12,5200.0,0
CC1(C)CCc2cc3c(C(F)(F)F)cc(O)nc3cc2N1,27.0,1
CC[C@H]1Cc2cc3c(C(F)(F)F)cc(O)nc3cc2N[C@@H]1CC,10000.0,0
CC[C@@H]1CCc2cc3c(C(F)(F)F)cc(O)nc3cc2N1,11.0,1
C[C@H]1Cc2cc3c(C(F)(F)F)cc(O)nc3cc2N[C@@H]1C,33.0,1
CC[C@H]1Nc2cc3nc(O)cc(C(F)(F)F)c3cc2C[C@@H]1C,11.0,1
CC[C@@H]1C[C@H](C)c2cc3c(C(F)(F)F)cc(O)nc3cc2N1,137.0,1
CC[C@@H]1C[C@H](CC)c2cc3c(C(F)(F)F)cc(O)nc3cc2N1,10000.0,0
O=c1c(-c2ccc(O)cc2)coc2cc(O)cc(O)c12,1300000.0,0
CC(Cc1ccc(O)c(O)c1)C(C)Cc1ccc(O)c(O)c1,10000.0,0
CC1(C)C(=O)N(c2ccc(C#N)c(C(F)(F)F)c2)C(=O)N1CCCCO,16.0,1
O=C1CC(c2ccccc2)Oc2ccccc21,20000.0,0
CC(C)(O)C(=O)Nc1ccc([N+](=O)[O-])c(C(F)(F)F)c1,26.0,1
CC(=O)[C@H]1CC[C@H]2[C@@H]3CCC4=CC(=O)CC[C@]4(C)[C@H]3CC[C@]12C,25.35,1
COc1cccc2oc(-c3ccccc3)cc(=O)c12,8700.0,0
Cc1ccc(-c2cc(=O)c3c(O)cccc3o2)cc1,11160.09,0
O=c1cc(-c2ccccc2)oc2cccc(O)c12,831.76,1
O=c1cc(-c2ccccc2)oc2ccccc12,5900.0,0
O=c1cc(-c2ccc(Cl)cc2)oc2cccc(O)c12,458.545,1
C[C@]12CC[C@@H]3c4ccc(O)cc4CC[C@H]3[C@@H]1CC[C@@H]2O,19.1,1
O=C(O)c1ccccc1Nc1cccc(C(F)(F)F)c1,50000.0,0
COc1cc(CCC(C)=O)ccc1O,151356.12,0
CC(=O)O[C@]1(C(C)=O)CC[C@H]2[C@@H]3C[C@H](C)C4=CC(=O)CC[C@]4(C)[C@H]3CC[C@@]21C,6.1,1
CCC1(CC)CCNc2cc3nc(O)cc(C(F)(F)F)c3cc21,73.0,1
CC1(C)CCNc2cc3nc(O)cc(C(F)(F)F)c3cc21,16.0,1
Oc1cc(C(F)(F)F)c2cc3c(cc2n1)NCCC3c1cc(C(F)(F)F)cc(C(F)(F)F)c1,251.0,1
CCCC1CCNc2cc3nc(O)cc(C(F)(F)F)c3cc21,10000.0,0
Oc1cc(C(F)(F)F)c2cc3c(cc2n1)NC[C@@H]1CCCC[C@H]31,10000.0,0
Oc1cc(C(F)(F)F)c2cc3c(cc2n1)NC[C@@H]1CCC[C@H]31,10000.0,0
CCC1CCN(C=O)c2cc3nc(O)cc(C(F)(F)F)c3cc21,10000.0,0
CC1CCNc2cc3nc(O)cc(C(F)(F)F)c3cc21,259.0,1
CC(C)C1CCNc2cc3nc(O)cc(C(F)(F)F)c3cc21,10000.0,0
C[C@H]1CNc2cc3nc(O)cc(C(F)(F)F)c3cc2C1CCC(F)(F)F,61.0,1
CCC1c2cc3c(C(F)(F)F)cc(O)nc3cc2NC[C@@H]1C,2710.0,0
CC1c2cc3c(C(F)(F)F)cc(O)nc3cc2NC[C@H]1C,10000.0,0
CCC1CCN(C)c2cc3nc(O)cc(C(F)(F)F)c3cc21,10000.0,0
Oc1cc(C(F)(F)F)c2cc3c(cc2n1)NCCC3,12.0,1
CCC1CCN(C)c2cc3c(cc21)c(C(F)(F)F)cc(=O)n3C,216.0,1
CCC1CCNc2cc3c(cc21)c(C(F)(F)F)cc(=O)n3C,20.0,1
C[C@]12CC[C@H]3[C@@H](CC=C4C[C@@H](O)CC[C@@]43C)[C@@H]1CC[C@@H]2O,212.0,1
O=c1c(O)c(-c2ccc(O)cc2)oc2cc(O)cc(O)c12,9700.0,0
CC1=CC(C)(C)Nc2ccc3c(c21)/C(=C/c1cccc(F)c1)Oc1ccccc1-3,795.0,1
CC1=CC(C)(C)Nc2ccc3c(c21)C(c1ccc(Cl)cc1)Oc1ccccc1-3,1550.0,0
CC(C)C(=O)Nc1ccc([N+](=O)[O-])c(C(F)(F)F)c1,3100.0,0
O=C(O)Cc1cc(I)c(Oc2ccc(O)c(I)c2)c(I)c1,34800.0,0
C=CCc1ccc(O)c(OC)c1,19027.305,0
C=C1/C(=C\C=C2/CCC[C@]3(C)[C@@H]([C@H](C)CCCC(C)(C)O)CC[C@@H]23)C[C@@H](O)C[C@@H]1O,10000.0,0
C=C1CC[C@@H](Br)C(C)(C)[C@@H]1Cc1cc(OC)c(Br)cc1O,238.0,1
C=C1CC[C@@H](Br)C(C)(C)[C@H]1Cc1cc(OC)c(Br)cc1O,449.0,1
C=C1C=C(C)CC(C)(C)C1Cc1ccc([N+](=O)[O-])cc1,250.0,1
C=C1CCCC(C)(C)[C@H]1Cc1cc(OC)c(Br)cc1O,377.0,1
O=c1c(O)c(-c2ccccc2)oc2ccccc12,23500.0,0
CC/C(C)=C1\Oc2ccc(F)cc2-c2ccc3c(c21)C(C)=CC(C)(C)N3,250.0,1
CC(C)=C/C=C1\Oc2ccc(F)cc2-c2ccc3c(c21)C(C)=CC(C)(C)N3,1000.0,0
CC1=CC(C)(C)Nc2ccc3c(c21)/C(=C/c1ccccc1C)Oc1ccccc1-3,1062.0,0
CC1=CC(C)(C)Nc2ccc3c(c21)C(=C1SCCCS1)Oc1ccc(F)cc1-3,180.0,1
CC(=O)C[C@]1(C(C)=O)CC[C@H]2C3C[C@H](C)C4=CC(=O)CC[C@]4(C)[C@H]3CC[C@@]21C,6.1,1
CC1=CC(C)(C)Nc2ccc3c(c21)/C(=C/Br)Oc1ccc(F)cc1-3,250.0,1
CC1=CC(C)(C)Nc2ccc3c(c21)COc1ccc(F)cc1-3,1248.0,0
CC1=CC(C)(C)Nc2ccc3c(c21)COc1ccc(Br)cc1-3,395.0,1
CC1=CC(C)(C)Nc2ccc3c(c21)COc1ccc([N+](=O)[O-])cc1-3,60.0,1
CC1=CC(C)(C)Nc2ccc3c(c21)COc1c(F)cc(Br)cc1-3,90.0,1
CC1=CC(C)(C)Nc2ccc3c(c21)COc1c(F)cc(C#N)cc1-3,60.0,1
CC1CC(C)(C)Nc2ccc3c(c21)COc1c(F)cc(F)cc1-3,147.0,1
CC1=CC(C)(C)Nc2ccc3c(c21)COc1ccc(Cl)cc1-3,788.0,1
CC1=CC(C)(C)Nc2ccc3c(c21)COc1c(F)cc(F)cc1-3,644.0,1
CC1CC(C)(C)Nc2ccc3c(c21)COc1ccc([N+](=O)[O-])cc1-3,63.0,1
CC1=CC(C)(C)Nc2ccc3c(c21)COc1c(F)cc(Cl)cc1-3,428.0,1
C[C@](O)(CS(=O)(=O)c1ccc(F)cc1)C(=O)Nc1ccc(C#N)c(C(F)(F)F)c1,128.0,1
N#Cc1cccc(-c2ccc3c(c2)C2(CCCCC2)C(=O)N3)c1,1000.0,0
O=C1CC(c2ccccc2O)Oc2ccccc21,3700.0,0
CC(C)(c1ccc(O)cc1)c1ccc(O)cc1,5900.0,0
CC1=CC(C)(C)Nc2ccc3c(c21)C(c1cccc(Cl)c1)Oc1ccccc1-3,253.0,1
CC1=CC(C)(C)Nc2ccc3c(c21)C(c1cc(Cl)cc(Cl)c1)Oc1ccccc1-3,1089.0,0
CC1=CC(C)(C)Nc2ccc3c(c21)C(c1ccccc1)Oc1ccccc1-3,745.0,1
CC1=CC(C)(C)Nc2ccc3c(c21)C(c1ccc(C)cc1)Oc1ccccc1-3,1239.0,0
CC1=CC(C)(C)Nc2ccc3c(c21)C(c1cccc(C(F)(F)F)c1)Oc1ccccc1-3,315.0,1
CC1=CC(C)(C)Nc2ccc3c(c21)C(c1ccc(Cl)c(F)c1)Oc1ccccc1-3,2205.0,0
CC1=CC(C)(C)Nc2ccc3c(c21)C(c1cccc(Br)c1)Oc1ccccc1-3,401.0,1
CC1=CC(C)(C)Nc2ccc3c(c21)C(c1cc(C)cc(Br)c1)Oc1ccccc1-3,1236.0,0
CC1=CC(C)(C)Nc2ccc3c(c21)C(c1ccc(Br)cc1)Oc1ccccc1-3,481.0,1
CC1=CC(C)(C)Nc2ccc3c(c21)C(c1ccc(C)c(F)c1)Oc1ccccc1-3,1220.0,0
CC1=CC(C)(C)Nc2ccc3c(c21)C(c1ccc(Cl)c(C)c1)Oc1ccccc1-3,1426.0,0
CC1=CC(C)(C)Nc2ccc3c(c21)C(c1ccc(Cl)c(Cl)c1)Oc1ccccc1-3,946.0,1
CC(=O)CCc1ccc(O)cc1,251594.32,0
CC1=CC(C)(C)Nc2cc3nc(Cl)cc(C(F)(F)F)c3cc21,30.0,1
CC1=CC(C)(C)Nc2cc3nc(F)cc(C(F)(F)F)c3cc21,31.0,1
CC1(C)CCc2cc3c(C(F)(F)F)cc(Cl)nc3cc2N1,30.0,1
Cc1c2c(cc3c(C(F)(F)F)cc(Cl)nc13)C(C)CC(C)(C)N2,675.0,1
CC1(C)CCc2cc3c(C(F)(F)F)cc(Br)nc3cc2N1,72.0,1
Cc1c2c(cc3c(C(F)(F)F)cc(Br)nc13)C(C)CC(C)(C)N2,785.0,1
CC1(C)CCc2cc3c(C(F)(F)F)cc(F)nc3cc2N1,22.0,1
CSc1cc(C(F)(F)F)c2cc3c(cc2n1)NC(C)(C)CC3,751.0,1
CC1(C)CCc2cc3c(C(F)(F)F)cc(C#N)nc3cc2N1,9.0,1
CC1(C)CCc2cc3c(C(F)(F)F)ccnc3cc2N1,212.0,1
Cc1c2c(cc3c(C(F)(F)F)ccnc13)C(C)CC(C)(C)N2,244.0,1
CC1(C)CCc2cc3c(C(F)(F)F)cc(NS(C)(=O)=O)nc3cc2N1,503.0,1
CC1(C)CCc2cc3c(C(F)(F)F)cc(N)nc3cc2N1,1159.0,0
COc1ccc(CNc2cc(C(F)(F)F)c3cc4c(cc3n2)NC(C)(C)CC4)cc1,3217.0,0
C[S+]([O-])c1cc(C(F)(F)F)c2cc3c(cc2n1)NC(C)(C)CC3,63.0,1
CC1(C)CCc2cc3c(C(F)(F)F)cc(SCC(F)(F)F)nc3cc2N1,889.0,1
CN1c2cc3nccc(C(F)(F)F)c3cc2CCC1(C)C,725.0,1
CN1c2cc3nc(Br)cc(C(F)(F)F)c3cc2CCC1(C)C,72.0,1
CC1(C)CCc2cc3c(C(F)(F)F)cc(S(C)(=O)=O)nc3cc2N1,479.0,1
CN1c2cc3nc(F)cc(C(F)(F)F)c3cc2CCC1(C)C,172.0,1
CN1c2cc3nc(Cl)cc(C(F)(F)F)c3cc2CCC1(C)C,251.0,1
CCCC[S+]([O-])c1cc(C(F)(F)F)c2cc3c(cc2n1)NC(C)(C)CC3,335.0,1
CC1(C)CCc2cc3c(C(F)(F)F)cc(C(F)(F)F)nc3cc2N1,467.0,1
CN(C)c1cc(C(F)(F)F)c2cc3c(cc2n1)NC(C)(C)CC3,10000.0,0
CCCCSc1cc(C(F)(F)F)c2cc3c(cc2n1)NC(C)(C)CC3,1866.0,0
CC1=CC(C)(C)N(C)c2cc3nc(Cl)cc(C(F)(F)F)c3cc21,336.0,1
COc1ccc(-c2coc3cc(O)cc(O)c3c2=O)cc1,1600000.0,0
CC1(C)CCc2cc3c(C(F)(F)F)cc(N(S(C)(=O)=O)S(C)(=O)=O)nc3cc2N1,636.0,1
Cc1c2c(cc3c(C(F)(F)F)cc(F)nc13)C(C)CC(C)(C)N2,1448.0,0
CNc1cc(C(F)(F)F)c2cc3c(cc2n1)NC(C)(C)CC3,10000.0,0
CN1c2cc3nc(C#N)cc(C(F)(F)F)c3cc2CCC1(C)C,45.0,1
CC1=CC(C)(C)Nc2ccc3c(c21)/C(=C/c1cc(F)ccc1F)Oc1ccccc1-3,1600.0,0
CC1=CC(C)(C)Nc2ccc3c(c21)/C(=C/c1ccccc1)Oc1ccccc1-3,650.0,1
CC1=CC(C)(C)Nc2ccc3c(c21)/C(=C/c1ccc(F)c(F)c1)Oc1ccccc1-3,916.0,1
CC1(C)OC(=O)Nc2ccc(-c3cc(F)cc(C#N)c3)cc21,1292.0,0
CC1(C)OC(=O)Nc2ccc(-c3ccc(F)c(Cl)c3)cc21,207.0,1
CC1(C)OC(=O)Nc2ccc(-c3coc(C#N)c3)cc21,129.0,1
CC1(C)OC(=O)Nc2ccc(-c3csc(C#N)c3)cc21,280.0,1
CC(=O)O[C@]1(C(C)=O)CC[C@H]2[C@@H]3C=C(Cl)C4=CC(=O)[C@@H]5C[C@@H]5[C@]4(C)[C@H]3CC[C@@]21C,23.0,1
O=c1cc(-c2ccccc2O)oc2ccccc12,1000.0,0
COc1cccc2oc(-c3ccc(F)cc3)cc(=O)c12,1615.905,0
CC(=O)c1ccc([C@H]2C[C@@]3(C)[C@@H](CC[C@@]3(O)C(F)(F)C(F)(F)F)[C@@H]3CCC4=CC(=O)CCC4=C32)cc1,54.0,1
CC1(C)NC(=O)N(c2ccc([N+](=O)[O-])c(C(F)(F)F)c2)C1=O,2800.0,0
Cn1c(=O)cc(C(F)(F)F)c2cc3c(cc21)N1CCCC1(C)CC3,27.0,1
Oc1cc(C(F)(F)F)c2cc3c(cc2n1)NC1(CCCCC1)CC3,35.0,1
Cn1c(=O)cc(C(F)(F)F)c2cc3c(cc21)NC(C)(C)CC3,36.0,1
Cc1c2c(cc3c(C(F)(F)F)cc(=O)n(C)c13)C(C)CC(C)(C)N2,31.0,1
CC1=CC(C)(C)Nc2c1cc1c(C(F)(F)F)cc(=O)n(C)c1c2C,2413.0,0
CC1(C)C=Cc2cc3c(C(F)(F)F)cc(O)nc3cc2N1,42.5,1
C[C@H]1c2cc3c(C(F)(F)F)cc(O)nc3cc2NC(C)(C)[C@H]1C,164.0,1
CC1=C(C)C(C)(C)Nc2cc3nc(O)cc(C(F)(F)F)c3cc21,68.0,1
CCC1(C)CCc2cc3c(C(F)(F)F)cc(O)nc3cc2N1,23.0,1
CCC1(CC)CCc2cc3c(C(F)(F)F)cc(O)nc3cc2N1,27.0,1
CC12CCCN1c1cc3nc(O)cc(C(F)(F)F)c3cc1CC2,325.0,1
CC1CC(C)(C)Nc2cc3c(cc21)c(C(F)(F)F)cc(=O)n3C,73.0,1
Cc1c2c(cc3c(C(F)(F)F)cc(O)nc13)C(C)CC(C)(C)N2,22.0,1
CCn1c(=O)cc(C(F)(F)F)c2cc3c(cc21)NC(C)(C)C=C3C,692.0,1
C[C@@H]1c2cc3c(C(F)(F)F)cc(O)nc3cc2NC(C)(C)[C@H]1C,7042.0,0
CCCC1(C)CCc2cc3c(C(F)(F)F)cc(O)nc3cc2N1,42.0,1
CC1=CC(C)(C)N(C)c2cc3c(cc21)c(C(F)(F)F)cc(=O)n3C,46.0,1
CC1c2cc3c(C(F)(F)F)cc(O)nc3cc2NC(C)(C)C1(C)C,57.0,1
CC(C)C1CC(C)(C)Nc2cc3nc(O)cc(C(F)(F)F)c3cc21,159.0,1
CC1=CC(C)(C)Nc2cc3c(cc21)c(C(F)(F)F)cc(=O)n3C,34.0,1
CC1(C)Cc2cc3c(C(F)(F)F)cc(O)nc3cc2NC1(C)C,83.0,1
CCC1CC(C)(C)Nc2cc3nc(O)cc(C(F)(F)F)c3cc21,27.0,1
CCC1Cc2cc3c(C(F)(F)F)cc(O)nc3cc2NC1(C)C,46.0,1
CC1Cc2cc3c(C(F)(F)F)cc(O)nc3cc2NC1(C)C,30.0,1
CC1=CC(C)(C)Nc2c1cc1c(C(F)(F)F)cc(O)nc1c2C,23.0,1
CC1=CC(C)(C)Nc2cc3nc(O)cc(C(F)(F)F)c3cc21,28.0,1
CC1CC(C)(C)Nc2cc3nc(O)cc(C(F)(F)F)c3cc21,26.0,1
CC1=CC(C)(C)Nc2cc3nc(O)cc(C)c3cc21,36.0,1
CCC1(C)CCc2cc3c(C(F)(F)F)cc(=O)n(C)c3cc2N1C,24.0,1
CN1c2cc3c(cc2CCC1(C)C)c(C(F)(F)F)cc(=O)n3C,19.0,1
CC1=CC(C)(C)N(C)c2cc3nc(O)cc(C(F)(F)F)c3cc21,156.0,1
CCC1(C)CCc2cc3c(C(F)(F)F)cc(=O)n(C)c3cc2N1,48.0,1
C[C@@H]1Cc2cc3c(C(F)(F)F)cc(O)nc3cc2N1,7.0,1
CCCN1c2cc3c(cc2[C@H]2CCCC[C@H]21)c(C(F)(F)F)cc(=O)n3C,27.0,1
CCn1c(=O)cc(C(F)(F)F)c2cc3c(cc21)N[C@@H]1CCCC[C@H]31,230.0,1
CN1c2cc3c(cc2[C@H]2CCCC[C@H]21)c(C(F)(F)F)cc(=O)n3C,36.0,1
C[C@H]1N(C)c2cc3c(cc2C1(C)C)c(C(F)(F)F)cc(=O)n3C,56.0,1
C[C@H]1Nc2cc3c(cc2C1(C)C)c(C(F)(F)F)cc(=O)n3C,22.0,1
C[C@H]1Nc2cc3nc(O)cc(C(F)(F)F)c3cc2C1(C)C,48.0,1
C[C@H]1CC[C@@H]2[C@H](C1)c1cc3c(C(F)(F)F)cc(=O)n(C)c3cc1N2C,54.0,1
C[C@H]1CC[C@H]2Nc3cc4c(cc3[C@H]2C1)c(C(F)(F)F)cc(=O)n4C,48.0,1
CN1CCc2cc3c(C(F)(F)F)cc(=O)n(C)c3cc21,197.0,1
CN1c2cc3c(cc2[C@H]2CCCC(C)(C)[C@H]21)c(C(F)(F)F)cc(=O)n3C,27.0,1
CC1(C)CCC[C@@H]2c3cc4c(C(F)(F)F)cc(O)nc4cc3N[C@@H]21,26.0,1
Cn1c(=O)cc(C(F)(F)F)c2cc3c(cc21)NCC3,56.0,1
C[C@@H]1c2cc3c(C(F)(F)F)cc(=O)n(C)c3cc2N[C@@H]1C,9182.0,0
CC1(C)CNc2cc3nc(O)cc(C(F)(F)F)c3cc21,10.0,1
CC1(C)CCC[C@]2(C)c3cc4c(C(F)(F)F)cc(O)nc4cc3N[C@H]12,51.0,1
CN1c2cc3c(cc2[C@@]2(C)CCCC[C@@H]12)c(C(F)(F)F)cc(=O)n3C,53.0,1
Oc1cc(C(F)(F)F)c2cc3c(cc2n1)NCC3,23.0,1
O=C1[C@@H]2C3C=CC(C3)[C@@H]2C(=O)N1c1cccc(C(F)(F)F)c1,35.0,1
O=C1[C@@H]2C3CCC(C3)[C@@H]2C(=O)N1c1cccc(C(F)(F)F)c1,9.5,1
O=C1[C@@H]2C3C=CC(C3)[C@@H]2C(=O)N1c1ccc([N+](=O)[O-])c(C(F)(F)F)c1,119.0,1
O=C1[C@@H]2C3CCC(C3)[C@@H]2C(=O)N1c1ccc([N+](=O)[O-])c(C(F)(F)F)c1,12.0,1
O=C1[C@@H]2C3C=CC(C3)[C@@H]2C(=O)N1c1ccc(O)c2ncccc12,418.0,1
O=C1[C@@H]2C3C=CC(C3)[C@@H]2C(=O)N1c1ccc([N+](=O)[O-])c2ccccc12,5.0,1
O=C1[C@@H]2C3C=CC(C3)[C@@H]2C(=O)N1c1cc(C(F)(F)F)cc(C(F)(F)F)c1,72.0,1
O=C1[C@@H]2C3C=CC(C3)[C@@H]2C(=O)N1c1cc(Cl)cc(Cl)c1,41.0,1
O=C1[C@@H]2C3CCC(C3)[C@@H]2C(=O)N1c1ccc2ccccc2c1,84.0,1
O=C1[C@@H]2C3C=CC(C3)[C@@H]2C(=O)N1c1ccc([N+](=O)[O-])cc1,30.0,1
O=C1[C@@H]2C3C=CC(C3)[C@@H]2C(=O)N1c1ccc(Br)c(C(F)(F)F)c1,146.0,1
Cc1cc(N2C(=O)[C@@H]3C4C=CC(C4)[C@@H]3C2=O)ccc1Br,220.0,1
O=C1[C@@H]2C3C=CC(C3)[C@@H]2C(=O)N1c1ccc2cccnc2c1,52.0,1
O=C1[C@@H]2C3C=CC(C3)[C@@H]2C(=O)N1c1ccc2ccccc2c1,84.0,1
O=C1[C@@H]2C3C=CC(C3)[C@@H]2C(=O)N1c1ccc(F)c(Cl)c1,33.0,1
Cc1ccc(N2C(=O)[C@@H]3C4C=CC(C4)[C@@H]3C2=O)cc1C,10.0,1
CN1C(=O)C2C=CC1[C@@H]1C(=O)N(c3ccc([N+](=O)[O-])c4ccccc34)C(=O)[C@H]21,631.0,1
O=C1[C@@H]2C3C=CC([C@H]4C[C@@H]34)[C@@H]2C(=O)N1c1ccc([N+](=O)[O-])c2ccccc12,786.0,1
O=C1[C@@H]2C3C=CC([C@H]4C[C@@H]34)[C@@H]2C(=O)N1c1cccc(C(F)(F)F)c1,30.0,1
Cc1cc(N2C(=O)[C@@H]3C4C=CC(CC4)[C@@H]3C2=O)ccc1Br,68.0,1
Cc1cc(N2C(=O)[C@@H]3C4C=CC([C@H](O)[C@@H]4O)[C@@H]3C2=O)ccc1Br,59.0,1
O=C1[C@@H]2C3C=CC(CC3)[C@@H]2C(=O)N1c1ccc(Cl)c(Cl)c1,150.0,1
O=C1[C@@H]2C3C=CC(C3)[C@@H]2C(=O)N1c1ccc(Cl)c(Cl)c1,41.0,1
O=C1[C@@H]2C3C=CC(CC3)[C@@H]2C(=O)N1c1ccc([N+](=O)[O-])c2ccccc12,224.0,1
O=C1[C@@H]2C3C=CC(CC3)[C@@H]2C(=O)N1c1cccc(C(F)(F)F)c1,0.4,1
O=C1[C@@H]2C3C=CC(CCC3)[C@@H]2C(=O)N1c1ccc([N+](=O)[O-])c2ccccc12,49.0,1
O=C1[C@@H]2C3CCCC(CC3)[C@@H]2C(=O)N1c1cccc(C(F)(F)F)c1,23.0,1
Cc1c(NS(C)(=O)=O)cccc1N(Cc1ccccc1)Cc1ccc(Oc2cccc(OCCCC(=O)NCCCC(=O)O)c2)cc1,1600.0,0
CCCCCCCC[C@H]1C[C@@]2(C)C(CC[C@@H]2O)C2CCC3=CC(=O)CCC3=C21,0.9,1
CCCCCCCCCC[C@H]1C[C@@]2(C)C(CC[C@@H]2O)C2CCC3=CC(=O)CCC3=C21,0.8,1
CC(=O)O[C@]1(C(C)=O)CCC2C3C=C(Cl)C4=CC(=O)[C@@H]5CC5[C@]4(C)C3CC[C@@]21C,4.7,1
CCCCC[C@H]1C[C@@]2(C)C(CC[C@@H]2O)C2CCC3=CC(=O)CCC3=C21,0.009,1
CCCCc1ccc(C(=O)N2C[C@@H]3C[C@H]2[C@@H]2C(=O)N(c4ccc([N+](=O)[O-])cc4)C(=O)N32)cc1,4750.0,0
O=C1[C@H]2[C@@H]3C[C@@H](CN3C(=O)Oc3ccc(F)cc3)N2C(=O)N1c1ccc([N+](=O)[O-])c2ccccc12,30000.0,0
N#Cc1ccc(N2C(=O)[C@H]3[C@@H]4C[C@@H](CN4C(=O)c4ccccc4)N3C2=O)cc1C(F)(F)F,2600.0,0
CC(C)(C)OC(=O)N1C[C@@H]2C[C@H]1[C@]1(C)C(=O)N(c3ccc(C#N)c(C(F)(F)F)c3)C(=O)N21,10400.0,0
CC(C)(C)OC(=O)N1C[C@@H]2C[C@H]1[C@H]1C(=O)N(c3ccc(C#N)c(C(F)(F)F)c3)C(=O)N21,5000.0,0
CCCCc1ccc(C(=O)N2C[C@@H]3C[C@H]2[C@@H]2C(=O)N(c4ccc(C#N)c(C(F)(F)F)c4)C(=O)N32)cc1,33700.0,0
CC(C)(C)OC(=O)N1C[C@@H]2C[C@H]1[C@@H]1C(=O)N(c3ccc([N+](=O)[O-])c4ccccc34)C(=O)N21,4430.0,0
CCCCc1ccc(C(=O)N2C[C@@H]3C[C@H]2[C@@H]2C(=O)N(c4ccc(C#N)cc4)C(=O)N32)cc1,6800.0,0
O=C1[C@@H]2[C@@H]3CC[C@@H](C3)[C@@H]2C(=O)N1c1ccc([N+](=O)[O-])c(C(F)(F)F)c1,5000.0,0
N#Cc1ccc(N2C(=O)[C@H]3[C@@H]4C[C@@H](CN4C(=O)Oc4ccc(F)cc4)N3C2=O)cc1C(F)(F)F,3920.0,0
N#Cc1ccc(N2C(=O)[C@H]3[C@@H]4C[C@@H](CN4C(=O)Oc4ccc(F)cc4)N3C2=O)c2ccccc12,1870.0,0
CC(C)(C)OC(=O)N1C[C@@H]2C[C@H]1[C@@H]1C(=O)N(c3ccc(C#N)c(C(F)(F)F)c3)C(=O)N21,4380.0,0
O=C1[C@H]2[C@@H]3C[C@@H](CN3C(=O)c3ccccc3)N2C(=O)N1c1ccc([N+](=O)[O-])cc1,5000.0,0
CC(C)(C)OC(=O)N1C[C@H]2C[C@@H]1[C@H]1C(=O)N(c3ccc(C#N)c(C(F)(F)F)c3)C(=O)N21,5000.0,0
O=C1[C@H]2[C@H]3CC[C@H](C3)N2C(=O)N1c1ccc([N+](=O)[O-])c2ccccc12,5000.0,0
CC(C)(C)OC(=O)N1C[C@@H]2C[C@H]1[C@H]1C(=O)N(c3ccc(C#N)cc3)C(=O)N21,5000.0,0
CC(C)(C)OC(=O)N1C[C@@H]2C[C@H]1[C@H]1C(=O)N(c3ccc([N+](=O)[O-])c4ccccc34)C(=O)N21,5860.0,0
CC(C)(C)OC(=O)N1C[C@@H]2C[C@H]1[C@@H]1C(=O)N(c3ccc(C#N)cc3)C(=O)N21,4970.0,0
CC(C)(C)OC(=O)N1C[C@H]2C[C@@H]1[C@H]1C(=O)N(c3ccc([N+](=O)[O-])cc3)C(=O)N21,2390.0,0
CC#C[C@]1(O)CC[C@H]2[C@@H]3CCC4=CC(=O)CC[C@]4(Cc4ccc(C)cc4)C3=CC[C@@]21C,6500.0,0
Cc1c(NS(C)(=O)=O)cccc1N(Cc1ccc(Oc2ccc(Cl)c(OCC(=O)O)c2)cc1)Cc1ccc(F)cc1F,3600.0,0
Cc1c(NS(C)(=O)=O)cccc1N(Cc1ccccc1)Cc1ccc(Oc2ccc(OCC(=O)O)cc2)cc1,11700.0,0
O=C1CC(c2ccccc2)Oc2ccc(O)cc21,3300.0,0
CC(=O)S[C@@H]1CC2=CC(=O)CC[C@]2(C)[C@H]2CC[C@@]3(C)[C@@H](CC[C@@]34CCC(=O)O4)[C@H]12,48.0,1
CCC(CC)(c1ccc(OCC(=O)C(C)(C)C)c(C)c1)c1ccc(OCC(=O)C(C)(C)C)c(C)c1,10000.0,0
CCC(CC)(c1ccc(OCC(O)CO)c(C)c1)c1ccc(OCC(O)C(C)(C)C)c(C)c1,10000.0,0
Cc1ncccc1NC(=O)N1C[C@H](C)N(c2ccc(C#N)c(C(F)(F)F)c2)C[C@H]1C,680.0,1
COc1ncccc1NC(=O)N1C[C@H](C)N(c2ccc(C#N)c(C(F)(F)F)c2)C[C@H]1C,190.0,1
COc1ccncc1NC(=O)N1C[C@H](C)N(c2ccc(C#N)c(C(F)(F)F)c2)C[C@H]1C,1200.0,0
COc1cncc(NC(=O)N2C[C@H](C)N(c3ccc(C#N)c(C(F)(F)F)c3)C[C@H]2C)c1,440.0,1
C[C@@H]1CN(c2ccc(C#N)c(C(F)(F)F)c2)[C@@H](C)CN1C(=O)Nc1cncnc1,1000.0,0
COc1ccc(NC(=O)N2C[C@H](C)N(c3ccc(C#N)c(C(F)(F)F)c3)C[C@H]2C)cn1,170.0,1
CSc1ccc(NC(=O)N2C[C@H](C)N(c3ccc(C#N)c(C(F)(F)F)c3)C[C@H]2C)cn1,220.0,1
C[C@@H]1CN(c2ccc(C#N)c(C(F)(F)F)c2)[C@@H](C)CN1C(=O)Nc1ccc(C#N)nc1,200.0,1
C[C@@H]1CN(c2ccc(C#N)c(C(F)(F)F)c2)[C@@H](C)CN1C(=O)Nc1ccc(O)nc1,10000.0,0
CC1CN(c2ccc(C#N)c(C(F)(F)F)c2)C(C)CN1C(=O)Nc1ccc(C(F)(F)F)nc1,210.0,1
C[C@@H]1CN(c2ccc(C#N)c(C(F)(F)F)c2)[C@@H](C)CN1C(=O)Nc1ccc(N)nc1,370.0,1
C[C@@H]1CN(c2ccc(C#N)c(C(F)(F)F)c2)[C@@H](C)CN1C(=O)Nc1ccc(Cl)nc1,730.0,1
COC(=O)c1ccc(NC(=O)N2C[C@H](C)N(c3ccc(C#N)c(C(F)(F)F)c3)C[C@H]2C)cn1,470.0,1
CC(=O)c1ccc(NC(=O)N2C[C@H](C)N(c3ccc(C#N)c(C(F)(F)F)c3)C[C@H]2C)cn1,500.0,1
C[C@@H]1CN(c2ccc(C#N)c(C(F)(F)F)c2)[C@@H](C)CN1C(=O)Nc1cccnc1,120.0,1
C[C@@H]1CN(c2ccc(C#N)c(C(F)(F)F)c2)[C@@H](C)CN1C(=O)Nc1ccncc1,140.0,1
C[C@@H]1CN(c2ccc(C#N)c(C(F)(F)F)c2)[C@@H](C)CN1C(=O)Nc1ccc(F)cc1F,200.0,1
C[C@@H]1CN(c2ccc(C#N)c(C(F)(F)F)c2)[C@@H](C)CN1C(=O)Nc1ccc[n+]([O-])c1,10000.0,0
C[C@@H]1CN(c2ccc(C#N)c(C(F)(F)F)c2)[C@@H](C)CN1C(=O)Nc1ccccn1,7800.0,0
C[C@@H]1CN(c2ccc(C#N)c(C(F)(F)F)c2)[C@@H](C)CN1C(=O)Nc1ncccn1,10000.0,0
C[C@@H]1CN(c2ccc(C#N)c(C(F)(F)F)c2)[C@@H](C)CN1C(=O)Nc1ccncn1,4600.0,0
C[C@@H]1CN(c2ccc(C#N)c(C(F)(F)F)c2)[C@@H](C)CN1C(=O)Nc1ccc(C(F)(F)F)nc1,110.0,1
C[C@@H]1CN(C(=O)Nc2ccc(C(F)(F)F)nc2)[C@@H](C)CN1c1ccc(C#N)c(C(F)(F)F)c1,1300.0,0
Cc1ccncc1NC(=O)N1C[C@H](C)N(c2ccc(C#N)c(C(F)(F)F)c2)C[C@H]1C,330.0,1
Cc1cncc(NC(=O)N2C[C@H](C)N(c3ccc(C#N)c(C(F)(F)F)c3)C[C@H]2C)c1,250.0,1
Cc1ccc(NC(=O)N2C[C@H](C)N(c3ccc(C#N)c(C(F)(F)F)c3)C[C@H]2C)cn1,130.0,1
C[C@]12CCC3C(CC=C4C[C@@H](O)CC[C@@]43/C=C/Cl)C1CC[C@@H]2O,1436.0,0
C=C[C@]12CC[C@H](O)CC1=CCC1C2CC[C@@]2(C)C1CC[C@@H]2O,33.0,1
C[C@]12CCC3C(CC=C4C[C@@H](O)CC[C@@]43/C=C/F)C1CC[C@@H]2O,85.0,1
C[C@]12CCC3C(CC=C4C[C@@H](O)CC[C@@]43/C=C\Cl)C1CC[C@@H]2O,172.0,1
C[C@]12CCC3C(CC=C4C[C@@H](O)CC[C@@]43/C=C\F)C1CC[C@@H]2O,11.0,1
C/C=C/[C@]12CC[C@H](O)CC1=CCC1C2CC[C@@]2(C)C1CC[C@@H]2O,843.0,1
CC/C=C\[C@]12CC[C@H](O)CC1=CCC1C2CC[C@@]2(C)C1CC[C@@H]2O,3767.0,0
C#C[C@]12CC[C@H](O)CC1=CCC1C2CC[C@@]2(C)C1CC[C@@H]2O,1761.0,0
CC#C[C@]12CC[C@H](O)CC1=CCC1C2CC[C@@]2(C)C1CC[C@@H]2O,3733.0,0
C[C@]12CCC3C(CC=C4C[C@@H](O)CC[C@@]43CC=O)C1CC[C@@H]2O,5000.0,0
C=CC[C@]12CC[C@H](O)CC1=CCC1C2CC[C@@]2(C)C1CC[C@@H]2O,1768.0,0
CC[C@]12CC[C@H](O)CC1=CCC1C2CC[C@@]2(C)C1CC[C@@H]2O,33.0,1
CCC[C@]12CC[C@H](O)CC1=CCC1C2CC[C@@]2(C)C1CC[C@@H]2O,1769.0,0
CO/C=C\[C@]12CC[C@H](O)CC1=CCC1C2CC[C@@]2(C)C1CC[C@@H]2O,1402.0,0
CO/C=C/[C@]12CC[C@H](O)CC1=CCC1C2CC[C@@]2(C)C1CC[C@@H]2O,4617.0,0
C/C=C\[C@]12CC[C@H](O)CC1=CCC1C2CC[C@@]2(C)C1CC[C@@H]2O,718.0,1
C[C@]12CCC3C(CC=C4C[C@@H](O)CC[C@@]43CO)C1CC[C@@H]2O,5000.0,0
C[C@]12CCC3C(CC=C4C[C@@H](O)CC[C@@]43C=O)C1CC[C@@H]2O,5000.0,0
C=C[C@]12CC[C@H](O)CC1=CCC1C2CC[C@@]2(C)C1CC[C@]2(C)O,169.0,1
C#C[C@]1(O)CCC2C3CC=C4C[C@@H](O)CC[C@]4(C=C)C3CC[C@@]21C,287.0,1
C[C@]12CCC3C(CC=C4C[C@@H](O)CC[C@@]43/C=C\Br)C1CC[C@@H]2O,20.0,1
C[C@]12CCC3C(CC=C4C[C@@H](O)CC[C@@]43/C=C/Br)C1CC[C@@H]2O,120.0,1
C=C[C@]12CCC(=O)C=C1CCC1C2CC[C@@]2(C)C1CC[C@@H]2O,7.9,1
C#CC[C@]12CC[C@H](O)CC1=CCC1C2CC[C@@]2(C)C1CC[C@@H]2O,1717.0,0
Oc1nnc(Cc2ccccc2Cl)c2ccccc12,860.0,1
CN(C)c1ccc2nc(O)cc(C(F)(F)F)c2c1,34.0,1
CCN(CC)c1ccc2nc(O)cc(C(F)(F)F)c2c1,5500.0,0
O=c1cc(C(F)(F)F)c2cc(N(CC(F)(F)F)CC(F)(F)F)ccc2[nH]1,10000.0,0
CCCCN(CCCC)c1ccc2nc(O)cc(C(F)(F)F)c2c1,29.5,1
CCN(c1ccc2nc(O)cc(C(F)(F)F)c2c1)C(C)C,10000.0,0
Oc1cc(C(F)(F)F)c2cc(N(CC3CC3)CC3CC3)ccc2n1,10000.0,0
Nc1ccc2nc(O)cc(C(F)(F)F)c2c1,26.0,1
CCCNc1ccc2nc(O)cc(C(F)(F)F)c2c1,27.5,1
CCN(CC(F)(F)F)c1ccc2nc(O)cc(C(F)(F)F)c2c1,10000.0,0
CC(C)Nc1ccc2nc(O)cc(C(F)(F)F)c2c1,16.5,1
Oc1cc(C(F)(F)F)c2cc(N(CC3CC3)CC(F)(F)F)ccc2n1,10000.0,0
C[C@]12CC[C@H]3[C@@H](CCC4=CC(=O)CC[C@@]43C)[C@@H]1CC[C@@H]2O,2.7,1
BrCC(Br)C1CCC(Br)C(Br)C1,42.7,1
CCN[C@H]1C[C@H](C)S(=O)(=O)c2sc(S(N)(=O)=O)cc21,65.0,1
CC(C)N(C)C(=O)CCCCCCCC1C[C@H]2CC(=O)CC[C@]2(C)[C@H]2CC[C@]3(C)[C@@H](O)CC[C@H]3[C@H]12,430.0,1
CCN(C)C(=O)CCCCCCCC1C[C@H]2CC(=O)CC[C@]2(C)[C@H]2CC[C@]3(C)[C@@H](O)CC[C@H]3[C@H]12,660.0,1
CN(C)C(=O)CCCCCCCC1C[C@H]2CC(=O)CC[C@]2(C)[C@H]2CC[C@]3(C)[C@@H](O)CC[C@H]3[C@H]12,260.0,1
CCN(CC)C(=O)CCCCCCCC1C[C@H]2CC(=O)CC[C@]2(C)[C@H]2CC[C@]3(C)[C@@H](O)CC[C@H]3[C@H]12,300.0,1
C[C@]12CCC(=O)C[C@@H]1CC(CCCCCCCC(=O)N1CCOCC1)[C@@H]1[C@@H]2CC[C@]2(C)[C@@H](O)CC[C@@H]12,1300.0,0
C[C@]12CCC(=O)C[C@@H]1CC(CCCCCCCC(=O)N1CCCC1)[C@@H]1[C@@H]2CC[C@]2(C)[C@@H](O)CC[C@@H]12,350.0,1
C[C@]12CCC(=O)C[C@@H]1CC(CCCCCCCC(=O)N1CCCCC1)[C@@H]1[C@@H]2CC[C@]2(C)[C@@H](O)CC[C@@H]12,490.0,1
C[C@]12CCC(=O)C[C@@H]1CC(CCCCCCCC(N)=O)[C@@H]1[C@@H]2CC[C@]2(C)[C@@H](O)CC[C@@H]12,450.0,1
CNC(=O)CCCCCCCC1C[C@H]2CC(=O)CC[C@]2(C)[C@H]2CC[C@]3(C)[C@@H](O)CC[C@H]3[C@H]12,710.0,1
CCNC(=O)CCCCCCCC1C[C@H]2CC(=O)CC[C@]2(C)[C@H]2CC[C@]3(C)[C@@H](O)CC[C@H]3[C@H]12,1500.0,0
CCCNC(=O)CCCCCCCC1C[C@H]2CC(=O)CC[C@]2(C)[C@H]2CC[C@]3(C)[C@@H](O)CC[C@H]3[C@H]12,1800.0,0
CCCCNC(=O)CCCCCCCC1C[C@H]2CC(=O)CC[C@]2(C)[C@H]2CC[C@]3(C)[C@@H](O)CC[C@H]3[C@H]12,6300.0,0
C[C@]12CC[C@H]3[C@@H]([C@H](CCCCC[S+]([O-])CCCC(F)(F)C(F)(F)F)CC4CC(=O)CC[C@@]43C)[C@@H]1CC[C@@H]2O,10000.0,0
C[C@]12CC[C@H]3[C@@H]([C@H](CCCCCCC[S+]([O-])CCCC(F)(F)C(F)(F)F)CC4CC(=O)CC[C@@]43C)[C@@H]1CC[C@@H]2O,10000.0,0
C[C@]12CC[C@H]3[C@@H]([C@H](CCCCCCCCC[S+]([O-])CCCC(F)(F)C(F)(F)F)CC4CC(=O)CC[C@@]43C)[C@@H]1CC[C@@H]2O,2900.0,0
C[C@]12CC[C@H]3[C@@H]([C@H](CCCCCCCCCCC[S+]([O-])CCCC(F)(F)C(F)(F)F)CC4CC(=O)CC[C@@]43C)[C@@H]1CC[C@@H]2O,10000.0,0
CCCCCCNC(=O)CCCCCCCC1C[C@H]2CC(=O)CC[C@]2(C)[C@H]2CC[C@]3(C)[C@@H](O)CC[C@H]3[C@H]12,6600.0,0
C[C@]12CC[C@H]3[C@@H]([C@H](CCCCCCCCCCCCC[S+]([O-])CCCC(F)(F)C(F)(F)F)CC4CC(=O)CC[C@@]43C)[C@@H]1CC[C@@H]2O,10000.0,0
CCCCN(C)C(=O)CCCCCCC[C@@H]1CC2CC(=O)CC[C@]2(C)[C@H]2CC[C@]3(C)[C@@H](O)CC[C@H]3[C@H]12,340.0,1
CN(C)C(=O)CCCCCCC1C[C@H]2CC(=O)CC[C@]2(C)[C@H]2CC[C@]3(C)[C@@H](O)CC[C@H]3[C@H]12,200.0,1
CCCCN(C)C(=O)CCCCCCCC[C@@H]1CC2CC(=O)CC[C@]2(C)[C@H]2CC[C@]3(C)[C@@H](O)CC[C@H]3[C@H]12,3400.0,0
CCN(CC)C(=O)CCCCCCC1C[C@H]2CC(=O)CC[C@]2(C)[C@H]2CC[C@]3(C)[C@@H](O)CC[C@H]3[C@H]12,530.0,1
CCCCN(C)C(=O)CCCCCCCCC[C@@H]1CC2CC(=O)CC[C@]2(C)[C@H]2CC[C@]3(C)[C@@H](O)CC[C@H]3[C@H]12,1800.0,0
CCCCN(C)C(=O)CCCCCCCCCC[C@@H]1CC2CC(=O)CC[C@]2(C)[C@H]2CC[C@]3(C)[C@@H](O)CC[C@H]3[C@H]12,1900.0,0
CCCCN(C)C(=O)CCCCCCCCCCC[C@@H]1CC2CC(=O)CC[C@]2(C)[C@H]2CC[C@]3(C)[C@@H](O)CC[C@H]3[C@H]12,9900.0,0
CN(Cc1ccccc1)C(=O)CCCCCCCC1C[C@H]2CC(=O)CC[C@]2(C)[C@H]2CC[C@]3(C)[C@@H](O)CC[C@H]3[C@H]12,1600.0,0
CCCCCCN(CCCCCC)C(=O)CCCCCCCC1C[C@H]2CC(=O)CC[C@]2(C)[C@H]2CC[C@]3(C)[C@@H](O)CC[C@H]3[C@H]12,10000.0,0
CCCCN(C)C(=O)CCCCCCCC1C[C@H]2CC(=O)CC[C@]2(C)[C@H]2CC[C@]3(C)[C@@H](O)CC[C@H]3[C@H]12,340.0,1
CCCN(C)C(=O)CCCCCCCC1C[C@H]2CC(=O)CC[C@]2(C)[C@H]2CC[C@]3(C)[C@@H](O)CC[C@H]3[C@H]12,1100.0,0
C[C@]1(O)CC[C@H]2[C@@H]3CCC4=CC(=O)CC[C@]4(C)[C@@]3(F)[C@@H](O)C[C@@]21C,10000.0,0
CCC1CCNc2cc3[nH]c(=O)cc(C(F)(F)F)c3cc21,7481.0,0
O=c1cc(C(F)(F)F)c2cc3c(cc2[nH]1)OCCN3,296.0,1
CN1CCOc2cc3[nH]c(=O)cc(C(F)(F)F)c3cc21,10000.0,0
CCN1CCOc2cc3[nH]c(=O)cc(C(F)(F)F)c3cc21,10000.0,0
CCCN1CCOc2cc3[nH]c(=O)cc(C(F)(F)F)c3cc21,10000.0,0
CC(C)(C)N1CCOc2cc3[nH]c(=O)cc(C(F)(F)F)c3cc21,10000.0,0
O=c1cc(C(F)(F)F)c2cc3c(cc2[nH]1)OCCN3CC(F)(F)F,10000.0,0
O=c1cc(C(F)(F)F)c2cc3c(cc2[nH]1)OCCN3CC1CC1,10000.0,0
O=c1cc(C(F)(F)F)c2cc3c(cc2[nH]1)OCCN3Cc1ccccc1,224.0,1
CC1CN(CC(F)(F)F)c2cc3c(C(F)(F)F)cc(=O)[nH]c3cc2O1,10000.0,0
CCC1CN(C)c2cc3c(C(F)(F)F)cc(=O)[nH]c3cc2O1,67.0,1
CCC1CN(CC)c2cc3c(C(F)(F)F)cc(=O)[nH]c3cc2O1,10000.0,0
CCC1CN(CC(F)(F)F)c2cc3c(C(F)(F)F)cc(=O)[nH]c3cc2O1,10000.0,0
C[C@@H]1COc2cc3[nH]c(=O)cc(C(F)(F)F)c3cc2N1CC(F)(F)F,5035.0,0
O=c1cc(C(F)(F)F)c2cc(N3CCCC3)ccc2[nH]1,25.0,1
CC1CCCN1c1ccc2[nH]c(=O)cc(C(F)(F)F)c2c1,10000.0,0
C[C@@H]1CC[C@H](C)N1c1ccc2[nH]c(=O)cc(C(F)(F)F)c2c1,10000.0,0
C[C@@H]1CC[C@@H](C)N1c1ccc2[nH]c(=O)cc(C(F)(F)F)c2c1,10000.0,0
C[C@@H]1CC[C@H](CO)N1c1ccc2[nH]c(=O)cc(C(F)(F)F)c2c1,10000.0,0
C[C@@H]1CC[C@H](CCl)N1c1ccc2[nH]c(=O)cc(C(F)(F)F)c2c1,10000.0,0
CCCN(CCC)c1ccc2[nH]c(=O)cc(C(F)(F)F)c2c1,10000.0,0
O=c1cc(C(F)(F)F)c2cc(N(CC(F)F)CC(F)F)ccc2[nH]1,10000.0,0
O=c1cc(C(F)(F)F)c2cc(N(CC(F)F)CC(F)(F)Cl)ccc2[nH]1,10000.0,0
CN(CC(F)(F)F)c1ccc2[nH]c(=O)cc(C(F)(F)F)c2c1,10000.0,0
CCCN(CC(F)(F)F)c1ccc2[nH]c(=O)cc(C(F)(F)F)c2c1,10000.0,0
CCCCN(CC(F)(F)F)c1ccc2[nH]c(=O)cc(C(F)(F)F)c2c1,10000.0,0
CC(C)N(CC(F)(F)F)c1ccc2[nH]c(=O)cc(C(F)(F)F)c2c1,10000.0,0
CC(C)(C)CN(CC(F)(F)F)c1ccc2[nH]c(=O)cc(C(F)(F)F)c2c1,10000.0,0
CC(C)(C)CCN(CC(F)(F)F)c1ccc2[nH]c(=O)cc(C(F)(F)F)c2c1,10000.0,0
CCC(C)N(CC(F)(F)F)c1ccc2[nH]c(=O)cc(C(F)(F)F)c2c1,10000.0,0
O=c1cc(C(F)(F)F)c2cc(N(CC(F)F)CC(F)(F)F)ccc2[nH]1,10000.0,0
O=c1cc(C(F)(F)F)c2cc(N(CCCl)CC(F)(F)F)ccc2[nH]1,10000.0,0
O=c1cc(C(F)(F)F)c2cc(N(CC(Cl)Cl)CC(F)(F)F)ccc2[nH]1,10000.0,0
O=c1cc(C(F)(F)F)c2cc(N(CCC(F)(F)F)CC(F)(F)F)ccc2[nH]1,10000.0,0
O=c1cc(C(F)(F)F)c2cc(N(CC(F)(F)F)CC(F)(F)C(F)(F)F)ccc2[nH]1,10000.0,0
O=c1cc(C(F)(F)F)c2cc(N(CCO)CC(F)(F)F)ccc2[nH]1,10000.0,0
O=c1ccc2cc(N(CC(F)(F)F)CC(F)(F)F)ccc2[nH]1,1.0,1
Cc1cc(=O)[nH]c2ccc(N(CC(F)(F)F)CC(F)(F)F)cc12,10000.0,0
CCc1cc(=O)[nH]c2ccc(N(CC(F)(F)F)CC(F)(F)F)cc12,10000.0,0
CCCc1cc(=O)[nH]c2ccc(N(CC(F)(F)F)CC(F)(F)F)cc12,5018.0,0
CC(C)c1cc(=O)[nH]c2ccc(N(CC(F)(F)F)CC(F)(F)F)cc12,2.0,1
O=c1cc(C(F)F)c2cc(N(CC(F)(F)F)CC(F)(F)F)ccc2[nH]1,10000.0,0
O=c1cc(Cl)c2cc(N(CC(F)(F)F)CC(F)(F)F)ccc2[nH]1,10000.0,0
O=c1cc(Br)c2cc(N(CC(F)(F)F)CC(F)(F)F)ccc2[nH]1,10000.0,0
COc1cc(=O)[nH]c2ccc(N(CC(F)(F)F)CC(F)(F)F)cc12,15.0,1
O=c1cc(O)c2cc(N(CC(F)(F)F)CC(F)(F)F)ccc2[nH]1,7.0,1
C[C@@H](N(CC(F)(F)F)c1ccc2[nH]c(=O)cc(C(F)(F)F)c2c1)C(F)(F)F,10000.0,0
C[C@H](N(CC(F)(F)F)c1ccc2[nH]c(=O)cc(C(F)(F)F)c2c1)C(F)(F)F,20.0,1
C[C@H](CCl)N(CC(F)(F)F)c1ccc2[nH]c(=O)cc(C(F)(F)F)c2c1,10000.0,0
C[C@@H](CCl)N(CC(F)(F)F)c1ccc2[nH]c(=O)cc(C(F)(F)F)c2c1,10000.0,0
Cc1cc(=O)[nH]c2ccc(N(CC(C)C)CC(F)(F)F)cc12,10000.0,0
C[C@]12CCC(=O)C[C@@H]1C[C@@H](CCCCCCCCC(CCCC(F)(F)C(F)(F)F)C(=O)O)[C@@H]1[C@@H]2CC[C@]2(C)[C@@H](O)CC[C@@H]12,10000.0,0
C[C@]12CCC(=O)C[C@@H]1C[C@@H](CCCCCCCCCC(=O)O)[C@@H]1[C@@H]2CC[C@]2(C)[C@@H](O)CC[C@@H]12,920.0,1
C[C@]12CCC(=O)C[C@@H]1C[C@@H](CCCCCCCC(=O)O)[C@@H]1[C@@H]2CC[C@]2(C)[C@@H](O)CC[C@@H]12,730.0,1
CN(C)C(=O)CCCCCCC[C@@H]1C[C@H]2CC(=O)CC[C@]2(C)[C@H]2CC[C@]3(C)[C@@H](O)CC[C@H]3[C@H]12,260.0,1
C[C@]12CCC(=O)C=C1C[C@@H](CCCCCCCCCC(=O)O)[C@@H]1[C@@H]2CC[C@@]2(C)[C@H]1CC[C@]2(C)O,2000.0,0
C[C@]12CCC(=O)C=C1C[C@@H](CCCc1ccc(OCCC(=O)O)cc1)[C@@H]1[C@@H]2CC[C@@]2(C)[C@H]1CC[C@]2(C)O,300.0,1
C[C@]12CCC(=O)C=C1C[C@@H](CCCc1ccc(OCCCC(=O)O)cc1)[C@@H]1[C@@H]2CC[C@@]2(C)[C@H]1CC[C@]2(C)O,660.0,1
C[C@]12CCC(=O)C=C1C[C@@H](CCCc1ccc(OCCCCC(=O)O)cc1)[C@@H]1[C@@H]2CC[C@@]2(C)[C@H]1CC[C@]2(C)O,660.0,1
C[C@]12CCC(=O)C=C1C[C@@H](CCCc1cccc(OCCCC(=O)O)c1)[C@@H]1[C@@H]2CC[C@@]2(C)[C@H]1CC[C@]2(C)O,5800.0,0
C[C@]12CCC(=O)C=C1C[C@@H](CCCCc1ccc(OCCCC(=O)O)cc1)[C@@H]1[C@@H]2CC[C@@]2(C)[C@H]1CC[C@]2(C)O,850.0,1
C[C@]12CCC(=O)C=C1C[C@@H](CCCCc1ccc(OCCCCC(=O)O)cc1)[C@@H]1[C@@H]2CC[C@@]2(C)[C@H]1CC[C@]2(C)O,250.0,1
C[C@]12CCC(=O)C=C1C[C@@H](CCCCc1ccc(OCCCCCC(=O)O)cc1)[C@@H]1[C@@H]2CC[C@@]2(C)[C@H]1CC[C@]2(C)O,420.0,1
C[C@]12CCC(=O)C=C1C[C@@H](CCCCc1cccc(OCCCC(=O)O)c1)[C@@H]1[C@@H]2CC[C@@]2(C)[C@H]1CC[C@]2(C)O,920.0,1
C[C@]12CCC(=O)C=C1C[C@@H](CCCCc1cccc(OCCCCC(=O)O)c1)[C@@H]1[C@@H]2CC[C@@]2(C)[C@H]1CC[C@]2(C)O,350.0,1
C[C@]12CCC(=O)C=C1C[C@@H](CCCCc1cccc(OCCCCCC(=O)O)c1)[C@@H]1[C@@H]2CC[C@@]2(C)[C@H]1CC[C@]2(C)O,530.0,1
COc1ccccc1-c1ccc(C#N)c(C(F)(F)F)c1,37.0,1
COc1cccc(-c2ccc(C#N)c(C(F)(F)F)c2)c1,955.0,1
COc1ccc(-c2ccc(C#N)c(C(F)(F)F)c2)cc1,56.7,1
N#Cc1ccc(-c2ccccc2O)cc1C(F)(F)F,0.02,1
N#Cc1ccc(-c2ccc(O)cc2)cc1C(F)(F)F,61.2,1
Cc1ccccc1-c1ccc(C#N)c(C(F)(F)F)c1,1000.0,0
Cc1ccc(-c2ccc(C#N)c(C(F)(F)F)c2)cc1,843.0,1
N#Cc1ccc(-c2ccccc2C(F)(F)F)cc1C(F)(F)F,10.9,1
COc1cccc(OC)c1-c1ccc(C#N)c(C(F)(F)F)c1,399.0,1
Cn1c(C#N)ccc1-c1ccc2[nH]c(=S)n(C3CCCC3)c2c1,1000.0,0
O=C(CSc1nc(O)c2ccccc2n1)c1ccc(O)c(O)c1,50000.0,0
CCCN(CCC)c1cc(C(F)(F)F)c(C#N)cn1,1000.0,0
CCCN(CC1CC1)c1cc(C(F)(F)F)c(C#N)cn1,1000.0,0
CCC(C)N(C)c1cc(C(F)(F)F)c(C#N)cn1,1000.0,0
CCCCN(C)c1cc(C(F)(F)F)c(C#N)cn1,1000.0,0
N#Cc1cnc(N2CCCCC2)cc1C(F)(F)F,422.0,1
CC1CCN(c2cc(C(F)(F)F)c(C#N)cn2)CC1,136.0,1
N#Cc1cnc(N2CCC3CCCCC3C2)cc1C(F)(F)F,260.0,1
CC(c1ccccc1)N(C)c1cc(C(F)(F)F)c(C#N)cn1,229.0,1
C[C@H](c1ccccc1)N(C)c1cc(C(F)(F)F)c(C#N)cn1,20.0,1
C[C@@H]1COc2c(ccc3[nH]c(=O)cc(C(F)(F)F)c23)N1CC(F)(F)F,10000.0,0
O=c1cc(C(F)(F)F)c2c3c(ccc2[nH]1)NCCO3,1500.0,0
C[C@@H]1COc2c(ccc3[nH]c(=O)cc(C(F)(F)F)c23)N1,72.0,1
CC[C@@H]1COc2c(ccc3[nH]c(=O)cc(C(F)(F)F)c23)N1,84.0,1
O=c1cc(C(F)(F)F)c2c3c(ccc2[nH]1)N[C@H](c1ccccc1)CO3,1480.0,0
CCC[C@@H]1COc2c(ccc3[nH]c(=O)cc(C(F)(F)F)c23)N1,113.0,1
CC[C@@H]1COc2c(ccc3[nH]c(=O)cc(C(F)(F)F)c23)N1CC,10000.0,0
CC[C@@H]1COc2c(ccc3[nH]c(=O)cc(C(F)(F)F)c23)N1CC(F)(F)F,10000.0,0
C=CCN1c2ccc3[nH]c(=O)cc(C(F)(F)F)c3c2OC[C@H]1CC,10000.0,0
CCCN1c2ccc3[nH]c(=O)cc(C(F)(F)F)c3c2OC[C@H]1CC,10000.0,0
CC[C@@H]1COc2c(ccc3[nH]c(=O)cc(C(F)(F)F)c23)N1CC(C)C,10000.0,0
CC[C@@H]1COc2c(ccc3[nH]c(=O)cc(C(F)(F)F)c23)N1CC(C)(C)O,10000.0,0
CCN1c2ccc3[nH]c(=O)cc(C(F)(F)F)c3c2OC[C@H]1C(C)C,10000.0,0
CC(C)[C@@H]1COc2c(ccc3[nH]c(=O)cc(C(F)(F)F)c23)N1CC(F)(F)F,10000.0,0
C=CCN1c2ccc3[nH]c(=O)cc(C(F)(F)F)c3c2OC[C@H]1C(C)C,10000.0,0
O=c1cc(C(F)(F)F)c2c3c(ccc2[nH]1)N(CC(F)(F)F)[C@H](Cc1ccccc1)CO3,10000.0,0
O=c1cc(C(F)(F)F)c2c3c(ccc2[nH]1)N(CC(F)(F)F)[C@H](c1ccccc1)CO3,65.0,1
O=c1cc(C(F)(F)F)c2c3c(ccc2[nH]1)N(CC1CC1)[C@H](c1ccccc1)CO3,45.0,1
O=c1cc(C(F)(F)F)c2c3c(ccc2[nH]1)N(CC1CC1)[C@@H](c1ccccc1)CO3,10000.0,0
O=c1cc(C(F)(F)F)c2c3c(ccc2[nH]1)N(CC1CC1)C(c1ccccc1)CO3,10000.0,0
N#Cc1ccc(OC2CCCCC2C#N)cc1C(F)(F)F,58.0,1
N#Cc1ccc(O[C@@H]2CCCC[C@H]2C#N)cc1C(F)(F)F,12.0,1
N#Cc1ccc(O[C@H]2CCCC[C@@H]2C#N)cc1C(F)(F)F,196.0,1
C/C=C1/C(=O)C[C@H]2[C@@H]3CCC4=CC(=O)CC[C@]4(C)[C@H]3CC[C@]12C,220.0,1
COc1cccc2c1-c1ccc3[nH]c(=O)cc(C(F)(F)F)c3c1OC2,78.0,1
O=c1cc(C(F)(F)F)c2c3c(ccc2[nH]1)-c1ccccc1CO3,40.0,1
O=c1cc(C(F)(F)F)c2c(ccc3c2oc(=O)c2cccc(O)c23)[nH]1,22.0,1
COc1cccc2c(=O)oc3c(ccc4[nH]c(=O)cc(C(F)(F)F)c43)c12,89.0,1
O=c1cc(C(F)(F)F)c2c3c(ccc2[nH]1)-c1c(O)cccc1OC3,1.1,1
COc1cccc2c1-c1ccc3[nH]c(=O)cc(C(F)(F)F)c3c1CO2,14.0,1
C=CCC1Oc2cccc(OC)c2-c2ccc3[nH]c(=O)cc(C)c3c21,144.0,1
COc1cccc2c1-c1ccc3[nH]c(=O)cc(C)c3c1C(C)O2,62.0,1
COc1cccc2c1-c1ccc3[nH]c(=O)cc(C)c3c1C(OC)O2,19.0,1
COc1c(O)ccc2c1-c1ccc3[nH]c(=O)cc(C)c3c1CO2,1.2,1
COc1cccc2c1-c1ccc3[nH]c(=O)cc(C)c3c1C(O)O2,50.0,1
COc1cccc2c1-c1ccc3[nH]c(=O)cc(C)c3c1CO2,12.0,1
Cc1cc(=O)[nH]c2ccc3c(c12)COc1cccc(CO)c1-3,0.3,1
COc1c(OC(C)C)ccc2oc(=O)c3c(ccc4[nH]c(=O)cc(C)c43)c12,2.8,1
COc1c(C(=O)OC(F)(F)F)ccc2oc(=O)c3c(ccc4[nH]c(=O)cc(C)c43)c12,0.2,1
CCOc1ccc2oc(=O)c3c(ccc4[nH]c(=O)cc(C)c43)c2c1OC,10.0,1
COc1c(O)ccc2oc(=O)c3c(ccc4[nH]c(=O)cc(C)c43)c12,0.2,1
Cc1cc(=O)[nH]c2ccc3c4c(C(=O)OC(C)(C)C)cccc4oc(=O)c3c12,1.9,1
COc1ccc2oc(=O)c3c(ccc4[nH]c(=O)cc(C)c43)c2c1,0.8,1
COc1cccc2oc(=O)c3c(ccc4[nH]c(=O)cc(C)c43)c12,21.0,1
Cc1cc(=O)[nH]c2ccc3c4cc(F)ccc4oc(=O)c3c12,27.0,1
O=c1cc(C(F)(F)F)c2cc3c(cc2[nH]1)OC[C@@H](CF)N3CC(F)(F)F,199.0,1
CSCC1COc2cc3[nH]c(=O)cc(C(F)(F)F)c3cc2N1CC(F)(F)F,25.0,1
COC[C@H]1COc2cc3[nH]c(=O)cc(C(F)(F)F)c3cc2N1CC(F)(F)F,17.0,1
O=c1cc(C(F)(F)F)c2cc3c(cc2[nH]1)OC[C@H](CO)N3CC(F)(F)F,165.0,1
O=c1cc(C(F)(F)F)c2cc3c(cc2[nH]1)OC[C@@H](CO)N3CC(F)(F)F,60.0,1
O=c1cc(C(F)(F)F)c2cc3c(cc2[nH]1)OC[C@@H](C(F)(F)F)N3CC(F)(F)F,34.0,1
Cc1ccc([C@H]2COc3cc4[nH]c(=O)cc(C(F)(F)F)c4cc3N2CC(F)(F)F)cc1,44.0,1
Cc1cccc([C@H]2COc3cc4[nH]c(=O)cc(C(F)(F)F)c4cc3N2CC(F)(F)F)c1,574.0,1
O=c1cc(C(F)(F)F)c2cc3c(cc2[nH]1)OC[C@H](c1ccccc1)N3CC(F)(F)F,340.0,1
O=c1cc(C(F)(F)F)c2cc3c(cc2[nH]1)OC[C@@H](Cc1ccccc1)N3CC(F)(F)F,51.0,1
O=C(CN1c2ccccc2Sc2ccc(C(F)(F)F)cc21)c1cccc2ccccc12,250.595,1
COC[C@]1(OC)CC[C@H]2[C@@H]3CCC4=CC(=O)CCC4=C3[C@@H](c3ccc(/C=N/O)cc3)C[C@@]21C,7.55,1
CC12CCC(C)(O1)[C@H]1C(=O)N(c3ccc(C#N)n4nccc34)C(=O)[C@H]12,88.0,1
CC12CCC(C)(O1)[C@H]1C(=O)N(c3c(N)ccc4nccn34)C(=O)[C@H]12,70.0,1
CC12CCC(C)(O1)[C@H]1C(=O)N(c3ccc(C#N)c4nsnc34)C(=O)[C@H]12,16.0,1
COc1cc(N2C(=O)[C@@H]3[C@H](C2=O)C2(C)CCC3(C)O2)ccc1-c1cnco1,20.0,1
CC12CCC(C)(O1)[C@H]1C(=O)N(c3c(N)ccc4ncsc34)C(=O)[C@H]12,120.0,1
CC12CCC(C)(O1)[C@H]1C(=O)N(c3cnc(C#N)c(Cl)c3)C(=O)[C@H]12,38.0,1
CC12CCC(C)(O1)[C@H]1C(=O)N(c3cc(Cl)cc(Cl)c3)C(=O)[C@H]12,16.0,1
CC12CCC(C)(O1)[C@H]1C(=O)N(c3ccc([N+](=O)[O-])c(C(F)(F)F)c3)C(=O)[C@H]12,11.0,1
CC12CCC(C)(O1)[C@H]1C(=O)N(c3ccc(C#N)c(I)c3)C(=O)[C@H]12,7.0,1
CSc1cc(N2C(=O)[C@@H]3[C@H](C2=O)C2(C)CCC3(C)O2)ccc1C#N,19.0,1
CC12CCC(C)(O1)[C@H]1C(=O)N(c3ccc(C#N)c(C(F)(F)F)c3)C(=O)[C@H]12,7.0,1
CC12CCC(C)(O1)[C@H]1C(=O)N(c3cccc(C(F)(F)F)c3)C(=O)[C@H]12,36.0,1
O=C1[C@@H]2C3CCC(O3)[C@@H]2C(=O)N1c1cccc(C(F)(F)F)c1,11500.0,0
CC12CCC(O1)[C@H]1C(=O)N(c3cccc(C(F)(F)F)c3)C(=O)[C@H]12,343.0,1
N#Cc1ccc(N2C(=O)[C@@H]3C4CCC(O4)[C@@H]3C2=O)cc1C(F)(F)F,2860.0,0
O=C1[C@H]2C3CCC(C3)N2C(=O)N1c1cccc(C(F)(F)F)c1,130.0,1
CC(C)(C)OC(=O)N1CC2CC1[C@@H]1C(=O)N(c3ccc(C#N)c(C(F)(F)F)c3)C(=O)N21,774.0,1
O=C1[C@@H]2C3CCC(O3)[C@@H]2C(=O)N1c1ccc(Cl)c([N+](=O)[O-])c1,1150.0,0
O=C1[C@@H]2C3CCC(O3)[C@@H]2C(=O)N1c1ccc(Cl)c(C(F)(F)F)c1,3310.0,0
Cc1cc(N2C(=O)[C@@H]3C4CCC(O4)[C@@H]3C2=O)ccc1Cl,500.0,1
Cc1ccc(N2C(=O)[C@@H]3C4CCC(O4)[C@@H]3C2=O)cc1Cl,2290.0,0
O=C1[C@@H]2C3CCC(O3)[C@@H]2C(=O)N1c1ccc(Cl)c(Cl)c1,480.0,1
O=C1[C@@H]2C3CCC(O3)[C@@H]2C(=O)N1c1ccc(I)c(Cl)c1,350.0,1
O=C1[C@@H]2C3CCC(O3)[C@@H]2C(=O)N1c1ccc(Br)c2ccccc12,670.0,1
O=C1[C@@H]2C3CCC(O3)[C@@H]2C(=O)N1c1ccc([N+](=O)[O-])c2ccccc12,5000.0,0
CC12C[C@@H](O)C(C)(O1)[C@H]1C(=O)N(c3ccc(C#N)c(I)c3)C(=O)[C@H]12,19.0,1
CC12C[C@H](O)C(C)(O1)[C@@H]1C(=O)N(c3ccc(C#N)c(I)c3)C(=O)[C@@H]12,10.0,1
CC12CCC(C)(O1)[C@H]1C(=O)N(c3ccc([N+](=O)[O-])c4c(Br)cccc34)C(=O)[C@H]12,40.0,1
C/C=C1\C(=O)C[C@H]2[C@@H]3CCC4=CC(=O)CC[C@]4(C)[C@H]3CC[C@]12C,660.0,1
Cn1c(C#N)ccc1-c1cc(F)c2c(c1)C(C)(C)C(=O)N2,196.0,1
CC(C)OC(=O)C1=CN(C(=O)c2ccc(F)c(F)c2)CC(C)(C)c2c1[nH]c1ccccc21,10000.0,0
COc1cc(Sc2c(C)cc(C)cc2C)ccc1C#N,69.0,1
CCCSc1ccc(C#N)c(OC)c1,1000.0,0
CCCCSc1ccc(C#N)c(OC)c1,84.0,1
COc1cc(SC(C)C)ccc1C#N,29.0,1
COc1cc(SCC2CC2)ccc1C#N,169.0,1
CCCSc1ccc(C#N)c(C(F)(F)F)c1,23.0,1
CCCCSc1ccc(C#N)c(C(F)(F)F)c1,838.0,1
CC(C)Sc1ccc(C#N)c(C(F)(F)F)c1,89.0,1
N#Cc1ccc(SCC2CC2)cc1C(F)(F)F,133.0,1
N#Cc1ccc(SCC2CCC2)cc1C(F)(F)F,702.0,1
N#Cc1ccc(SC2CCC2)cc1C(F)(F)F,194.0,1
Cc1ccccc1Oc1ccc(C#N)cc1Cl,46.0,1
Cc1ccccc1Sc1ccc(C#N)cc1Cl,43.0,1
COc1cc(Oc2ccccc2C)ccc1C#N,81.0,1
COc1cc(Oc2cccc(C)c2)ccc1C#N,197.0,1
COc1cc(Oc2ccc(C)cc2)ccc1C#N,209.0,1
COc1cc(C#N)ccc1Oc1ccccc1C,115.0,1
Cc1ccccc1Oc1ccc(C#N)c(C(F)(F)F)c1,535.0,1
Cc1cccc(Oc2ccc(C#N)c(C(F)(F)F)c2)c1,1680.0,0
Cc1ccc(Oc2ccc(C#N)c(C(F)(F)F)c2)cc1,5330.0,0
Cc1ccccc1Sc1ccc(C#N)c(C(F)(F)F)c1,225.0,1
N#Cc1ccc(Sc2ccccc2F)cc1C(F)(F)F,54.0,1
COc1ccccc1Sc1ccc(C#N)c(C(F)(F)F)c1,56.0,1
COc1cc(Sc2ccccc2OC)ccc1C#N,35.0,1
COc1cc(Sc2c(C)cccc2C)ccc1C#N,43.0,1
c1ccc2nc(-c3ccncc3)ccc2c1,3230.0,0
C[C@@H]1CC[C@H]([C@@H](O)C(F)(F)F)N1c1ccc2[nH]c(=O)cc(C(F)(F)F)c2c1,10000.0,0
COc1ccc2c(c1)C(=O)CC(c1ccccc1)O2,39500.0,0
COc1ccc2c(c1)C(=O)CC(c1ccccc1OC)O2,10000.0,0
O=c1cc(-c2ccc(O)cc2)oc2cccc(O)c12,855.5699999999999,1
CC1(C)OCC(=O)Nc2ccc(-c3cc(F)cc(C#N)c3)cc21,3000.0,0
CCC1(c2ccco2)OCC(=O)Nc2ccc(-c3cc(F)cc(C#N)c3)cc21,690.0,1
N#Cc1cc(F)cc(-c2ccc3c(c2)C(c2ccco2)(c2ccco2)OCC(=O)N3)c1,3000.0,0
COc1cc(-c2ccccc2O)ccc1C#N,37.0,1
N#Cc1ccc(C2CCCCC2O)cc1C(F)(F)F,90.0,1
N#Cc1ccc([C@H]2CCCC[C@H]2O)cc1C(F)(F)F,37.0,1
COc1ccccc1CNC(=O)c1cc(C(F)(F)F)nn1-c1cccc(CNC(=O)[C@H](C)N)c1,10000.0,0
COc1ccccc1CNC(=O)c1cc(C(F)(F)F)nn1-c1csc(CNC(=O)[C@H](C)N)c1,10000.0,0
O=C1CC(c2ccccc2O)Oc2ccc(O)cc21,2730.0,0
Cc1ccccc1Oc1ccc(C#N)c(Cl)c1,57.0,1
COc1ccccc1Oc1ccc(C#N)c(C(F)(F)F)c1,83.0,1
CCc1ccccc1Oc1ccc(C#N)c(C(F)(F)F)c1,356.0,1
CCCc1ccccc1Oc1ccc(C#N)c(C(F)(F)F)c1,303.0,1
Cc1cccc(C)c1Oc1ccc(C#N)c(C(F)(F)F)c1,681.0,1
Cc1cc(C)c(Oc2ccc(C#N)c(C(F)(F)F)c2)c(C)c1,812.0,1
N#Cc1ccc(Oc2ccccc2O)cc1C(F)(F)F,97.0,1
CSc1ccccc1Oc1ccc(C#N)c(C(F)(F)F)c1,74.0,1
CCOc1ccccc1Oc1ccc(C#N)c(C(F)(F)F)c1,120.0,1
CCSc1ccccc1Oc1ccc(C#N)c(C(F)(F)F)c1,545.0,1
COc1cccc(OC)c1Oc1ccc(C#N)c(C(F)(F)F)c1,1000.0,0
COc1cc(C)ccc1Oc1ccc(C#N)c(C(F)(F)F)c1,299.0,1
COc1ccc(C)cc1Oc1ccc(C#N)c(C(F)(F)F)c1,482.0,1
COc1ccc(CO)cc1Oc1ccc(C#N)c(C(F)(F)F)c1,1000.0,0
Cc1ccc(O)c(Oc2ccc(C#N)c(C(F)(F)F)c2)c1,811.0,1
COc1cccc(F)c1Oc1ccc(C#N)c(C(F)(F)F)c1,158.0,1
CCOc1cc(C2Nc3cccc4cccc(c34)N2)ccc1O,31500.0,0
O=c1oc2cc(O)ccc2c(C(F)(F)F)c1Cc1ccccc1,6000.0,0
Cc1cccc(SCc2cc(=O)oc3cc(O)ccc23)n1,50000.0,0
COc1ccccc1/C=C/C(=O)c1ccccc1O,3500.0,0
CC1(C)C(=O)CC[C@]2(C)[C@@]3(C)c4[nH]c5ccccc5c4C[C@@H]3CC[C@@]12O,10000.0,0
CC1(C)[C@H](O)CC[C@]2(C)[C@@]3(C)c4[nH]c5ccccc5c4C[C@@H]3CC[C@@]12O,10000.0,0
CC(=O)Cc1ccc(O)cc1,418434.69,0
CCCC1=C(C(=O)OCC)[C@H](c2ccnc3ccccc23)C(C#N)=C(C)N1,730.0,1
COC(=O)[C@@H]1CC2=CC(=O)CC[C@]2(C)[C@@]23O[C@@H]2C[C@@]2(C)[C@@H](CC[C@@]24CCC(=O)O4)[C@H]13,10000.0,0
COC(=O)C1=C(C)NC(C)=C(C(=O)OC(C)(C)C)[C@@H]1c1cccc([N+](=O)[O-])c1,1270.0,0
CC1=C(C#N)[C@@H](c2ccc(F)cc2Cl)C(C(=O)OC(C)(C)C)=C(C)N1,246.0,1
CC1(C)C(=O)N(c2ccc(C#N)c(Cl)c2)C(=S)N1CCCS(N)(=O)=O,410.0,1
CNC(=O)c1ccc(N2C(=S)N(c3ccc(C#N)c(C(F)(F)F)c3)C(=O)C2(C)C)cc1F,216.0,1
CCc1cn(CCO)c(CC)c1Oc1ccc(C#N)cc1,5000.0,0
CC1(C)C(=O)N(c2ccc(C#N)c(C(F)(F)F)c2)C(=S)N1c1ccccc1,100.0,1
CNC(=O)Cn1cc(C2CC2)c(Oc2ccc(C#N)cc2)c1C1CC1,10000.0,0
CC1(C)CN(Cc2ccccc2)C(=O)[C@@H]1Oc1ccc(C#N)c(C(F)(F)F)c1,38.0,1
N#Cc1ccc(Oc2ccc(F)cc2F)cc1C(F)(F)F,488.0,1
CC1(C)CN(Cc2ccccc2F)C(=O)[C@@H]1Oc1ccc(C#N)c(C(F)(F)F)c1,174.0,1
CSc1ccc(CN2CC(C)(C)[C@@H](Oc3ccc(C#N)c(C(F)(F)F)c3)C2=O)cc1,316.0,1
Cc1ccc(C(=O)CC(Nc2ccc([N+](=O)[O-])cc2)c2cccc(F)c2)cc1,140.0,1
C[C@]12COC(=O)C[C@@H]1CC[C@@H]1[C@@H]2CC[C@@]2(C)[C@H]1CC[C@]2(C)O,0.808,1
Cc1cc(/C=C/c2ccc3cc(N(C)C)ccc3[n+]2C)c(C)n1-c1ccccc1,190.0,1
CCCN1C[C@@]2(C)O[C@@](C)(C1)[C@@H]1C(=O)N(c3ccc(C#N)c(C(F)(F)F)c3)C(=O)[C@@H]12,19.5,1
CCC(=O)N1C[C@@]2(C)O[C@@](C)(C1)[C@@H]1C(=O)N(c3ccc(C#N)c(C(F)(F)F)c3)C(=O)[C@@H]12,339.0,1
CC(C)C(=O)N1C[C@@]2(C)O[C@@](C)(C1)[C@@H]1C(=O)N(c3ccc(C#N)c(C(F)(F)F)c3)C(=O)[C@@H]12,912.5,1
C[C@]12CN(C(=O)C3CC3)C[C@](C)(O1)[C@@H]1C(=O)N(c3ccc(C#N)c(C(F)(F)F)c3)C(=O)[C@@H]12,236.5,1
C[C@]12CN(C(=O)c3ccccc3)C[C@](C)(O1)[C@@H]1C(=O)N(c3ccc(C#N)c(C(F)(F)F)c3)C(=O)[C@@H]12,115.5,1
CC(C)NC(=O)N1C[C@@]2(C)O[C@@](C)(C1)[C@@H]1C(=O)N(c3ccc(C#N)c(C(F)(F)F)c3)C(=O)[C@@H]12,2738.0,0
C[C@]12CN(C(=O)Nc3ccccc3)C[C@](C)(O1)[C@@H]1C(=O)N(c3ccc(C#N)c(C(F)(F)F)c3)C(=O)[C@@H]12,69.5,1
CCOC(=O)N1C[C@@]2(C)O[C@@](C)(C1)[C@@H]1C(=O)N(c3ccc(C#N)c(C(F)(F)F)c3)C(=O)[C@@H]12,327.5,1
CCCOC(=O)N1C[C@@]2(C)O[C@@](C)(C1)[C@@H]1C(=O)N(c3ccc(C#N)c(C(F)(F)F)c3)C(=O)[C@@H]12,31.65,1
C[C@]12CN(C(=O)Nc3ccc(F)cc3)C[C@](C)(O1)[C@@H]1C(=O)N(c3ccc(C#N)c(C(F)(F)F)c3)C(=O)[C@@H]12,71.5,1
C[C@]12CN(S(C)(=O)=O)C[C@](C)(O1)[C@@H]1C(=O)N(c3ccc(C#N)c(C(F)(F)F)c3)C(=O)[C@@H]12,1858.0,0
CCS(=O)(=O)N1C[C@@]2(C)O[C@@](C)(C1)[C@@H]1C(=O)N(c3ccc(C#N)c(C(F)(F)F)c3)C(=O)[C@@H]12,342.5,1
C[C@]12CN(S(=O)(=O)c3ccccc3)C[C@](C)(O1)[C@@H]1C(=O)N(c3ccc(C#N)c(C(F)(F)F)c3)C(=O)[C@@H]12,539.0,1
C[C@]12CN(S(=O)(=O)c3ccc(F)cc3)C[C@](C)(O1)[C@@H]1C(=O)N(c3ccc(C#N)c(C(F)(F)F)c3)C(=O)[C@@H]12,369.5,1
C[C@]12CN(S(=O)(=O)c3ccccn3)C[C@](C)(O1)[C@@H]1C(=O)N(c3ccc(C#N)c(C(F)(F)F)c3)C(=O)[C@@H]12,705.5,1
C[C@]12CN(c3cccc(S(N)(=O)=O)c3)C[C@](C)(O1)[C@@H]1C(=O)N(c3ccc(C#N)c(C(F)(F)F)c3)C(=O)[C@@H]12,187.0,1
C[C@]12CN(c3cccc(S(C)(=O)=O)c3)C[C@](C)(O1)[C@@H]1C(=O)N(c3ccc(C#N)c(C(F)(F)F)c3)C(=O)[C@@H]12,78.7,1
C[C@]12CN(c3cc(Cl)ncn3)C[C@](C)(O1)[C@@H]1C(=O)N(c3ccc(C#N)c(C(F)(F)F)c3)C(=O)[C@@H]12,57.5,1
C[C@]12CN(c3ncccn3)C[C@](C)(O1)[C@@H]1C(=O)N(c3ccc(C#N)c(C(F)(F)F)c3)C(=O)[C@@H]12,204.0,1
C[C@]12CN(c3cccc(C(N)=O)c3)C[C@](C)(O1)[C@@H]1C(=O)N(c3ccc(C#N)c(C(F)(F)F)c3)C(=O)[C@@H]12,67.2,1
C[C@]12CNC[C@](C)(O1)[C@@H]1C(=O)N(c3ccc(C#N)c(C(F)(F)F)c3)C(=O)[C@@H]12,2564.0,0
CN1C(=O)[C@]2(C)O[C@](C)(C1=O)[C@H]1C(=O)N(c3ccc(C#N)c(C(F)(F)F)c3)C(=O)[C@H]12,3572.0,0
C[C@]12O[C@](C)(C(=O)N(CC3CC3)C1=O)[C@H]1C(=O)N(c3ccc(C#N)c(C(F)(F)F)c3)C(=O)[C@H]12,2101.0,0
CC(C)OC(=O)N1C[C@@]2(C)O[C@@](C)(C1)[C@@H]1C(=O)N(c3ccc(C#N)c(C(F)(F)F)c3)C(=O)[C@@H]12,40.5,1
CC(C)[N+]1([O-])C(=O)[C@]2(C)O[C@](C)(C1=O)[C@H]1C(=O)N(c3ccc(C#N)c(C(F)(F)F)c3)C(=O)[C@H]12,4450.0,0
COc1ccc(C=C2c3cccc(Cl)c3C(=O)c3c(Cl)cccc32)cc1O,10000.0,0
COc1cccc(C=C2c3cccc(Cl)c3C(=O)c3c(Cl)cccc32)c1O,10000.0,0
CCNC(=O)N1C[C@@]2(C)O[C@@](C)(C1)[C@@H]1C(=O)N(c3ccc(C#N)c(C(F)(F)F)c3)C(=O)[C@@H]12,884.5,1
CC(C)N1C(=O)[C@]2(C)O[C@](C)(C1=O)[C@H]1C(=O)N(c3ccc(C#N)c(C(F)(F)F)c3)C(=O)[C@H]12,78.5,1
C[C@]12CN(O)C[C@](C)(O1)[C@@H]1C(=O)N(c3ccc(C#N)c(C(F)(F)F)c3)C(=O)[C@@H]12,731.0,1
CON1C[C@@]2(C)O[C@@](C)(C1)[C@@H]1C(=O)N(c3ccc(C#N)c(C(F)(F)F)c3)C(=O)[C@@H]12,101.5,1
COc1ccc(C=C2c3cccc(Cl)c3C(=O)c3c(Cl)cccc32)c(OC)c1O,10000.0,0
N#Cc1ccc(N2N=C(c3ccc(C(=O)O)cc3)C[C@@H]2c2ccc(F)cc2)cc1Cl,8920.0,0
N#Cc1ccc(N2N=C(c3ccc(C(=O)O)cc3)C[C@@H]2C2CCCC2)cc1Cl,10000.0,0
COc1cc(C2=NN(c3ccc(C#N)c(Cl)c3)[C@@H](C3CCCC3)C2)ccc1C(=O)O,10000.0,0
CCOc1cc(C2=NN(c3ccc(C#N)c(Cl)c3)[C@@H](C3CCCC3)C2)ccc1C(=O)O,10000.0,0
N#Cc1ccc(N2N=C3c4ccc(C(=O)O)cc4CC[C@@H]3[C@@H]2C2CCCC2)cc1Cl,8910.0,0
COC(=O)C1=C(C)NC(C)=C(C#N)C1c1ccc(F)cc1Cl,300.0,1
CCCC1=C(C(=O)OC)C(c2ccccc2Cl)C(C#N)=C(C)N1,300.0,1
CCCCC1=C(C(=O)OC)C(c2ccccc2Cl)C(C#N)=C(C)N1,900.0,1
N#Cc1ccc(N2N=C3c4ccc(C(=O)O)cc4CC[C@@H]3[C@@H]2C2CCCC2)cc1,10000.0,0
CCCC1=C(C(=O)OC)C(c2ccc(F)cc2Cl)C(C#N)=C(C)N1,100.0,1
COC(=O)C1=C(C(F)(F)F)NC(C)=C(C#N)C1c1ccc(F)cc1Cl,800.0,1
COC(=O)C1=C(Cn2ccnc2)NC(C)=C(C#N)C1c1ccc(F)cc1Cl,3900.0,0
COC(=O)C1=C(Cn2cccn2)NC(C)=C(C#N)C1c1ccc(F)cc1Cl,800.0,1
COC(=O)C1=C(Cn2cncn2)NC(C)=C(C#N)C1c1ccc(F)cc1Cl,4600.0,0
COC(=O)C1=C(Cn2cnnn2)NC(C)=C(C#N)C1c1ccc(F)cc1Cl,2700.0,0
COC(=O)C1=C(Cn2cnnn2)NC(C)=C(C#N)[C@H]1c1ccc(F)cc1Cl,300.0,1
Cc1cc(N2N=C3c4ccc(C(=O)O)cc4CO[C@@H]3[C@@H]2C2CCCC2)ccc1C#N,10000.0,0
C[C@]12CC[C@H]3[C@@H](CC=C4C[C@@H](O)CC[C@@]43C)[C@@H]1CC[C@@H]2[C@]1(C)CC=CC(=O)N1,3000.0,0
C[C@]12CC[C@H]3[C@@H](CCC4=CC(=O)CC[C@@]43C)[C@@H]1CC[C@@H]2[C@]1(C)CC=CC(=O)N1,500.0,1
C[C@]12CC[C@H]3[C@@H](CC=C4C[C@@H](O)CC[C@@]43C)[C@@H]1CC[C@@H]2[C@@]1(C)CC=CC(=O)N1,2000.0,0
C[C@]12CC[C@H]3[C@@H](CC=C4CC(=O)CC[C@@]43C)[C@@H]1CC[C@@H]2[C@@]1(C)CC=CC(=O)N1,2000.0,0
CC#C[C@]1(O)CC[C@H]2[C@@H]3CCC4=CC(=O)CCC4=C3[C@@H](c3ccc(N(C)C)cc3)C[C@@]21C,5.0,1
CC1(C)C(=O)N(c2ccc(C#N)c(Cl)c2)C(=S)N1c1cccc(S(N)(=O)=O)c1,100.0,1
CC1(C)C(=O)N(c2ccc(C#N)c(C(F)(F)F)c2)C(=S)N1c1cccc(S(N)(=O)=O)c1,100.0,1
CC1(C)C(=O)N(c2ccc(C#N)c(Cl)c2)C(=S)N1c1cccc(S(N)(=O)=O)n1,100.0,1
CC1(C)C(=O)N(c2ccc(C#N)c(C(F)(F)F)c2)C(=S)N1c1cccc(S(N)(=O)=O)n1,100.0,1
CC1(C)C(=O)N(c2ccc(C#N)c(C(F)(F)F)c2)C(=S)N1c1ccnc(S(N)(=O)=O)c1,80.0,1
CC1(C)C(=O)N(c2ccc(C#N)c(Cl)c2)C(=S)N1c1cncc(S(N)(=O)=O)c1,50.0,1
CC1(C)C(=O)N(c2ccc(C#N)c(C(F)(F)F)c2)C(=S)N1c1cncc(S(N)(=O)=O)c1,30.0,1
Nc1nc(-c2ccc3ccccc3c2)cs1,9880.0,0
Fc1ccc(-c2csc(N3CCOCC3)n2)cc1,530.0,1
Fc1ccc(-c2csc(-c3ccncc3)n2)cc1,1270.0,0
c1ccc(-c2csc(-c3ccncc3)n2)cc1,915.0,1
CS(=O)(=O)Nc1ccc(OCc2ccccc2)cc1,6110.0,0
Fc1ccc(-c2csc(N3CCSCC3)n2)cc1,1590.0,0
c1ccc(-c2csc(N3CCSCC3)n2)cc1,620.0,1
Cc1cc(/C=C/c2ccc3cc(N(C)C)ccc3[n+]2C)c(C)n1-c1ccccc1.O=C([O-])c1cc2ccccc2c(Cc2c(O)c(C(=O)O)cc3ccccc23)c1O,400.0,1
c1ccc(-c2csc(N3CCOCC3)n2)cc1,280.0,1
C[C@](O)(COc1ccc(C#N)cc1)C(=O)Nc1ccc(C#N)c(C(F)(F)F)c1,3.8,1
Cc1ccc(OCCn2c(SCCOc3ccccc3)nc3ccccc32)cc1,10000.0,0
Cc1ccc(OCCn2c(SCCC(=O)O)nc3ccccc32)cc1,10000.0,0
C[C@](O)(CS(=O)(=O)c1cccc2ccccc12)C(=O)Nc1ccc(C#N)c(C(F)(F)F)c1,3000.0,0
C[C@](O)(CS(=O)(=O)c1ccccc1Cc1ccccc1)C(=O)Nc1ccc(C#N)c(C(F)(F)F)c1,3000.0,0
C[C@](O)(CS(=O)(=O)c1ccccc1-c1ccccc1)C(=O)Nc1ccc(C#N)c(C(F)(F)F)c1,3000.0,0
CC[Si](CC)(c1ccc(OCC(=O)C(C)(C)C)c(C)c1)c1ccc(OCC(=O)C(C)(C)C)c(C)c1,6200.0,0
COc1ccccc1C(=O)/C=C/c1ccccc1[N+](=O)[O-],675.0,1
CC1(C)COC(=O)C1Oc1ccc(C#N)c(C(F)(F)F)c1,113.0,1
CC1(C)COC(=O)[C@@H]1Oc1ccc(C#N)c(C(F)(F)F)c1,70.0,1
CC1(C)COC(=O)[C@H]1Oc1ccc(C#N)c(C(F)(F)F)c1,10000.0,0
CC1(C)CNC(=O)C1Oc1ccc(C#N)c(C(F)(F)F)c1,2790.0,0
CCCN1CC(C)(C)C(Oc2ccc(C#N)c(C(F)(F)F)c2)C1=O,206.5,1
CCCCN1CC(C)(C)C(Oc2ccc(C#N)c(C(F)(F)F)c2)C1=O,105.0,1
CCCC(C)N1CC(C)(C)C(Oc2ccc(C#N)c(C(F)(F)F)c2)C1=O,200.0,1
CCC(C)N1CC(C)(C)C(Oc2ccc(C#N)c(C(F)(F)F)c2)C1=O,9790.0,0
COC(=O)CN1CC(C)(C)C(Oc2ccc(C#N)c(C(F)(F)F)c2)C1=O,494.0,1
CC1(C)CN(Cc2ccccc2)C(=O)C1Oc1ccc(C#N)c(C(F)(F)F)c1,69.0,1
COc1cccc(CN2CC(C)(C)C(Oc3ccc(C#N)c(C(F)(F)F)c3)C2=O)c1,309.0,1
COc1ccc(CN2CC(C)(C)C(Oc3ccc(C#N)c(C(F)(F)F)c3)C2=O)cc1,284.0,1
CC1(C)CN(Cc2ccccc2F)C(=O)C1Oc1ccc(C#N)c(C(F)(F)F)c1,143.0,1
CC1(C)CN(Cc2cccc(F)c2)C(=O)C1Oc1ccc(C#N)c(C(F)(F)F)c1,61.0,1
CC1(C)CN(Cc2ccc(F)cc2)C(=O)C1Oc1ccc(C#N)c(C(F)(F)F)c1,199.0,1
CC1(C)CN(Cc2ccccc2O)C(=O)C1Oc1ccc(C#N)c(C(F)(F)F)c1,17.0,1
CC1(C)CN(Cc2cccc(O)c2)C(=O)C1Oc1ccc(C#N)c(C(F)(F)F)c1,600.0,1
CC1(C)CN(Cc2ccc(O)cc2)C(=O)C1Oc1ccc(C#N)c(C(F)(F)F)c1,32.0,1
CSc1ccc(CN2CC(C)(C)C(Oc3ccc(C#N)c(C(F)(F)F)c3)C2=O)cc1,251.5,1
CC1(C)CN(Cc2ccncc2)C(=O)C1Oc1ccc(C#N)c(C(F)(F)F)c1,600.0,1
CCOC(=O)c1ccc(CN2CC(C)(C)C(Oc3ccc(C#N)c(C(F)(F)F)c3)C2=O)o1,166.0,1
COC(=O)c1csc(CN2CC(C)(C)C(Oc3ccc(C#N)c(C(F)(F)F)c3)C2=O)n1,900.0,1
CC1(C)CN(Cc2nc3ccccc3s2)C(=O)C1Oc1ccc(C#N)c(C(F)(F)F)c1,51.0,1
CC1(C)CN(Cc2noc(-c3ccccc3)n2)C(=O)C1Oc1ccc(C#N)c(C(F)(F)F)c1,84.0,1
CC1(C)CN(Cc2nc(-c3ccccc3)no2)C(=O)C1Oc1ccc(C#N)c(C(F)(F)F)c1,159.0,1
CN(C)c1ccc([C@H]2C[C@]3(C)[C@@H](CC[C@]3(O)CCCO)[C@@H]3CCC4=CC(=O)CCC4=C32)cc1,269.0,1
CC(=O)N[C@H]1C(C)(C)[C@H](Oc2ccc(C#N)c(C#N)c2)C1(C)C,175.0,1
CC(=O)N[C@H]1C(C)(C)[C@H](Oc2ccc(C#N)c(Cl)c2)C1(C)C,32.0,1
CC(=O)N[C@H]1C(C)(C)[C@H](Oc2ccc(C#N)c(C)c2)C1(C)C,70.0,1
CC(=O)N[C@H]1C(C)(C)[C@H](Oc2ccc(C#N)c(C(F)(F)F)c2)C1(C)C,126.0,1
CC(=O)N[C@H]1C(C)(C)[C@H](Oc2ccc(C#N)cc2Cl)C1(C)C,161.0,1
CC(=O)N[C@H]1C(C)(C)[C@H](Oc2ccc(C#N)c(C)n2)C1(C)C,519.0,1
CC1(C)[C@H](NC(=O)c2cnccn2)C(C)(C)[C@H]1Oc1ccc(C#N)c(Cl)c1,82.0,1
CC1(C)[C@H](NC(=O)c2cc[nH]n2)C(C)(C)[C@H]1Oc1ccc(C#N)c(Cl)c1,75.0,1
CC1(C)[C@H](NC(=O)c2cn[nH]c2)C(C)(C)[C@H]1Oc1ccc(C#N)c(Cl)c1,42.0,1
Cn1cc(C(=O)N[C@H]2C(C)(C)[C@H](Oc3ccc(C#N)c(Cl)c3)C2(C)C)cn1,20.0,1
Cc1cc(C(=O)N[C@H]2C(C)(C)[C@H](Oc3ccc(C#N)c(Cl)c3)C2(C)C)nn1C,54.0,1
Cc1nnc(C(=O)N[C@H]2C(C)(C)[C@H](Oc3ccc(C#N)c(Cl)c3)C2(C)C)o1,30.0,1
CC1(C)[C@H](NC(=O)c2cnc3ncccn23)C(C)(C)[C@H]1Oc1ccc(C#N)c(Cl)c1,16.0,1
Cc1nc2ncccn2c1C(=O)N[C@H]1C(C)(C)[C@H](Oc2ccc(C#N)c(Cl)c2)C1(C)C,69.0,1
COCCn1ccc(C(=O)N[C@H]2C(C)(C)[C@H](Oc3ccc(C#N)c(Cl)c3)C2(C)C)n1,136.0,1
CC1(C)[C@H](NC(=O)c2ccn(CCO)n2)C(C)(C)[C@H]1Oc1ccc(C#N)c(Cl)c1,136.0,1
CC1(C)[C@H](NC(=O)c2cnn(CCO)c2)C(C)(C)[C@H]1Oc1ccc(C#N)c(Cl)c1,59.0,1
CC1(C)[C@H](NC(=O)c2ccn(CCC#N)n2)C(C)(C)[C@H]1Oc1ccc(C#N)c(Cl)c1,90.0,1
CNC(=O)Cn1ccc(C(=O)N[C@H]2C(C)(C)[C@H](Oc3ccc(C#N)c(Cl)c3)C2(C)C)n1,163.0,1
CN(C)C(=O)Cn1ccc(C(=O)N[C@H]2C(C)(C)[C@H](Oc3ccc(C#N)c(Cl)c3)C2(C)C)n1,174.0,1
Cc1nc(O[C@H]2C(C)(C)[C@H](NC(=O)c3cnc4ncccn34)C2(C)C)ccc1C#N,144.0,1
CCOC(=O)c1c(C)[nH]c(C)c1-c1ccc([N+](=O)[O-])cc1,240.0,1
CCOC(=O)c1c(-c2ccc([N+](=O)[O-])cc2)c(C)n(C)c1C,210.0,1
CCOC(=O)c1c(-c2ccc([N+](=O)[O-])cc2)c(C)n(-c2ccccc2)c1C,2100.0,0
CCOC(=O)c1c(-c2ccc([N+](=O)[O-])cc2)c(C)n(Cc2ccccc2)c1C,160.0,1
CCOC(=O)c1c(-c2ccc([N+](=O)[O-])cc2)c(C)n(CC2CCCCC2)c1C,3700.0,0
CCOC(=O)c1c(-c2ccc([N+](=O)[O-])cc2)c(C)n(CCc2ccccc2)c1C,970.0,1
CCOC(=O)c1c(-c2ccc([N+](=O)[O-])cc2)c(C)n(C(=O)c2ccccc2)c1C,1500.0,0
CCOC(=O)c1c(-c2ccc([N+](=O)[O-])cc2)c(C)n(S(=O)(=O)c2ccccc2)c1C,4700.0,0
COC(=O)c1c(-c2ccc([N+](=O)[O-])cc2)c(C)n(Cc2ccccc2)c1C,150.0,1
Cc1c(C(=O)O)c(-c2ccc([N+](=O)[O-])cc2)c(C)n1Cc1ccccc1,6500.0,0
Cc1c(CO)c(-c2ccc([N+](=O)[O-])cc2)c(C)n1Cc1ccccc1,660.0,1
CC(=O)c1c(-c2ccc([N+](=O)[O-])cc2)c(C)n(Cc2ccccc2)c1C,900.0,1
Cc1cc(-c2ccc([N+](=O)[O-])cc2)c(C)n1Cc1ccccc1,210.0,1
COC(=O)c1c(-c2ccccc2)c(C)n(Cc2ccccc2)c1C,1300.0,0
COC(=O)c1c(-c2ccc(C#N)cc2)c(C)n(Cc2ccccc2)c1C,120.0,1
COC(=O)c1c(-c2ccc(C#N)c(C(F)(F)F)c2)c(C)n(Cc2ccccc2)c1C,320.0,1
Cc1c(C#N)c(-c2ccc(C#N)cc2)c(C)n1Cc1ccccc1,40.0,1
Cc1c(C#N)c(-c2ccc(C#N)cc2)c(C)n1Cc1cccnc1,65.0,1
Cc1c(C#N)c(-c2ccc(C#N)cc2)c(C)n1Cc1ccc(Cl)nc1,45.0,1
Cc1c(C#N)c(-c2ccc(C#N)cc2)c(C)n1Cc1cncc(CO)c1,150.0,1
Cc1c(C#N)c(-c2ccc(C#N)cc2)c(C)n1Cc1cnc(Cl)c(CO)c1,100.0,1
Cc1c(-c2ccc(C#N)cc2)c(C#N)cn1Cc1cnc(Cl)c(CO)c1,810.0,1
Cc1c(C#N)c(-c2ccc(C#N)cc2)cn1Cc1cnc(Cl)c(CO)c1,170.0,1
CC1(C)CNC(=O)[C@@H]1Oc1ccc(C#N)c(C(F)(F)F)c1,105.0,1
CC(=O)CN1CC(C)(C)[C@@H](Oc2ccc(C#N)c(C(F)(F)F)c2)C1=O,266.0,1
Cc1nnc(CN2CC(C)(C)[C@@H](Oc3ccc(C#N)c(C(F)(F)F)c3)C2=O)o1,633.0,1
CC(c1nnc(-c2cccc(F)c2)o1)N1CC(C)(C)C(Oc2ccc(C#N)c(C(F)(F)F)c2)C1=O,77.0,1
CC1(C)CN(Cc2nnc(-c3ccccc3)o2)C(=O)[C@@H]1Oc1ccc(C#N)c(C(F)(F)F)c1,71.0,1
CC1(C)CN(CCC#N)C(=O)[C@@H]1Oc1ccc(C#N)c(C(F)(F)F)c1,131.0,1
CC1(C)CN(CCO)C(=O)[C@@H]1Oc1ccc(C#N)c(C(F)(F)F)c1,263.0,1
CC(CO)N1CC(C)(C)[C@@H](Oc2ccc(C#N)c(C(F)(F)F)c2)C1=O,354.0,1
CC1(C)CN(C(C)(C)CO)C(=O)[C@@H]1Oc1ccc(C#N)c(C(F)(F)F)c1,761.0,1
CC(O)CN1CC(C)(C)[C@@H](Oc2ccc(C#N)c(C(F)(F)F)c2)C1=O,596.5,1
CC(CO)CN1CC(C)(C)[C@@H](Oc2ccc(C#N)c(C(F)(F)F)c2)C1=O,371.0,1
CC1(C)CN(CCC#N)C(=O)[C@@H]1Oc1ccc(C#N)c(Cl)c1,68.0,1
Cc1nn(-c2ccc(C#N)c(Cl)c2)c(C)c1Cc1ccc(C(=O)NC(C)(C)C)cc1,770.0,1
Cc1nn(-c2ccc(C#N)c(Cl)c2)c(C)c1Cc1ccc(C(=O)NCC(C)(C)O)cc1,160.0,1
Cc1nn(-c2ccc(C#N)c(Cl)c2)c(C)c1Cc1ccc(C(=O)N2CCOCC2)cc1,2400.0,0
Cc1nn(-c2ccc(C#N)c(Cl)c2)c(C)c1Oc1ccc(C(=O)NCC(C)(C)O)cc1,1100.0,0
Cc1nn(-c2ccc(C#N)cc2)c(C)c1Cc1ccc(F)cc1,170.0,1
Cc1nn(-c2ccc(C#N)c(Cl)c2)c(C)c1Cc1ccc(F)cc1,75.0,1
Cc1nn(-c2ccc(C#N)c(C(F)(F)F)c2)c(C)c1Cc1ccc(F)cc1,110.0,1
Cc1nn(-c2ccc(C#N)cc2Cl)c(C)c1Cc1ccc(F)cc1,1500.0,0
Cc1nn(-c2ccc(C#N)c(Cl)c2)c(C)c1Oc1ccc(F)cc1,110.0,1
Cc1nn(-c2ccc(C#N)c(Cl)c2)c(C)c1-c1ccc(F)cc1,270.0,1
Cc1nn(-c2ccc(C#N)c(Cl)c2)c(C)c1CCc1ccc(F)cc1,140.0,1
Cc1nn(-c2ccc(C#N)c(Cl)c2)c(C)c1C(O)c1ccc(F)cc1,48.0,1
Cc1nn(-c2ccc(C#N)c(Cl)c2)c(C)c1Cc1ccccc1C(N)=O,10000.0,0
Cc1nn(-c2ccc(C#N)c(Cl)c2)c(C)c1Cc1cccc(C(N)=O)c1,700.0,1
Cc1nn(-c2ccc(C#N)c(Cl)c2)c(C)c1Cc1ccc(C(N)=O)cc1,140.0,1
CNC(=O)c1ccc(Cc2c(C)nn(-c3ccc(C#N)c(Cl)c3)c2C)cc1,110.0,1
Cc1nn(-c2ccc(C#N)c(Cl)c2)c(C)c1Cc1ccc(C(=O)N(C)C)cc1,4000.0,0
Cc1nn(-c2ccc(C#N)c(Cl)c2)c(C)c1Cc1ccc(C(=O)NCCO)cc1,2100.0,0
Cc1nn(-c2ccc(C#N)c(Cl)c2)c(C)c1Oc1ccc(C(=O)N2CCOCC2)cc1,1300.0,0
CC(=O)Nc1ccc(Oc2c(C)nn(-c3ccc(C#N)c(Cl)c3)c2C)nc1,5400.0,0
Cc1nn(-c2ccc(C#N)c(Cl)c2)c(C)c1Oc1ccc(NC(=O)C(C)(C)C)cn1,4000.0,0
CC(=O)Nc1ccc(Oc2c(C)nn(-c3ccc(C#N)c(Cl)c3)c2C)cn1,1200.0,0
COc1ccc2c(c1)OC(c1ccccc1O)CC2=O,10000.0,0
O=C(/C=C/c1ccc(O)cc1)c1cc(Cl)ccc1O,5920.0,0
N#Cc1ccc(-n2c(=O)n(Cc3ccccc3)c3ccccc32)cc1C(F)(F)F,170.0,1
CC(C)n1c(=O)n(-c2ccc(C#N)c(C(F)(F)F)c2)c2ccccc21,373.0,1
CCn1c(=O)n(-c2ccc(C#N)c(C(F)(F)F)c2)c2ccccc21,293.0,1
N#Cc1ccc(-n2c(=O)n(Cc3ccccc3)c3cccnc32)cc1C(F)(F)F,60.6,1
N#Cc1ccc(-n2c(=O)n(Cc3ccccc3)c3ncccc32)cc1C(F)(F)F,588.0,1
N#Cc1ccc(-n2c(=O)n(Cc3ccccn3)c3ccccc32)cc1C(F)(F)F,301.0,1
N#Cc1ccc(-n2c(=O)n(Cc3cccnc3)c3ccccc32)cc1C(F)(F)F,389.0,1
CC(c1ccccc1)n1c(=O)n(-c2ccc(C#N)c(C(F)(F)F)c2)c2ccccc21,327.5,1
N#Cc1ccc(-n2c(=O)n(Cc3nc(-c4ccccn4)no3)c3ccccc32)cc1Cl,126.0,1
CC(c1nc(-c2ccccn2)no1)n1c(=O)n(-c2ccc(C#N)c(Cl)c2)c2ccccc21,183.5,1
CNC(=O)c1ccc(-c2ccc3c(c2)C(C)(C)C(=O)N3c2ccc(C#N)c(C(F)(F)F)c2)cc1F,197.0,1
CNC(=O)c1ccc(-c2ccc3c(c2)C(C)(C)C(=O)N3c2ccc(C#N)c(OC)c2)cc1F,165.0,1
COc1cc(N2C(=O)C(C)(C)c3cc(-c4cccnc4OC)ccc32)ccc1C#N,79.6,1
O=C(O)c1cccc(Nc2ccc([N+](=O)[O-])c3ccccc23)c1,12850.0,0
O=C(/C=C/c1ccccc1)c1cc(Cl)ccc1O,1510.0,0
CC[C@H]1CNc2cc3oc(=O)cc(C(F)(F)F)c3cc2[C@@H]1CC,10.0,1
COc1cc(/C=N/NC(=O)c2cc3c(ccc4ccccc43)o2)cc(OC)c1O,26300.0,0
O=C(N/N=C/c1cc(Br)ccc1O)c1cc2ccccc2cc1O,13300.0,0
O=C(N/N=C/c1cc2ccccc2cc1O)c1cc2ccccc2cc1O,15900.0,0
CCCOc1ccc(/C=N/NC(=O)c2cc3c(ccc4ccccc43)o2)cc1,28100.0,0
C[C@]12CC[C@H](O)CC1=CC[C@@H]1[C@@H]2CC[C@]2(C)C(n3cnc4ccccc43)=CC[C@@H]12,1108.0,0
CC[C@H]1c2cc3c(C(F)(F)F)cc(=O)oc3cc2NC[C@H]1C,2.0,1
CC[C@@H]1c2cc3c(C(F)(F)F)cc(=O)oc3cc2NC[C@H]1C,0.3,1
CC(C)(O)C(=O)Nc1ccc([N+](=O)[O-])c(C(F)(F)F)c1O,15.0,1
C[C@@H]1CNc2cc3nc(O)cc(C(F)(F)F)c3cc2[C@@H]1CCC(F)(F)F,63.0,1
CC(C)C[C@H]1c2cc3c(C(F)(F)F)cc(O)nc3cc2NC[C@@H]1C,29.0,1
CC[C@H]1c2cc3c(C(F)(F)F)cc(O)nc3cc2NC[C@H]1C,10000.0,0
C[C@@H]1CC[C@H]([C@H](O)C(F)(F)F)N1c1ccc2[nH]c(=O)cc(C(F)(F)F)c2c1,10000.0,0
CCOC(=O)C1=C(C)NC(C)=C(C(C)=O)[C@H]1c1cccc2c(=O)cc(C)oc12,4440.0,0
CCOc1ncc(C)c2c1[C@H](c1ccc(C#N)cc1OC)C(C(N)=O)=C(C)N2,10000.0,0
C[C@@H]1CN(c2ccc3c(n2)NC(=O)CO3)[C@H](c2ccccc2)CO1,10000.0,0
CCS(=O)(=O)Nc1cc(F)c(-c2ccc(C#N)n2C)c(F)c1,100.0,1
O=C(/C=C/c1ccccc1O)c1cc(Cl)ccc1O,2370.0,0
COc1ccc(/C=C/C(=O)c2cc(Cl)ccc2O)cc1OC,5250.0,0
NS(=O)(=O)c1cccc2cc(SCCOc3ccccc3)[nH]c12,1600.0,0
N#Cc1ccc(N2CCC(O)(Cc3ccccc3)C2)cc1Cl,710.0,1
N#Cc1ccc(N2CCC(O)C2)cc1Cl,5041.0,0
N#Cc1ccc(N2CCC(O)(c3ccccc3)C2)cc1Cl,315.0,1
N#Cc1ccc(N2CCC(O)(c3ccc(F)cc3)C2)cc1Cl,122.5,1
C[C@@H]1N(c2ccc(C#N)c(Cl)c2)CC[C@@]1(O)c1ccc(F)cc1,5004.05,0
C[C@@H]1N(c2ccc(C#N)c(Cl)c2)CC[C@@]1(O)c1ccc(C(N)=O)cc1,29.5,1
CNC(=O)c1ccc([C@]2(O)CCN(c3ccc(C#N)c(Cl)c3)[C@H]2C)cc1,21.0,1
CNC(=O)c1ccc([C@]2(O)CCN(c3ccc(C#N)c(Cl)c3)[C@H]2C)nc1,94.0,1
CNC(=O)c1ccc([C@]2(O)CCN(c3ccc(C#N)c(Cl)c3)[C@H]2C)cn1,72.0,1
C[C@@H]1N(c2ccc(C#N)c(Cl)c2)CC[C@@]1(O)c1ccc(C(=O)N(C)C)nc1,5850.0,0
CNC(=O)c1ccc([C@@]2(O)CCN(c3ccc(C#N)c(Cl)c3)[C@@H]2C)cn1,4000.0,0
C[C@@H]1N(c2ccc(C#N)c(Cl)c2)CC[C@@]1(O)c1ccc(N2CCCC2=O)nc1,86.5,1
CNC(=O)c1ccc([C@]2(O)CCN(c3ccc(C#N)c(OC)c3)[C@H]2C)cn1,425.0,1
CNC(=O)c1ccc([C@]2(O)CCN(c3ccc(C#N)cc3)[C@H]2C)cn1,4500.0,0
CNC(=O)c1ccc([C@]2(O)CCN(c3ccc(C#N)c(F)c3)[C@H]2C)cn1,1265.0,0
N#Cc1ccc(CN2CCN(c3ccc4nnc(C(F)(F)F)n4n3)CC2)cc1,79433.0,0
CC(=O)N1CCN(CCOc2ccc(C3CCN(C4=Nn5c(nnc5C(F)(F)F)CC4)CC3)cc2)CC1,1780.0,0
O=c1cc(-c2ccc(C(F)(F)F)cc2)oc2cccc(O)c12,1235.135,0
O=c1cc(-c2ccc(F)cc2)oc2cccc(O)c12,330.565,1
O=c1cc(-c2ccccc2)oc2cccc(F)c12,773.125,1
O=c1cc(-c2ccc([N+](=O)[O-])cc2)oc2cccc(O)c12,361.54,1
N#Cc1ccc(-c2cc(=O)c3c(O)cccc3o2)cc1,250.595,1
CN(C)c1ccc(-c2cc(=O)c3c(O)cccc3o2)cc1,850.5699999999999,1
Nc1ccc(-c2cc(=O)c3c(O)cccc3o2)cc1,1992.63,0
CSc1ccc(-c2cc(=O)c3c(O)cccc3o2)cc1,1070.76,0
O=c1cc(-c2ccc(Cl)cc2)oc2cccc(F)c12,361.54,1
O=c1cc(-c2ccc(F)cc2)oc2cccc(F)c12,190.275,1
N#Cc1ccc(-c2cc(=O)c3c(F)cccc3o2)cc1,1201.13,0
NC(=O)c1ccc(-c2cc(=O)c3c(O)cccc3o2)cc1,3564.065,0
CCS(=O)(=O)Nc1cccc(-c2cc(=O)n(-c3ccc(C#N)cc3)nc2C)c1,6260.0,0
CCS(=O)(=O)Nc1cccc(-c2cc(=O)n(-c3ccc(Cl)c(Cl)c3)nc2C)c1,2650.0,0
CCS(=O)(=O)Nc1cccc(-c2cc(=O)n(-c3cc(Cl)cc(Cl)c3)nc2C)c1,13190.0,0
CCS(=O)(=O)Nc1cccc(-c2cc(=O)n(-c3ccc(F)c(Cl)c3)nc2C)c1,5070.0,0
CCS(=O)(=O)Nc1cccc(-c2cc(=O)n(-c3ccc4ccccc4c3)nc2C)c1,9760.0,0
CCC(CC)(c1ccc(N)c(C)c1)c1ccc(O)c(C)c1,5400.0,0
CC[Si](CC)(c1ccc(O)c(C)c1)c1ccc(O)c(C)c1,1900.0,0
CCCC[Si](CCCC)(c1ccc(O)c(C)c1)c1ccc(O)c(C)c1,8200.0,0
CCC(CC)(c1ccc(O)c(C)c1)c1ccc(O)c(C)c1,4500.0,0
CCCC(CCC)(c1ccc(O)c(C)c1)c1ccc(O)c(C)c1,25000.0,0
CC(C)c1ccc2c(c1O)CC[C@H]1C3=C(CC[C@]21C)C(=O)OC3,260.0,1
N#Cc1ccc(N2[C@@H]3CC[C@H]2C[C@@H](O)C3)cc1Cl,31.7,1
Cc1cn(-c2ccc(CNS(=O)(=O)c3cc(F)ccc3F)cc2)c(C)n1,10000.0,0
COc1cc(OC)cc(-c2nnc([C@@]3(Cc4ccccc4)OC(=O)N([C@H](C)c4ccccc4)C3=O)o2)c1,5000.0,0
C[C@H](c1ccccc1)N1C(=O)O[C@](Cc2ccccc2)(c2nnc(C3(c4ccccc4)CC3)o2)C1=O,5000.0,0
COc1cc(C2=NN(c3ccc(C#N)c(C)c3)[C@@H](C3CCCC3)C2)ccc1C(=O)O,10000.0,0
CCOc1cc(C2=NN(c3ccc(C#N)c(C)c3)[C@@H](C3CCCC3)C2)ccc1C(=O)O,10000.0,0
COc1nc(C2=NN(c3ccc(C#N)c(C)c3)[C@@H](C3CCCC3)C2)ccc1C(=O)O,10000.0,0
COc1nc(C2=NN(c3ccc(C#N)c(C)n3)[C@@H](C3CCCC3)C2)ccc1C(=O)O,9050.0,0
COc1cc(C2=NN(c3ccc(C#N)c(C)n3)[C@@H](C3CCCC3)C2)ccc1C(=O)O,10000.0,0
Cc1nc(N2N=C(c3ccc(C(=O)O)cc3)C[C@@H]2C2CCCC2)ccc1C#N,10000.0,0
CCOc1nc(C2=NN(c3ccc(C#N)c(C)c3)[C@@H](C3CCCC3)C2)ccc1C(=O)O,10000.0,0
COc1nc(C2=NN(c3ccc(C#N)c(Cl)c3)[C@@H](C3CCCC3)C2)ccc1C(=O)O,10000.0,0
COc1nc(C2=NN(c3ccc(C#N)c(C)c3)[C@@H](C3CCCC3)C2)ccc1C(N)=O,3250.0,0
CNC(=O)c1ccc(C2=NN(c3ccc(C#N)c(C)c3)[C@@H](C3CCCC3)C2)nc1OC,10000.0,0
COc1nc(C2=NN(c3ccc(C#N)c(C)c3)[C@@H](C3CCCC3)C2)ccc1C(=O)N(C)C,10000.0,0
COc1nc(C2=NN(c3ccc(C#N)c(C)n3)[C@@H](C3CCCC3)C2)ccc1C(N)=O,7780.0,0
CNC(=O)c1ccc(C2=NN(c3ccc(C#N)c(C)n3)[C@@H](C3CCCC3)C2)nc1OC,8520.0,0
COc1nc(C2=NN(c3ccc(C#N)c(C)n3)[C@@H](C3CCCC3)C2)ccc1C(=O)N(C)C,10000.0,0
COc1nc(C2=NN(c3ccc(C#N)c(C)c3)[C@@H](C3CCCC3)C2)ccc1C(=O)NS(C)(=O)=O,10000.0,0
COc1nc(C2=NN(c3ccc(C#N)c(C)n3)[C@@H](C3CCCC3)C2)ccc1C(=O)NS(C)(=O)=O,9940.0,0
COc1nc(C2=NN(c3ccc(C#N)c(C)c3)[C@@H](C3CCCC3)C2)ccc1C(=O)Nc1nnn[nH]1,10000.0,0
CN(Cc1ccc(Br)o1)C(=O)c1cc2ccc(F)cc2[nH]1,11880.0,0
Cc1ccc(CN(C)C(=O)c2cc3cc(F)ccc3[nH]2)o1,8000.0,0
N#CCCN(Cc1ccccc1)C(=O)c1cc2ccccc2[nH]1,6045.0,0
COCCN(Cc1ccco1)C(=O)c1cc2cc(F)ccc2[nH]1,6545.0,0
CC(C)N(Cc1ccco1)C(=O)c1cc2cc(C(F)(F)F)ccc2[nH]1,5245.0,0
O=C(c1cc2ccc(F)cc2[nH]1)N(Cc1ccco1)Cc1ccco1,4760.0,0
CN(Cc1ccc(Br)s1)C(=O)c1cc2ccc(F)cc2[nH]1,3295.0,0
CN(Cc1cccs1)C(=O)c1cc2ccc(F)cc2[nH]1,4415.0,0
Cc1ccc(CN(C(=O)c2cc3ccccc3[nH]2)C(C)C)o1,3370.0,0
Cc1ccc2cc(C(=O)N(Cc3ccc(C)o3)C(C)C)[nH]c2c1,2270.0,0
Cc1ccc2[nH]c(C(=O)N(Cc3ccc(C)o3)C(C)C)cc2c1,2220.0,0
Cc1ccc2[nH]c(C(=O)N(Cc3ccco3)C(C)C)cc2c1,1250.0,0
Cc1ccc(CN(C(=O)c2cc3cc(F)ccc3[nH]2)C(C)C)o1,1240.0,0
Cc1ccc2cc(C(=O)N(Cc3ccco3)C(C)C)[nH]c2c1,935.0,1
Cc1ccc(CN(C(=O)c2cc3cccc(F)c3[nH]2)C(C)C)o1,1100.0,0
Cc1ccc(CN(C(=O)c2cc3ccc(F)cc3[nH]2)C(C)C)o1,770.0,1
CC(C)N(Cc1ccco1)C(=O)c1cc2cc(F)ccc2[nH]1,550.0,1
CC(C)N(Cc1ccco1)C(=O)c1cc2ccc(F)cc2[nH]1,480.0,1
CNc1nc(-c2ccc3ccccc3c2)cs1,3540.0,0
Oc1ccc2nc(N3CCOCC3)sc2c1,7745.0,0
Oc1ccc(-c2ccc3ccccc3n2)cc1,9840.0,0
c1ccc(-c2ccc(N3CCOCC3)s2)cc1,515.0,1
FC(F)(F)c1cccc(-c2csc(N3CCOCC3)n2)c1,595.0,1
Cc1ccc(C)c(-c2csc(N3CCOCC3)n2)c1,570.0,1
c1ccc(-c2csc(N3CCCCC3)n2)cc1,860.0,1
c1ccc(-c2cc(N3CCOCC3)cs2)cc1,1040.0,0
Nc1ccccc1-c1csc(N2CCOCC2)n1,1705.0,0
N#Cc1ccc(-c2ccc(N3CCOCC3)s2)cc1,1165.0,0
FC(F)(F)[C@H]1CN(c2nc(-c3ccccc3)cs2)CCO1,905.0,1
Clc1ccc(-c2csc(N3CCOCC3)n2)c(Cl)c1,1490.0,0
Clc1ccc(-c2csc(N3CCOCC3)n2)cc1Cl,3140.0,0
OCc1sc(N2CCOCC2)nc1-c1ccccc1,5040.0,0
Oc1ccc(-c2nc(-c3c[nH]c4ccccc34)cs2)cc1,5755.0,0
CCc1sc(N2CCOCC2)nc1-c1ccccc1,7115.0,0
Brc1ncn(-c2csc(N3CCOCC3)n2)c1Br,100.0,1
COc1c(-c2csc(N3CCOCC3)n2)ccc(F)c1F,215.0,1
Cc1scc(-c2csc(N3CCOCC3)n2)c1C,340.0,1
c1cc(-c2csc(N3CCOCC3)n2)cs1,240.0,1
Oc1c(F)cccc1-c1csc(N2CCOCC2)n1,210.0,1
COc1cc(F)ccc1-c1csc(N2CCOCC2)n1,265.0,1
Clc1ncn(-c2csc(N3CCOCC3)n2)c1Br,385.0,1
Clc1ncn(-c2csc(N3CCOCC3)n2)c1Cl,625.0,1
Oc1c(-c2csc(N3CCOCC3)n2)ccc(F)c1F,750.0,1
Clc1cn(-c2csc(N3CCOCC3)n2)cn1,840.0,1
Oc1cc(F)ccc1-c1csc(N2CCOCC2)n1,1000.0,0
Clc1c(Br)ncn1-c1csc(N2CCOCC2)n1,1365.0,0
Ic1ncn(-c2csc(N3CCOCC3)n2)c1I,1770.0,0
c1ccc(-c2csc(N3CCOCC3)n2)nc1,2580.0,0
Clc1ncn(-c2csc(N3CCOCC3)n2)c1I,3315.0,0
Brc1cn(-c2csc(N3CCOCC3)n2)cn1,2270.0,0
c1cc(-c2csc(N3CCOCC3)n2)ccn1,2940.0,0
COc1c(F)cc(O)cc1-c1csc(N2CCOCC2)n1,3020.0,0
CS(=O)(=O)c1c(F)cccc1-c1csc(N2CCOCC2)n1,3560.0,0
Cc1ncn(-c2csc(N3CCOCC3)n2)c1C,2990.0,0
Cc1sc(N2CCOCC2)nc1-c1ccccc1,1460.0,0
N#Cc1ccc(N2[C@H]3CC[C@H]2CC(O)C3)cc1C(F)(F)F,39.8,1
CC1(O)C[C@@H]2CC[C@@H](C1)N2c1ccc(C#N)c(C(F)(F)F)c1,29.3,1
N#Cc1ccc(N2C3CCC2CC(=O)C3)cc1C(F)(F)F,66.0,1
N#Cc1ccc(N2[C@H]3CC[C@H]2CC(NCc2ccccc2)C3)cc1C(F)(F)F,233.0,1
CS(=O)(=O)NC1C[C@@H]2CC[C@@H](C1)N2c1ccc(C#N)c(C(F)(F)F)c1,2650.0,0
CCS(=O)(=O)NC1C[C@@H]2CC[C@@H](C1)N2c1ccc(C#N)c(C(F)(F)F)c1,2040.0,0
Cc1c(N2C3CCC2CC(C)(O)C3)ccc(C#N)c1Cl,1.0,1
C[C@H](c1ccc(F)cc1)N1C(=O)O[C@](Cc2ccccc2)(c2nc3cc(Cl)ccc3[nH]2)C1=O,3100.0,0
C[C@H](c1ccc(F)cc1)N1C(=O)O[C@](Cc2ccccc2)(c2nc3cc(C(F)(F)F)ccc3[nH]2)C1=O,3000.0,0
C[C@H](c1ccc(F)cc1)N1C(=O)O[C@](Cc2ccccc2)(c2nc3cc(NS(C)(=O)=O)ccc3[nH]2)C1=O,13000.0,0
C[C@H](c1ccc(F)cc1)N1C(=O)O[C@](Cc2ccccc2)(c2nc3cc(-c4cc[nH]n4)ccc3[nH]2)C1=O,3100.0,0
Cc1nocc1-c1ccc2[nH]c([C@@]3(Cc4ccccc4)OC(=O)N([C@H](C)c4ccc(F)cc4)C3=O)nc2c1,3400.0,0
C[C@H](c1ccc(F)cc1)N1C(=O)O[C@](Cc2ccccc2)(c2nc3cc(N4CCOCC4)ccc3[nH]2)C1=O,7700.0,0
C[C@H](c1ccc(F)cc1)N1C(=O)O[C@](Cc2ccccc2)(c2nc3cc(-c4cccnc4)ccc3[nH]2)C1=O,3700.0,0
C[C@H](c1ccc(F)cc1)N1C(=O)O[C@](Cc2ccccc2)(c2nc3c(NS(C)(=O)=O)cccc3[nH]2)C1=O,11000.0,0
CC(=O)OC[C@]12CC[C@H]3[C@@H](CC=C4C=CCC(=O)[C@@]43C)[C@]1(O)CC[C@@]2(O)[C@@](C)(O)[C@H]1CC(C)=C(C)C(=O)O1,2840.0,0
CC(=O)OC[C@]12CC[C@H]3[C@@H](CC=C4CC=CC(=O)[C@@]43C)[C@]1(O)[C@@H](OC(C)=O)C[C@@]2(O)[C@@](C)(O)[C@H]1CC(C)=C(C)C(=O)O1,2255.0,0
CC(=O)OC[C@]12CC[C@H]3[C@@H](CC=C4C=CCC(=O)[C@@]43C)[C@]1(O)[C@@H](OC(C)=O)C[C@@]2(O)[C@@](C)(O)[C@H]1CC(C)=C(C)C(=O)O1,910.0,1
CC(=O)OC[C@]12CC[C@H]3[C@@H](CC=C4CC=CC(=O)[C@@]43C)[C@]1(O)CC[C@@]2(O)[C@@](C)(O)[C@H]1CC(C)=C(C)C(=O)O1,665.0,1
C[C@]12O[C@@](C)(C[C@@H]1O)[C@H]1C(=O)N(c3ccc(C#N)c(I)c3)C(=O)[C@H]12,10.0,1
C[C@]12O[C@@](C)(C[C@H]1C(=O)O)[C@H]1C(=O)N(c3ccc(C#N)c(C(F)(F)F)c3)C(=O)[C@H]12,5000.0,0
CC(C)OC(=O)[C@@H]1C[C@]2(C)O[C@]1(C)[C@@H]1C(=O)N(c3ccc(C#N)c(C(F)(F)F)c3)C(=O)[C@@H]12,22.0,1
CN(C(=O)[C@@H]1C[C@]2(C)O[C@]1(C)[C@@H]1C(=O)N(c3ccc(C#N)c(C(F)(F)F)c3)C(=O)[C@@H]12)c1ccccc1,34.0,1
C[C@]12O[C@@](C)(C[C@H]1N)[C@H]1C(=O)N(c3ccc(C#N)c(C(F)(F)F)c3)C(=O)[C@H]12,60.0,1
CCC(=O)N[C@@H]1C[C@]2(C)O[C@]1(C)[C@@H]1C(=O)N(c3ccc(C#N)c(C(F)(F)F)c3)C(=O)[C@@H]12,23.0,1
CNS(=O)(=O)N[C@@H]1C[C@]2(C)O[C@]1(C)[C@@H]1C(=O)N(c3ccc(C#N)c(C(F)(F)F)c3)C(=O)[C@@H]12,34.0,1
CC(C)NC(=O)N[C@@H]1C[C@]2(C)O[C@]1(C)[C@@H]1C(=O)N(c3ccc(C#N)c(C(F)(F)F)c3)C(=O)[C@@H]12,60.0,1
CN1CCN(OC(=O)N[C@@H]2C[C@]3(C)O[C@]2(C)[C@@H]2C(=O)N(c4ccc(C#N)c(C(F)(F)F)c4)C(=O)[C@@H]23)CC1,6.0,1
C[C@]12O[C@@](C)(C[C@H]1NS(C)(=O)=O)[C@H]1C(=O)N(c3ccc(C#N)c(C(F)(F)F)c3)C(=O)[C@H]12,20.0,1
C[C@]12O[C@@](C)(C[C@H]1NS(=O)(=O)c1ccccc1)[C@H]1C(=O)N(c3ccc(C#N)c(C(F)(F)F)c3)C(=O)[C@H]12,1.0,1
C[C@]12O[C@@](C)(C[C@H]1NS(=O)(=O)c1ccccc1F)[C@H]1C(=O)N(c3ccc(C#N)c(C(F)(F)F)c3)C(=O)[C@H]12,10.0,1
C[C@]12O[C@@](C)(C[C@H]1NS(=O)(=O)c1cccnc1)[C@H]1C(=O)N(c3ccc(C#N)c(C(F)(F)F)c3)C(=O)[C@H]12,7.0,1
CCS(=O)(=O)N[C@@H]1C[C@]2(C)O[C@]1(C)[C@@H]1C(=O)N(c3ccc(C#N)c(C(F)(F)F)c3)C(=O)[C@@H]12,16.0,1
CCC1CCc2cc3c(C(F)(F)F)cc(=O)[nH]c3cc2N1,14.0,1
CCCNc1ccc2c(C(F)(F)F)cc(=O)[nH]c2c1,32.0,1
Nc1ccc2c(C(F)(F)F)cc(=O)[nH]c2c1,28.0,1
CNc1ccc2c(C(F)(F)F)cc(=O)[nH]c2c1,30.0,1
CCNc1ccc2c(C(F)(F)F)cc(=O)[nH]c2c1,35.0,1
CCCCNc1ccc2c(C(F)(F)F)cc(=O)[nH]c2c1,67.0,1
CC(C)Nc1ccc2c(C(F)(F)F)cc(=O)[nH]c2c1,56.0,1
CC(C)CNc1ccc2c(C(F)(F)F)cc(=O)[nH]c2c1,74.0,1
CC(C)(C)CNc1ccc2c(C(F)(F)F)cc(=O)[nH]c2c1,98.0,1
CCC(C)(C)Nc1ccc2c(C(F)(F)F)cc(=O)[nH]c2c1,209.0,1
C=CC(C)(C)Nc1ccc2c(C(F)(F)F)cc(=O)[nH]c2c1,122.0,1
O=c1cc(C(F)(F)F)c2ccc(NC3CCC3)cc2[nH]1,43.0,1
O=c1cc(C(F)(F)F)c2ccc(NC3CCCC3)cc2[nH]1,149.0,1
O=c1cc(C(F)(F)F)c2ccc(NC3CCCCC3)cc2[nH]1,507.0,1
O=c1cc(C(F)(F)F)c2ccc(NCC(F)(F)F)cc2[nH]1,21.0,1
O=c1cc(C(F)(F)F)c2ccc(NCC(F)(F)C(F)(F)F)cc2[nH]1,58.0,1
O=c1cc(C(F)(F)F)c2ccc(NCc3ccccc3)cc2[nH]1,294.0,1
CN(C)c1ccc2c(C(F)(F)F)cc(=O)[nH]c2c1,1160.0,0
CCN(CC)c1ccc2c(C(F)(F)F)cc(=O)[nH]c2c1,591.0,1
CCN(CC(F)(F)F)c1ccc2c(C(F)(F)F)cc(=O)[nH]c2c1,42.0,1
CCCN(CC(F)(F)F)c1ccc2c(C(F)(F)F)cc(=O)[nH]c2c1,549.0,1
Cc1cc2c(C(F)(F)F)cc(=O)[nH]c2cc1N,76.0,1
CCc1cc2c(C(F)(F)F)cc(=O)[nH]c2cc1N,23.0,1
CCCc1cc2c(C(F)(F)F)cc(=O)[nH]c2cc1N,19.0,1
CCC(C)c1cc2c(C(F)(F)F)cc(=O)[nH]c2cc1N,14.0,1
CCCNc1cc2[nH]c(=O)cc(C(F)(F)F)c2cc1C,674.0,1
Cc1cc2c(C(F)(F)F)cc(=O)[nH]c2cc1NCC(C)C,301.0,1
CCc1cc2c(C(F)(F)F)cc(=O)[nH]c2cc1NC,504.0,1
CCc1cc2c(C(F)(F)F)cc(=O)[nH]c2cc1NCC(F)(F)F,216.0,1
O=c1cc(C(F)(F)F)c2ccc(NCC(F)(F)F)cc2o1,50.0,1
O=c1cc(C(F)(F)F)c2ccc(N(CC(F)(F)F)CC(F)(F)F)cc2o1,63.0,1
CCNc1ccc2[nH]c(=O)cc(C(F)(F)F)c2c1,111.0,1
O=c1cc(C(F)(F)F)c2cc(NCC(F)(F)F)ccc2[nH]1,18.0,1
O=c1cc(C(F)(F)F)c2cc(NCC(F)(F)C(F)(F)F)ccc2[nH]1,17.0,1
O=c1cc(C(F)(F)F)c2cc(NC3CCCC3)ccc2[nH]1,42.0,1
CC(C)CNc1ccc2[nH]c(=O)cc(C(F)(F)F)c2c1,22.0,1
CC(C)(C)CNc1ccc2[nH]c(=O)cc(C(F)(F)F)c2c1,27.0,1
O=c1cc(C(F)(F)F)c2cc(N(Cc3ccccc3)CC(F)(F)F)ccc2[nH]1,10000.0,0
O=c1cc(C(F)(F)F)c2cc(N(Cc3cccs3)CC(F)(F)F)ccc2[nH]1,10000.0,0
CCOC(=O)CN(CC(F)(F)F)c1ccc2[nH]c(=O)cc(C(F)(F)F)c2c1,19.0,1
O=C(N(CC(F)(F)F)c1ccc2[nH]c(=O)cc(C(F)(F)F)c2c1)C(F)(F)F,4.1,1
O=c1cc(C(F)(F)F)c2cc(N(Cc3ccoc3)CC(F)(F)F)ccc2[nH]1,10000.0,0
CC(=O)C(C)N(CC(F)(F)F)c1ccc2[nH]c(=O)cc(C(F)(F)F)c2c1,10000.0,0
CCOC(=O)C(CC)Oc1ccc2c(C)cc(=O)oc2c1,5000.0,0
Cc1cc(=O)oc2cc(OCC(=O)C(C)(C)C)ccc12,3760.0,0
Cc1cc(=O)oc2cc(OC(C)C(=O)c3ccccc3)ccc12,5090.0,0
CC(O)(CSc1cc(C(F)(F)F)cc(C(F)(F)F)c1)C(=O)Nc1ccc([N+](=O)[O-])c(C(F)(F)F)c1,710.0,1
CC(O)(CS(=O)(=O)c1cc(C(F)(F)F)cc(C(F)(F)F)c1)C(=O)Nc1ccc([N+](=O)[O-])c(C(F)(F)F)c1,3100.0,0
Cc1cc(C(=O)NC[C@H]2CC[C@H](Oc3ccnc4c(C#N)cccc34)CC2)no1,650.0,1
N#Cc1ccc(N2C[C@H]3[C@H]4CC[C@H](C4)[C@@]3(C(N)=O)S2(=O)=O)cc1C(F)(F)F,55.0,1
[C-]#[N+]c1ccc(N2C(=O)C3(CCC3)N(c3ccc(CCCC(=O)NC)cc3)C2=S)cc1C(F)(F)F,92.0,1
N#Cc1cccc2c(O[C@H]3CC[C@H](NC(=O)c4ccc(Cl)c(F)c4)CC3)ccnc12,61.0,1
C[C@@]12[C@@H]3C=C[C@@H](C3)[C@@H]1CN(c1ccc(C#N)c(C(F)(F)F)c1)S2(=O)=O,30.0,1
Cc1nocc1C(=O)NC[C@H]1CC[C@H](Oc2ccnc3c(F)cccc23)CC1,210.0,1
O=C(N[C@H]1CC[C@H](Oc2ccnc3c(Br)cccc23)CC1)c1ccc(F)cc1,477.0,1
[C-]#[N+]c1ccc(N2C(=O)C3(CCC3)N(c3ccc(N4CCN(S(C)(=O)=O)CC4)cc3)C2=S)cc1C(F)(F)F,138.0,1
CNC(=O)[C@@]12[C@@H](CN(c3ccc(C#N)c(C(F)(F)F)c3)S1(=O)=O)[C@H]1C[C@H](F)[C@@H]2C1,57.0,1
[C-]#[N+]c1ccc(N2C(=O)C(C)(C)N(c3ccc(OC(=O)CCl)cc3)C2=S)cc1C(F)(F)F,131.0,1
[C-]#[N+]c1ccc(N2C(=O)C(C)(C)N(c3ccc(N)cc3)C2=S)cc1C(F)(F)F,273.0,1
O=C(N[C@H]1CC[C@H](Oc2ccnc3c(Br)cccc23)CC1)c1cccc(F)c1,93.0,1
O=C(NC[C@H]1CC[C@H](Oc2ccnc3c(F)cccc23)CC1)c1ccon1,740.0,1
N#Cc1cccc2c(O[C@H]3CC[C@H](NC(=O)c4ccc(F)c(Cl)c4)CC3)ccnc12,67.0,1
C[C@@]12[C@@H]3CC[C@@H](C3O)[C@@H]1CN(c1ccc(C#N)c(C(F)(F)F)c1)S2(=O)=O,385.5,1
[C-]#[N+]c1ccc(N2C(=O)C3(CCCCC3)N(c3ccc(C)cc3)C2=S)cc1C(F)(F)F,194.0,1
O=C(NC[C@H]1CC[C@H](Oc2ccnc3c(F)cccc23)CC1)c1cc[nH]n1,420.0,1
Cc1ccc(C(=O)N[C@H]2CC[C@H](Oc3ccnc4c(Br)cccc34)CC2)cc1F,68.0,1
N#Cc1ccc(C(=O)N[C@H]2CC[C@H](Oc3ccnc4c(Br)cccc34)CC2)cc1,261.0,1
O=C(N[C@H]1CC[C@H](Oc2ccnc3ccccc23)CC1)c1cccc(F)c1,32.0,1
O=C(NC[C@H]1CC[C@H](Oc2ccnc3ccccc23)CC1)c1ccc(F)c(F)c1,64.0,1
O=C(NC[C@H]1CC[C@H](Oc2ccnc3c(F)cccc23)CC1)c1ccc(F)cc1,240.0,1
N#Cc1ccc(N2C[C@H]3[C@H]4CC[C@H](C4)[C@H]3S2(=O)=O)cc1C(F)(F)F,130.0,1
[C-]#[N+]c1ccc(N2C(=O)C3(CCCC3)N(c3ccc([N+](=O)[O-])cc3)C2=S)cc1C(F)(F)F,498.0,1
C[C@@]12[C@@H](CN(c3ccc(C#N)c(C(F)(F)F)c3)S1(=O)=O)[C@H]1C[C@H](O)[C@@H]2C1,106.0,1
N#Cc1cccc2c(O[C@H]3CC[C@H](NC(=O)c4cccc(F)c4)CC3)ccnc12,19.5,1
CNC(=O)[C@@]12[C@@H]3CC[C@@H](C3)[C@@H]1CN(c1ccc(C#N)c(C(F)(F)F)c1)S2(=O)=O,44.0,1
N#Cc1ccc(C(=O)NC[C@H]2CC[C@H](Oc3ccnc4ccccc34)CC2)cc1,330.0,1
C[C@@]12[C@@H]3CC[C@@H](C3)[C@@H]1CN(c1ccc(C#N)c(C(F)(F)F)c1)S2(=O)=O,73.0,1
O=S(=O)(Nc1ccc(Oc2ccccc2)cc1)c1cccc(C(F)(F)F)c1,5300.0,0
O=C(N[C@H]1CC[C@H](Oc2ccnc3c(Br)cccc23)CC1)c1ccc(C(F)(F)F)c(F)c1,463.0,1
N#Cc1cccc2c(O[C@H]3CC[C@H](NC(=O)c4cc(F)cc(F)c4)CC3)ccnc12,39.0,1
O=C(N[C@H]1CC[C@H](Oc2ccnc3c(Br)cccc23)CC1)c1ccc(F)c(F)c1,170.0,1
Cc1cc(C(=O)N[C@H]2CC[C@H](Oc3ccnc4c(C#N)cccc34)CC2)no1,18.0,1
[C-]#[N+]c1ccc(N2C(=O)C3(CCN(C)CC3)N(c3ccc(C)cc3)C2=S)cc1C(F)(F)F,638.0,1
CCS(=O)(=O)N[C@@H]1C[C@@]2(C)O[C@]1(C)[C@@H]1C(=O)N(c3ccc(C#N)c(C(F)(F)F)c3)C(=O)[C@@H]12,84.5,1
N#Cc1cccc2c(O[C@H]3CC[C@H](NC(=O)c4ccc(F)cc4)CC3)ccnc12,140.0,1
[C-]#[N+]c1ccc(N2C(=O)C3(CCC3)N(c3ccccc3C)C2=S)cc1C(F)(F)F,258.0,1
Cc1cc(C(=O)NC[C@H]2CC[C@H](Oc3ccnc4c(F)cccc34)CC2)no1,480.0,1
[C-]#[N+]c1ccc(N2C(=O)C(CCl)(CCl)N(c3ccc(C)cc3)C2=S)cc1C(F)(F)F,521.0,1
C[C@@]12[C@@H]3CC[C@@H](C3=O)[C@@H]1CN(c1ccc(C#N)c(C(F)(F)F)c1)S2(=O)=O,67.0,1
[C-]#[N+]c1ccc(N2C(=O)C3(CCC3)N(c3ccc(CCC(=O)NCCO)cc3)C2=S)cc1C(F)(F)F,732.0,1
O=C(N[C@H]1CC[C@H](Oc2ccnc3c(Br)cccc23)CC1)c1ccc(F)c(Cl)c1,190.0,1
O=C(N[C@H]1CC[C@H](Oc2ccnc3ccccc23)CC1)c1ccc(F)c(F)c1,45.0,1
[C-]#[N+]c1ccc(N2C(=O)C(C)(C)N(c3ccc(C(F)(F)F)cc3)C2=S)cc1C(F)(F)F,143.0,1
[C-]#[N+]c1ccc(N2C(=O)C3(CCC3)N(c3ccc(CCC(N)=O)cc3)C2=S)cc1C(F)(F)F,224.0,1
C[C@@]12[C@H]3C[C@H]([C@H](O)C3)[C@@H]1CN(c1ccc(C#N)c(C(F)(F)F)c1)S2(=O)=O,430.0,1
[C-]#[N+]c1ccc(N2C(=O)C3(CCC3)N(c3ccc(C)cc3)C2=S)cc1C(F)(F)F,124.0,1
[C-]#[N+]c1ccc(N2C(=S)N(c3ccc(O)cc3)C(C)(C)C2=S)cc1C(F)(F)F,278.0,1
[C-]#[N+]c1ccc(N2C(=O)C(C)(CF)N(c3ccc(C)cc3)C2=S)cc1C(F)(F)F,126.0,1
[C-]#[N+]c1ccc(N2C(=O)C3(CCC3)N(c3ccc(O)cc3)C2=S)cc1C(F)(F)F,162.0,1
Cc1cc(C(=O)NC[C@H]2CC[C@H](Oc3ccnc4ccccc34)CC2)no1,210.0,1
[C-]#[N+]c1ccc(N2C(=O)C3(CCC3)N(c3ccc(CO)cc3)C2=S)cc1C(F)(F)F,311.0,1
C[C@@]12[C@@H](CN(c3ccc(C#N)c(C(F)(F)F)c3)S1(=O)=O)[C@H]1C[C@H](F)[C@@H]2C1,91.0,1
O=C(NC[C@H]1CC[C@H](Oc2ccnc3c(Br)cccc23)CC1)c1ccon1,630.0,1
CC1(C)C(=O)N(c2ccc(C#N)c(C(F)(F)F)c2)C(=S)N1c1ccc(C(=O)Nc2ccccc2N)c(F)c1,1700.0,0
[C-]#[N+]c1ccc(N2C(=O)C3(CCCC3)N(c3ccc(C#N)cc3)C2=S)cc1C(F)(F)F,469.0,1
[C-]#[N+]c1ccc(N2C(=O)C3(CCC3)N(c3ccc4ccccc4c3)C2=S)cc1C(F)(F)F,1000.0,0
[C-]#[N+]c1ccc(N2C(=O)C(C)(C)N(c3ccc(C)cc3)C2=S)cc1C(F)(F)F,125.0,1
[C-]#[N+]c1ccc(N2C(=O)C3(CCC3)N(c3ccc(CCCC(=O)OC)cc3)C2=S)cc1C(F)(F)F,432.0,1
N#Cc1cccc2c(O[C@H]3CC[C@H](CNC(=O)c4ccon4)CC3)ccnc12,720.0,1
[C-]#[N+]c1ccc(N2C(=O)C(C)(C)N(c3ccccc3)C2=S)cc1C(F)(F)F,149.0,1
N#Cc1cccc2c(O[C@H]3CC[C@H](NC(=O)c4ccc(F)c(F)c4)CC3)ccnc12,43.0,1
[C-]#[N+]c1ccc(N2C(=O)C(C)(C)N(c3cc(C)ccn3)C2=S)cc1C(F)(F)F,457.0,1
[C-]#[N+]c1ccc(N2C(=O)C(C)(C)N(c3ccccn3)C2=S)cc1C(F)(F)F,723.0,1
[C-]#[N+]c1ccc(N2C(=O)C(C)(C)N(c3ccccc3C(=O)O)C2=S)cc1C(F)(F)F,523.0,1
[C-]#[N+]c1ccc(N2C(=O)C3(CCC3)N(c3ccc(CCCC(N)=O)cc3)C2=S)cc1C(F)(F)F,112.0,1
[C-]#[N+]c1ccc(N2C(=O)C3(CCC3)N(c3ccc(N4CCNCC4)cc3)C2=S)cc1C(F)(F)F,718.0,1
Cc1ccc(C(=O)N[C@H]2CC[C@H](Oc3ccnc4c(C#N)cccc34)CC2)cc1F,45.0,1
Cc1cc(C(=O)N[C@H]2CC[C@H](Oc3ccnc4c(Br)cccc34)CC2)no1,20.0,1
[C-]#[N+]c1ccc(N2C(=O)C3(CCC3)N(c3ccc(CCC(=O)NC)cc3)C2=S)cc1C(F)(F)F,234.0,1
O=C(NC[C@H]1CC[C@H](Oc2ccnc3ccccc23)CC1)c1cccc(F)c1,184.5,1
[C-]#[N+]c1ccc(N2C(=O)C3(CCCCCC3)N(c3ccc(C)cc3)C2=S)cc1C(F)(F)F,232.0,1
[C-]#[N+]c1ccc(N2C(=O)N(c3ccc(O)cc3)C(C)(C)C2=O)cc1C(F)(F)F,369.0,1
O=C(NC[C@H]1CC[C@H](Oc2ccnc3c(F)cccc23)CC1)c1ccno1,460.0,1
[C-]#[N+]c1ccc(N2C(=O)C3(CCC3)N(c3ccc(-c4ccccc4)cc3)C2=S)cc1C(F)(F)F,283.0,1
[C-]#[N+]c1ccc(N2C(=O)C3(CCCC3)N(c3ccc(C)cc3)C2=S)cc1C(F)(F)F,147.0,1
Cc1cc(C(=O)NC[C@H]2CC[C@H](Oc3ccnc4c(Br)cccc34)CC2)no1,690.0,1
[C-]#[N+]c1ccc(N2C(=O)C3(CCC3)N(c3cc(C)n[nH]3)C2=S)cc1C(F)(F)F,1000.0,0
[C-]#[N+]c1ccc(N2C(=O)C(C)(C)N(c3ccc(O)cc3)C2=S)cc1C(F)(F)F,137.0,1
N#Cc1ccc(N2C[C@@H]3[C@@H]([C@@H]4C=C[C@H]3C4)S2(=O)=O)cc1C(F)(F)F,219.0,1
COc1ccc(-c2csc(N3C(=O)c4ccc(F)cc4C3=O)n2)cc1,8170.0,0
Cc1c(N2CC[C@](C)(O)[C@@H]2C)ccc(C#N)c1Cl,0.49,1
O=C1COc2ccc(N3CCOC[C@H]3c3ccccc3)cc2N1,10000.0,0
CCOc1nccc2c1[C@H](c1ccc(C#N)cc1OC)C(C#N)=C(C)N2,2800.0,0
C[C@@H]1N(c2ccc(C#N)c(Cl)c2)CC[C@]1(C)O,0.52,1
O=C1c2ccc(F)cc2C(=O)N1c1nc(-c2ccc(F)cc2)cs1,21510.0,0
Cc1ccc(-c2csc(N3C(=O)c4ccccc4C3=O)n2)cc1,29040.0,0
CC[C@H]1[C@@H](O)CC(=O)N1c1ccc(C#N)c(C(F)(F)F)c1,3.6,1
Cc1c(N2CC[C@H](O)[C@@H]2C)ccc(C#N)c1Cl,0.72,1
N#Cc1ccc(N2C(=O)C3Cc4ccccc4N3C2=S)cc1C(F)(F)F,18750.0,0
Cc1c(N2CC[C@](C)(O)[C@@H]2C)ccc(C#N)c1F,1.0,1
CCOc1ncc(C)c2c1[C@H](c1ccc(C#N)cc1OC)C(C#N)=C(C)N2,2400.0,0
[C-]#[N+]c1ccc(N2C(=S)N(c3ccc(C)cc3)C(C)(C)/C2=N/C(=S)NCC)cc1C(F)(F)F,157.0,1
[C-]#[N+]c1ccc(N2C(=S)N(c3ccc(C)cc3)C3(CCC3)/C2=N/C(=S)Nc2ccc(C#N)c(C(F)(F)F)c2)cc1C(F)(F)F,144.0,1
[C-]#[N+]c1ccc(N2C(=S)N(c3ccc(C)cc3)C3(CCC3)/C2=N/C)cc1C(F)(F)F,222.0,1
[C-]#[N+]c1ccc(N2C(=S)N(c3ccc(C)cc3)C3(CCC3)/C2=N/C(=S)Nc2ccccc2)cc1C(F)(F)F,176.0,1
CN(C)c1ccc([C@H]2C[C@@]3(C)[C@@H](CC[C@@]3(O)C#CC(C)(C)C)[C@@H]3CCC4=CC(=O)CC[C@@H]4[C@H]32)cc1,165.0,1
CC(C)N(C)c1ccc([C@H]2C[C@@]3(C)[C@@H](CC[C@@]3(O)C#CC(C)(C)C)[C@@H]3CCC4=CC(=O)CC[C@@H]4[C@H]32)cc1,484.0,1
CCOC(=O)Nc1cc2c(cc1F)CC1C(=O)N(c3ccc(C#N)c(C(F)(F)F)c3)C(=S)N1C2,7390.0,0
CN(C)c1ccc([C@H]2C[C@@]3(C)[C@@H](CC[C@@]3(O)C#CC(C)(C)C)[C@@H]3CCC4=CC(=O)CCC4=C32)cc1,129.0,1
Cc1cc(C(O)(C(F)(F)F)C(F)(F)F)cc2c3ccc(F)cc3c(=O)n(C)c12,300.0,1
Cc1cc(C(O)(C(F)(F)F)C(F)(F)F)cc2c1[nH]c(=O)c1ccccc12,20000.0,0
Cc1cc(C(O)(C(F)(F)F)C(F)(F)F)cc2c1[nH]c(=O)c1cc(F)ccc12,1800.0,0
COc1ccc2oc(-c3ccccc3OC)cc(=O)c2c1,6190.0,0
O=C1c2ccccc2C(=Cc2cccc(O)c2)c2ccccc21,5158.1,0
O=C1CC(c2ccccc2O)Oc2cc(O)cc(O)c21,10000.0,0
O=C1CC(c2ccccc2O)Oc2ccc(Cl)cc21,1680.0,0
CC(C)Oc1ccccc1/C=C/C(=O)c1cc(Br)ccc1O,5055.0,0
COc1ccccc1/C=C/C(=O)c1cc(Cl)ccc1O,10000.0,0
O=C1CC(c2ccccc2O)Oc2c(Br)cc(Br)cc21,3570.0,0
COc1ccccc1/C=C/C(=O)c1cc(Br)ccc1O,2935.0,0
CCCOc1ccccc1/C=C/C(=O)c1cc(Br)ccc1O,3960.0,0
COc1ccccc1/C=C/C(=O)c1cc(F)ccc1O,5010.0,0
COc1cc(/C=C/C(=O)c2cc(Cl)ccc2O)ccc1O,5950.0,0
COc1ccccc1/C=C/C(=O)c1cc(I)ccc1O,1720.0,0
CCOc1ccccc1/C=C/C(=O)c1cc(Br)ccc1O,5270.0,0
COCOc1ccccc1/C=C/C(=O)c1cc(F)ccc1O,10000.0,0
COc1ccc(O)c(C(=O)/C=C/c2ccccc2OC)c1,5500.0,0
O=C1CC(c2ccccc2O)Oc2ccc(Br)cc21,1770.0,0
O=C(/C=C/c1ccc2c(c1)OCO2)c1cc(Cl)ccc1O,4360.0,0
O=C(/C=C/c1ccccc1O)c1cc(F)ccc1O,1420.0,0
O=C1CC(c2ccccc2O)Oc2ccc(I)cc21,4260.0,0
O=C(/C=C/c1ccccc1O)c1cc(Br)ccc1O,8690.0,0
O=C(/C=C/c1ccccc1O)c1cc(I)ccc1O,1640.0,0
O=C(/C=C/c1ccccc1O)c1cc(Br)cc(Br)c1O,2870.0,0
O=C1CC(c2ccccc2O)Oc2cc(O)ccc21,10000.0,0
CC(O)c1cc(C(=O)N[C@@H](C)Cn2ccc(-c3ccc(C#N)c(Cl)c3)n2)n[nH]1,26.0,1
CC(=O)OC[C@H](COc1ccc(C(C)(C)c2ccc(OC[C@@H](CCl)OC(C)=O)cc2)cc1)OC(C)=O,9600.0,0
C[C@](O)(CN1CCc2ccc(F)cc21)C(=O)Nc1ccc(C#N)c(C(F)(F)F)c1,39.0,1
C[C@](O)(CN1CCc2c(F)cccc21)C(=O)Nc1ccc(C#N)c(C(F)(F)F)c1,59.0,1
CC(O)(CCc1ccc(N=C=S)cc1)C(=O)Nc1ccc([N+](=O)[O-])c(C(F)(F)F)c1,10000.0,0
Oc1ccc2c(O)ncc(-c3cc(F)c(F)c(F)c3)c2c1,80000.0,0
C[C@](O)(Cn1ccc2c(-c3ccccc3)cccc21)C(=O)Nc1ccc(C#N)c(C(F)(F)F)c1,10000.0,0
Cc1cn(C[C@](C)(O)C(=O)Nc2ccc(C#N)c(C(F)(F)F)c2)c2ccc(F)cc12,157.0,1
C[C@](O)(CN1CCc2ccccc21)C(=O)Nc1ccc(C#N)c(C(F)(F)F)c1,142.0,1
C[C@](O)(Cn1ccc2cc(F)ccc21)C(=O)Nc1ccc(C#N)c(C(F)(F)F)c1,85.0,1
C[C@](O)(Cn1ccc2ccccc21)C(=O)Nc1ccc(C#N)c(C(F)(F)F)c1,64.0,1
CC1(C)CCc2cc3c(cc2N1)NC(C#N)C=C3C(F)(F)F,9.0,1
C[C@](O)(Cn1ccc2cc(F)c(-c3ccccc3)cc21)C(=O)Nc1ccc(C#N)c(Cl)c1,203.0,1
CC#C[C@]1(O)CC[C@H]2[C@@H]3CCC4=CC(=O)CC[C@]4(C)[C@H]3[C@@H](c3ccc(-n4cccc4)cc3)C[C@@]21C,354.0,1
CCOC(=O)c1cn(C[C@](C)(O)C(=O)Nc2ccc(C#N)c(C(F)(F)F)c2)c2ccccc12,972.0,1
C[C@](O)(CN1CCc2cc(Br)ccc21)C(=O)Nc1ccc(C#N)c(Cl)c1,835.0,1
C[C@](O)(Cn1cc(-c2ccccc2)c2cc(F)ccc21)C(=O)Nc1ccc(C#N)c(Cl)c1,1032.0,0
CC#C[C@]1(O)CC[C@H]2[C@@H]3CCC4=CC(=O)CC[C@]4(C)[C@H]3[C@@H](c3ccc(N(C)C(C)C)cc3)C[C@@]21C,2246.0,0
CC#C[C@]1(O)CC[C@H]2[C@@H]3CCC4=CC(=O)CC[C@]4(C)[C@H]3[C@@H](c3ccc(N4CCCC4)cc3)C[C@@]21C,3146.0,0
C[C@](O)(Cn1ccc2c(F)cccc21)C(=O)Nc1ccc(C#N)c(C(F)(F)F)c1,127.0,1
C[C@](O)(Cn1ccc2cc(Br)ccc21)C(=O)Nc1ccc(C#N)c(C(F)(F)F)c1,918.0,1
CCC(C)(C)C#C[C@]1(O)CC[C@H]2[C@@H]3CCC4=CC(=O)CC[C@@H]4[C@H]3[C@@H](c3ccc(N(C)C)cc3)C[C@@]21C,175.0,1
C[C@](O)(Cn1ccc2cc(F)c(-c3ccccc3)cc21)C(=O)Nc1ccc(C#N)c(C(F)(F)F)c1,215.0,1
CC(=O)O[C@H]1CC[C@@]2(C)C(=CC[C@@H]3[C@@H]2CC[C@]2(C)c4c(C)nc5[nH]c6ccccc6c5c4C[C@@H]32)C1,315.0,1
CC1(C)NC(=O)N(c2ccc(F)c(C(F)(F)F)c2)C1=O,4400.0,0
CC(C)C#C[C@]1(O)CC[C@H]2[C@@H]3CCC4=CC(=O)CC[C@]4(C)[C@H]3[C@@H](c3ccc(N(C)C)cc3)C[C@@]21C,5000.0,0
C[C@](O)(CN1CCc2cc(F)c(F)cc21)C(=O)Nc1ccc(C#N)c(C(F)(F)F)c1,101.0,1
C[C@](O)(Cn1ccc2ccc(F)cc21)C(=O)Nc1ccc(C#N)c(C(F)(F)F)c1,85.0,1
C[C@](O)(Cn1ccc2cc(F)ccc21)C(=O)Nc1ccc(C#N)c(Cl)c1,94.0,1
C[C@](O)(Cn1ccc2c(F)cc(-c3ccc(F)cc3)cc21)C(=O)Nc1ccc(C#N)c(C(F)(F)F)c1,898.0,1
C[C@@](O)(Cn1ccc2cc(F)ccc21)C(=O)Nc1ccc(C#N)c(C(F)(F)F)c1,598.0,1
CN(C)c1ccc([C@H]2C[C@@]3(C)[C@@H](CC[C@@]3(O)C#CC(C)(C)C)[C@@H]3CCC4=CC(=O)CC[C@]4(C)[C@H]32)cc1,5000.0,0
CCC#C[C@]1(O)CC[C@H]2[C@@H]3CCC4=CC(=O)CC[C@]4(C)[C@H]3[C@@H](c3ccc(N(C)C)cc3)C[C@@]21C,2955.0,0
CC(C)(C)C#C[C@]1(O)CC[C@H]2[C@@H]3CCC4=CC(=O)CC[C@@H]4[C@H]3[C@@H](c3ccc(N4CCN(S(C)(=O)=O)CC4)cc3)C[C@@]21C,359.0,1
C[C@](O)(Cn1ccc2c(F)cccc21)C(=O)Nc1ccc(C#N)c(Cl)c1,142.0,1
CN(C)c1ccc([C@H]2C[C@@]3(C)[C@@H](CC[C@@]3(O)C#CC(F)(F)F)[C@@H]3CCC4=CC(=O)CC[C@]4(C)[C@H]32)cc1,642.0,1
COCC#C[C@]1(O)CC[C@H]2[C@@H]3CCC4=CC(=O)CC[C@]4(C)[C@H]3[C@@H](c3ccc(N(C)C)cc3)C[C@@]21C,5000.0,0
CC#C[C@]1(O)CC[C@H]2[C@@H]3CCC4=CC(=O)CC[C@]4(C)[C@H]3[C@@H](c3ccc(OC)cc3)C[C@@]21C,561.0,1
C[C@](O)(Cn1ccc2c(F)c(-c3ccccc3)ccc21)C(=O)Nc1ccc(C#N)c(C(F)(F)F)c1,1015.0,0
C[C@](O)(CN1CCc2cc(F)c(F)cc21)C(=O)Nc1ccc(C#N)c(Cl)c1,32.0,1
C[C@](O)(CN1CCc2ccc(F)cc21)C(=O)Nc1ccc(C#N)c(Cl)c1,37.0,1
C[C@](O)(CN1CCc2c(F)cccc21)C(=O)Nc1ccc(C#N)c(Cl)c1,126.0,1
CN(C)c1ccc([C@H]2C[C@@]3(C)[C@@H](CC[C@@]3(O)C#CC3CC3)[C@@H]3CCC4=CC(=O)CC[C@]4(C)[C@H]32)cc1,1452.0,0
c1ccc2c(c1)CC(c1c[nH]c3ccccc13)N2,310.0,1
CC#C[C@]1(O)CC[C@H]2[C@@H]3CCC4=CC(=O)CC[C@]4(C)[C@H]3[C@@H](OCc3ccc(Cl)cc3)C[C@@]21C,85.0,1
C[C@](O)(CN1CCc2cc(F)c(-c3ccccc3)cc21)C(=O)Nc1ccc(C#N)c(Cl)c1,244.0,1
C[C@](O)(CN1CCc2cc(F)ccc21)C(=O)Nc1ccc(C#N)c(Cl)c1,130.0,1
C[C@](O)(Cn1ccc2cc(I)ccc21)C(=O)Nc1ccc(C#N)c(C(F)(F)F)c1,985.0,1
CC(C)(C)C#C[C@]1(O)CC[C@H]2[C@@H]3CCC4=CC(=O)CC[C@@H]4[C@H]3[C@@H](c3ccc(N4CCOCC4)cc3)C[C@@]21C,208.0,1
CC1(C)CCc2cc3c(cc2N1)NC(F)C=C3C(F)(F)F,22.0,1
C[C@](O)(Cn1ccc2ccc([N+](=O)[O-])cc21)C(=O)Nc1ccc(C#N)c(C(F)(F)F)c1,58.0,1
CC#C[C@]1(O)CC[C@H]2[C@@H]3CCC4=CC(=O)CC[C@]4(C)[C@H]3[C@@H](c3ccc(N(C)CCOC)cc3)C[C@@]21C,1295.0,0
C[C@](O)(Cn1cc(F)c2ccccc21)C(=O)Nc1ccc(C#N)c(Cl)c1,45.0,1
CC#C[C@]1(O)CC[C@H]2[C@@H]3CCC4=CC(=O)CC[C@]4(C)[C@H]3[C@@H](c3ccc(N(C)C)cc3)C[C@@]21C,912.0,1
CC(O)(CCc1ccc(N)cc1)C(=O)Nc1ccc([N+](=O)[O-])c(C(F)(F)F)c1,392.0,1
CC(C)(NC(=O)Nc1ccc(F)c(C(F)(F)F)c1)C(=O)O,3100.0,0
CCN(CC)c1ccc([C@H]2C[C@@]3(C)[C@@H](CC[C@@]3(O)C#CC(C)(C)C)[C@@H]3CCC4=CC(=O)CC[C@@H]4[C@H]32)cc1,263.0,1
C[C@](O)(Cn1ccc2nc(C#N)ccc21)C(=O)Nc1ccc(C#N)c(C(F)(F)F)c1,686.0,1
CN(C[C@](C)(O)C(=O)Nc1ccc(C#N)c(C(F)(F)F)c1)c1ccc(C#N)c(-c2ccccc2)c1,48.0,1
C[C@](O)(Cn1ccc2cccc(F)c21)C(=O)Nc1ccc(C#N)c(Cl)c1,234.0,1
C[C@](O)(Cn1ccc2cc([N+](=O)[O-])ccc21)C(=O)Nc1ccc(C#N)c(C(F)(F)F)c1,88.0,1
C[C@](O)(Cn1cc(C(=O)O)c2ccccc21)C(=O)Nc1ccc(C#N)c(C(F)(F)F)c1,10000.0,0
C[C@](O)(Cn1ccc2ccc(F)cc21)C(=O)Nc1ccc(C#N)c(Cl)c1,99.0,1
CN1CCN(c2ccc([C@H]3C[C@@]4(C)[C@@H](CC[C@@]4(O)C#CC(C)(C)C)[C@@H]4CCC5=CC(=O)CC[C@@H]5[C@H]43)cc2)CC1,1005.0,0
C[C@](O)(Cn1cc(C#N)c(Br)n1)C(=O)Nc1ccc(C#N)c(C(F)(F)F)c1,181.0,1
C[C@](O)(Cn1ccc(F)n1)C(=O)Nc1ccc(C#N)c(C(F)(F)F)c1,220.0,1
N#Cc1ccc(NC(=O)CS(=O)(=O)c2ccc(F)cc2)cc1C(F)(F)F,248.0,1
CC1(C)C(=O)N(c2ccc(F)c(C(F)(F)F)c2)C(=O)N1S(C)(=O)=O,6300.0,0
C[C@](O)(Cn1cc(F)cn1)C(=O)Nc1ccnc(Cl)c1,2470.0,0
C[C@](O)(Cn1ccc(C(F)(F)F)n1)C(=O)Nc1ccc(C#N)c(C(F)(F)F)c1,205.0,1
COC(=O)Nc1ccc(-c2cnn(C[C@](C)(O)C(=O)Nc3ccc(C#N)c(C(F)(F)F)c3)c2)cc1,827.0,1
CC(=O)c1cnn(C[C@](C)(O)C(=O)Nc2ccc(C#N)c(C(F)(F)F)c2)c1,758.0,1
CC1(C)C(=O)N(c2ccc(C#N)c(C(F)(F)F)c2)C(=S)N1c1ccc2c(c1)COC2=O,148.6,1
CC1(C)NC(=O)N(c2ccc(C(F)(F)F)nc2)C1=O,10000.0,0
CN1Cc2cc(N3C(=S)N(c4ccc(C#N)c(C(F)(F)F)c4)C(=O)C3(C)C)ccc2C1=O,590.2,1
CC1(C)NC(=O)N(Cc2ccc(F)c(C(F)(F)F)c2)C1=O,4200.0,0
N#Cc1ccc(N2C(=O)C3CCc4cc(-c5ccc(C(F)(F)F)cc5)ccc4N3C2=S)cc1C(F)(F)F,50000.0,0
CC1(C)NC(=O)N(c2ccc(F)c(C(F)F)c2)C1=O,10000.0,0
CC1(C)C(=O)N(c2ccc(C#N)c(C(F)(F)F)c2)C(=S)N1c1ccc2c(c1)CCOC2=O,195.5,1
N#Cc1ncc(N2C(=O)C3(COC3)N(c3ccc4c(c3)COC4=O)C2=S)cc1C(F)(F)F,26735.0,0
CN(C)C(=O)c1cc(N2C(=O)NC(C)(C)C2=O)ccc1F,9100.0,0
N#Cc1ncc(N2C(=O)C3(CCCC3)N(c3ccc4c(c3)COC4=O)C2=S)cc1C(F)(F)F,63.8,1
C[C@](O)(Cn1cc(-c2ccc(F)cc2)cn1)C(=O)Nc1ccc(C#N)c(C(F)(F)F)c1,969.0,1
CC(Cn1cc(F)cn1)C(=O)Nc1ccc(C#N)c(C(F)(F)F)c1,462.0,1
N#Cc1ccc(NC(=O)CCn2cc(F)cn2)cc1C(F)(F)F,2124.0,0
O=C1NC2(CCCCC2)C(=O)N1c1ccc(F)c(C(F)(F)F)c1,4200.0,0
Cc1ccc(N2C(=O)NC(C)(C)C2=O)cc1C(F)(F)F,10000.0,0
Cc1cnn(C[C@](C)(O)C(=O)Nc2ccc(C#N)c(C(F)(F)F)c2)c1,8087.0,0
CC1(C)NC(=O)N(c2ccnc(C(F)(F)F)c2)C1=O,4500.0,0
CC1(C)C(=O)N(c2ccc(F)c(C(F)(F)F)c2)C(=O)N1S(=O)(=O)c1ccccc1,4300.0,0
CC(C)(c1ccc(OCc2ncc(NS(C)(=O)=O)s2)cc1)c1cc(Cl)c(OCCCl)c(C#N)c1,500.0,1
CC(C)(c1ccc(OCc2cnc(NS(C)(=O)=O)nc2)cc1)c1cc(Cl)c(OCCCl)c(C#N)c1,500.0,1
Cc1nc(NS(C)(=O)=O)nc(COc2ccc(C(C)(C)c3cc(Cl)c(OCCCl)c(C#N)c3)cc2)c1C,500.0,1
CC1(C)NC(=O)N(c2ccc(Cl)c(C(F)(F)F)c2)C1=O,1300.0,0
N#Cc1ccc(N2C(=O)C3CCc4cc(-c5ccccc5)ccc4N3C2=S)cc1C(F)(F)F,3438.0,0
N#Cc1ccc(N2C(=O)C3CCc4cc(Br)ccc4N3C2=S)cc1C(F)(F)F,4377.0,0
C[C@](O)(Cn1cc(C(F)(F)F)cn1)C(=O)Nc1ccc(C#N)c(C(F)(F)F)c1,71.0,1
Cc1cn(C[C@](C)(O)C(=O)Nc2ccc(C#N)c(C(F)(F)F)c2)nc1Cl,332.0,1
N#Cc1ccc(N2C(=O)C3(CCCC3)N(c3ccc4c(c3)COC4=O)C2=S)cc1C(F)(F)F,80.7,1
CC(C)(C)OC(=O)Nc1ccc(-c2cnn(C[C@](C)(O)C(=O)Nc3ccc(C#N)c(C(F)(F)F)c3)c2)cc1,1153.0,0
C[C@](O)(Cn1cc(Cl)cn1)C(=O)Nc1ccc(C#N)c(C(F)(F)F)c1,136.0,1
C[C@](O)(Cn1cc([N+](=O)[O-])cn1)C(=O)Nc1ccc(C#N)c(C(F)(F)F)c1,36.0,1
N#Cc1ccc(N2C(=O)C3CNc4cc(Br)ccc4N3C2=S)cc1C(F)(F)F,9862.0,0
N#Cc1ncc(N2C(=O)C3(CCCCC3)N(c3ccc4c(c3)COC4=O)C2=S)cc1C(F)(F)F,93.3,1
CC1(C)NC(=O)C(c2ccc(F)c(C(F)(F)F)c2)C1=O,10000.0,0
O=C1NC2(CCCC2)C(=O)N1c1ccc(F)c(C(F)(F)F)c1,990.0,1
N#Cc1ccc(N2C(=O)C3CCc4cc(-c5cnc(Cl)nc5)ccc4N3C2=S)cc1C(F)(F)F,8075.0,0
CC1(C)NC(=O)N(c2cnccn2)C1=O,10000.0,0
N#Cc1ncc(N2C(=O)C3(CCCC3)N(c3cnc4c(c3)COC4=O)C2=S)cc1C(F)(F)F,2219.0,0
CCOC(=O)Nc1cc2c(cc1F)CC1C(=O)N(c3cnc(C#N)c(C(F)(F)F)c3)C(=S)N1C2,6170.0,0
CC(C)(c1ccc(OCc2ccnc(NS(C)(=O)=O)n2)cc1)c1cc(F)c(OCCCl)c(Cl)c1,500.0,1
C[C@](O)(Cn1cc(Cl)c(Br)n1)C(=O)Nc1ccc(C#N)c(C(F)(F)F)c1,138.0,1
N#Cc1ccc(N2C(=O)C3CCc4cc(-c5ccc(C(F)(F)F)nc5)ccc4N3C2=S)cc1C(F)(F)F,2183.0,0
CC(C)(c1ccc(OCC(O)CO)cc1)c1ccc(OCC(O)CCl)cc1,6000.0,0
C[C@](O)(Cn1cc(-c2ccccc2)c(C#N)n1)C(=O)Nc1cnc(C#N)c(C(F)(F)F)c1,579.0,1
CC1(C)C(=O)N(c2ccc(F)c(C(F)(F)F)c2)C(=O)N1CC#N,290.0,1
C[C@](O)(Cn1cc(-c2ccccc2)cn1)C(=O)Nc1ccc(C#N)c(C(F)(F)F)c1,1152.0,0
CC1(C)C(=O)N(c2cnc(C#N)c(C(F)(F)F)c2)C(=S)N1c1ccc2c(c1)COC2=O,941.1,1
c1ccc(C2Nc3ccc4ccccc4c3C3C4CCC(C4)C23)cc1,5600.0,0
N#Cc1ccc(N2C(=O)C3CCc4cc(-c5cnc6ccccc6c5)ccc4N3C2=S)cc1C(F)(F)F,8953.0,0
N#Cc1ccc(N2C(=O)C3(CCOC3)N(c3ccc4c(c3)COC4=O)C2=S)cc1C(F)(F)F,238.8,1
N#Cc1ccc(N2C(=O)C3(CCC3)N(c3ccc4c(c3)COC4=O)C2=S)cc1C(F)(F)F,216.7,1
Brc1ccc(C2Nc3ccc4ccccc4c3C3C=CCC32)cc1,150.0,1
CSc1nc(C)c(COc2ccc(C(C)(C)c3cc(Cl)c(OCCCl)c(C#N)c3)cc2)o1,500.0,1
CC(C)S(=O)(=O)Nc1nc(COc2ccc(C(C)(C)c3cc(Cl)c(OCCCl)c(C#N)c3)cc2)co1,500.0,1
N#Cc1ccc(N2C(=O)C3(CC3)N(c3ccc4c(c3)COC4=O)C2=S)cc1C(F)(F)F,669.6,1
CC(C)(c1ccc(OCc2nc(NS(C)(=O)=O)cs2)cc1)c1cc(Cl)c(OCCCl)c(C#N)c1,500.0,1
O=C1N[C@H](c2ccccc2)C(=O)N1c1ccc(F)c(C(F)F)c1,5300.0,0
CC1(C)NC(=O)N(c2cccnc2)C1=O,9600.0,0
N#Cc1ncc(N2C(=O)C3(CCOC3)N(c3ccc4c(c3)COC4=O)C2=S)cc1C(F)(F)F,516.2,1
CC(C)(C)OC(=O)Nc1cnn(C[C@](C)(O)C(=O)Nc2cnc(C#N)c(C(F)(F)F)c2)c1,6108.0,0
CC1(C)CNC(=O)N(c2ccc(F)c(C(F)(F)F)c2)C1=O,6900.0,0
CC1(C)CN(c2ccc(F)c(C(F)(F)F)c2)C(=O)N1,8100.0,0
C[C@](O)(Cn1ccc(-c2ccccc2)n1)C(=O)Nc1ccc(C#N)c(C(F)(F)F)c1,4770.0,0
O=C1C2CCCN2C(=O)N1c1ccc(F)c(C(F)(F)F)c1,3500.0,0
CC1(C)NC(=O)N(c2ccnc3ccccc23)C1=O,1300.0,0
CCOC(=O)c1ccc(NC(=O)c2cccc(S(=O)(=O)N3CCCc4ccccc43)c2)s1,2030.0,0
C[C@](O)(Cn1cc(C#N)cn1)C(=O)Nc1cnc(C#N)c(C(F)(F)F)c1,59.0,1
CN1C(=O)N(c2ccc(F)c(C(F)(F)F)c2)C(=O)C1(C)C,1300.0,0
C[C@](O)(Cn1cccn1)C(=O)Nc1ccc(C#N)c(C(F)(F)F)c1,1442.0,0
C[C@](O)(Cn1cc(F)cn1)C(=O)Nc1ccc(C#N)c(Cl)c1,427.0,1
N#Cc1ccc(N2C(=O)C3(CCCOC3)N(c3ccc4c(c3)COC4=O)C2=S)cc1C(F)(F)F,140.9,1
CC1(C)NC(=O)N(c2cccc(C(F)(F)F)c2)C1=O,6000.0,0
N#Cc1ccc(N2C(=O)C3CCc4ccccc4N3C2=S)cc1C(F)(F)F,2837.0,0
CC1NC(=O)N(c2ccc(F)c(C(F)F)c2)C1=O,10000.0,0
CC1(C)NC(=O)N(c2ccncc2)C1=O,3800.0,0
Clc1ccc(C2Nc3ccc4ccccc4c3C3C4CCC(C4)C23)cc1,7450.0,0
C[C@@](Cn1cc(N)cn1)(OC(=O)CCl)C(=O)Nc1ccc(C#N)c(C(F)(F)F)c1,901.0,1
C[C@](O)(Cn1cc(-c2ccc(F)cc2)c(F)n1)C(=O)Nc1ccc(C#N)c(C(F)(F)F)c1,285.0,1
C[C@](O)(Cn1cc(C#N)c(Br)n1)C(=O)Nc1cnc(C#N)c(C(F)(F)F)c1,5481.0,0
CC1(C)C(=O)N(c2ccc(F)c(C(F)(F)F)c2)C(=O)N1CCc1ccccc1,2400.0,0
CC1(C)C(=O)NC(=O)N1c1ccc(F)c(C(F)(F)F)c1,2800.0,0
N#Cc1ccc(N2C(=O)C3CCc4cc(-c5ccn(C6CC6)n5)ccc4N3C2=S)cc1C(F)(F)F,4527.0,0
CC1(C)C(=O)N(c2ccc(C#N)c(C(F)(F)F)c2)C(=S)N1c1cnc2c(c1)COC2=O,2292.0,0
CC1(C)CC(=O)N(c2ccc(F)c(C(F)(F)F)c2)C1=O,910.0,1
N#Cc1ccc(N2C(=O)C3CSc4cc(Br)ccc4N3C2=S)cc1C(F)(F)F,18140.0,0
Cc1noc(C)c1-c1ccc2c(c1)CCC1C(=O)N(c3ccc(C#N)c(C(F)(F)F)c3)C(=S)N21,5978.0,0
CC(C)(c1ccc(OCc2cnc(NS(C)(=O)=O)o2)cc1)c1cc(Cl)c(OCCCl)c(C#N)c1,500.0,1
CC(C)(c1ccc(OCc2ccnc(NS(C)(=O)=O)n2)cc1)c1cc(Cl)c(OCCCl)c(Cl)c1,500.0,1
CCOC(=O)C1Nc2ccc3ccccc3c2C2C=CCC12,820.0,1
CC1(C)OC(=O)N(c2ccc(F)c(C(F)(F)F)c2)C1=O,2100.0,0
C[C@](O)(Cn1cc(C(F)(F)F)cn1)C(=O)Nc1cnc(C#N)c(C(F)(F)F)c1,208.0,1
N#Cc1ccc(N2C(=O)C3(CCCC3)N(c3ccc4c(c3)CCOC4=O)C2=S)cc1C(F)(F)F,134.6,1
C[C@@](O)(Cn1cc(F)cn1)C(=O)Nc1ccc(C#N)c(C(F)(F)F)c1,192.0,1
O=C1CNC(=O)N1c1ccc(F)c(C(F)(F)F)c1,260.0,1
CC1(CO)NC(=O)N(c2ccc(F)c(C(F)(F)F)c2)C1=O,4800.0,0
C[C@](O)(Cn1ccc(-c2ccc(F)cc2)n1)C(=O)Nc1ccc(C#N)c(C(F)(F)F)c1,1069.0,0
C#Cc1ccc(-c2cnn(C[C@](C)(O)C(=O)Nc3ccc(C#N)c(C(F)(F)F)c3)c2)cc1,276.0,1
C[C@](O)(Cn1cc(Br)c(F)n1)C(=O)Nc1cnc(C#N)c(C(F)(F)F)c1,35.0,1
N#Cc1ccc(N2C(=O)C3(CCCCC3)N(c3ccc4c(c3)COC4=O)C2=S)cc1C(F)(F)F,95.2,1
CC1(C)CC(=O)N(c2ccc(F)c(C(F)(F)F)c2)C(=O)N1,10000.0,0
Clc1ccc(C2Nc3ccc4ccccc4c3C3C=CCC32)cc1,1920.0,0
C[C@](O)(Cn1cc(Br)cn1)C(=O)Nc1ccc(C#N)c(C(F)(F)F)c1,427.0,1
Clc1ccccc1C1Nc2ccc3ccccc3c2C2C=CCC21,2400.0,0
Clc1ccc(C2Nc3ccc4ccccc4c3C3OCCCC23)c(Cl)c1,20350.0,0
Fc1ccccc1C1Nc2ccc3ccccc3c2C2C=CCC21,220.0,1
C[C@](O)(Cn1cc(I)cn1)C(=O)Nc1ccc(C#N)c(C(F)(F)F)c1,2038.0,0
N#Cc1ccc(N2C(=O)C3CCc4cc(-c5cccnc5)ccc4N3C2=S)cc1C(F)(F)F,3906.0,0
CCN1C(=O)N(c2ccc(F)c(C(F)(F)F)c2)C(=O)C1(C)C,140.0,1
CC(C)(c1ccc(OCc2cnc(Cl)o2)cc1)c1cc(Cl)c(OCCCl)c(C#N)c1,500.0,1
CC1(C)NC(=O)N(c2ccc(F)c(C#N)c2)C1=O,3700.0,0
CC(C)S(=O)(=O)c1nc(COc2ccc(C(C)(C)c3cc(Cl)c(OCCCl)c(C#N)c3)cc2)co1,500.0,1
C[C@](O)(Cn1cc(F)cn1)C(=O)Nc1cc(C(F)(F)F)c(C#N)cc1I,5450.0,0
C[C@@]1(Cn2cc(F)cn2)OC(=O)N(c2ccc(C#N)c(C(F)(F)F)c2)C1=O,1131.0,0
Fc1cc(F)c2[nH]cc(-c3ccc4ccccc4n3)c2c1,30.0,1
Cc1ccc2c(-c3ccc4ccccc4n3)c[nH]c2c1F,2170.0,0
Fc1cc2c(-c3ccc4c(-c5cncs5)cccc4n3)c[nH]c2c(F)c1F,70.0,1
CC(C)NC(=O)c1cccc2nc(-c3cn(COP(=O)([O-])[O-])c4c(F)c(F)c(F)cc34)ccc12.[Na+].[Na+],660.0,1
O=C(NCC1CC1)c1cccc2nc(-c3c[nH]c4c(F)c(F)c(F)cc34)ccc12,180.0,1
O=C(NCC(F)F)c1cccc2nc(-c3c[nH]c4c(F)c(F)c(F)cc34)ccc12,40.0,1
Fc1ccc2c(-c3ccc4ccccc4n3)c[nH]c2c1F,190.0,1
C[C@](O)(CN1CCOCC1)C(=O)Nc1ccc(C#N)c(C(F)(F)F)c1,1018.0,0
Cc1c(F)ccc2c(-c3ccc4ccccc4n3)c[nH]c12,170.0,1
Cc1cccc2c(-c3ccc4ccc(Cl)cc4n3)c[nH]c12,1650.0,0
Fc1cc2c(-c3ccc4ccccc4n3)c[nH]c2c(F)c1F,90.0,1
CCC(=O)N[C@H](C[C@H](C)C(Cl)(Cl)Cl)C(=O)N1C(=O)C=C(OC)[C@@H]1C[C@H](C)C(Cl)Cl,6500.0,0
Fc1cc(Cl)cc2c(-c3ccc4ccccc4n3)c[nH]c12,130.0,1
C[C@](O)(Cn1nncc1-c1ccc(F)cc1)C(=O)Nc1ccc(C#N)c(C(F)(F)F)c1,317.0,1
CC(C)(C)NC(=O)c1cccc2nc(-c3c[nH]c4c(F)c(F)c(F)cc34)ccc12,740.0,1
Fc1ccc2c(-c3ccc4ccccc4n3)c[nH]c2c1Cl,30.0,1
Cc1cccc2c(-c3ccc4cccc(Cl)c4n3)c[nH]c12,200.0,1
Cc1cccc2c(-c3ccc4cccc(F)c4n3)c[nH]c12,100.0,1
C[C@](O)(Cn1cncn1)C(=O)Nc1ccc(C#N)c(C(F)(F)F)c1,1091.0,0
Cc1cc(Cl)c2[nH]cc(-c3ccc4ccccc4n3)c2c1,1900.0,0
C[C@](O)(Cn1ccc(-c2ccc(F)cc2)c1)C(=O)Nc1ccc(C#N)c(C(F)(F)F)c1,226.0,1
C[C@](O)(Cn1cc(-c2ccc(F)cc2)nn1)C(=O)Nc1cnc(C#N)c(C(F)(F)F)c1,217.0,1
COC1=CC(=O)N(C(=O)[C@@H](CCC(Cl)(Cl)Cl)NC(=O)C(C)(C)C)[C@@H]1CCC(Cl)(Cl)Cl,10000.0,0
C[C@](O)(Cn1cnc(C(F)(F)F)n1)C(=O)Nc1ccc(C#N)c(C(F)(F)F)c1,1013.0,0
Cc1cccc2c(-c3ccc4ccc(F)cc4n3)c[nH]c12,300.0,1
CN1CCC(Oc2ccc(N3C(=S)N(c4cnc(C#N)c(C(F)(F)F)c4)C(=O)C34CCC4)cc2)CC1,127.0,1
C[C@](O)(Cn1cc(-c2ccc(F)cc2)nn1)C(=O)Nc1ccc(C#N)c(C(F)(F)F)c1,383.0,1
Cc1cccc2c(-c3ccc4c(C(F)(F)F)cccc4n3)c[nH]c12,240.0,1
CNC(=O)c1cccc2nc(-c3c[nH]c4c(C)cccc34)ccc12,230.0,1
Cc1cccc2ccc(-c3c[nH]c4c(C)cccc34)nc12,180.0,1
Fc1cc(Cl)c2[nH]cc(-c3ccc4ccccc4n3)c2c1,100.0,1
Cc1cccc2c(-c3ccc4ccccc4n3)c[nH]c12,60.0,1
C[C@](O)(Cn1cncc1Br)C(=O)Nc1ccc(C#N)c(C(F)(F)F)c1,1019.0,0
OC(c1cccc2nc(-c3c[nH]c4c(F)c(F)c(F)cc34)ccc12)C(F)(F)F,32000.0,0
Fc1cc2c(-c3ccc4c(C(F)(F)F)cccc4n3)c[nH]c2c(F)c1F,550.0,1
Cc1cccc2c(-c3ccc4cccc(Br)c4n3)c[nH]c12,160.0,1
O=C(NC1CC1)c1cccc2nc(-c3c[nH]c4c(F)c(F)c(F)cc34)ccc12,70.0,1
C[C@](O)(Cn1ccnc1)C(=O)Nc1ccc(C#N)c(Cl)c1,1856.0,0
Clc1cccc2c(-c3ccc4ccccc4n3)c[nH]c12,100.0,1
Fc1cc2c(-c3ccc4c(-c5nccs5)cccc4n3)c[nH]c2c(F)c1F,500.0,1
CNC(=O)c1cccc2nc(-c3c[nH]c4c(F)c(F)c(F)cc34)ccc12,110.0,1
Clc1cc(Cl)c2[nH]cc(-c3ccc4ccccc4n3)c2c1,1500.0,0
Cc1cc(F)cc2c(-c3ccc4ccccc4n3)c[nH]c12,230.0,1
Cc1cc(C)c2[nH]cc(-c3ccc4ccccc4n3)c2c1,1590.0,0
C[C@](O)(CN(c1ccccc1)c1ccc(F)cc1)C(=O)Nc1ccc(C#N)c(C(F)(F)F)c1,172.0,1
Cc1cccc(C(=O)Nc2ccc3c(C(F)(F)F)cc(=O)oc3c2)c1,50000.0,0
O=C(Oc1ccc2c(C(F)(F)F)cc(=O)oc2c1)C1CCCCC1,50000.0,0
Oc1ccccc1/C=N/c1ccc2oc(-c3ccccc3)nc2c1,50000.0,0
O=c1cc(C(F)(F)F)c2ccc(OCc3c(F)cccc3Cl)cc2o1,780.0,1
COC(=O)c1ccc(COc2ccc3c(C(F)(F)F)cc(=O)oc3c2)cc1,30740.0,0
N#Cc1ccc(S(=O)(=O)Nc2ccc(OCc3ccccc3)cc2)cc1,2250.0,0
O=S(=O)(Nc1ccc(OCc2ccccc2)cc1)c1ccccc1,110.0,1
CC(=O)N1c2cc(S(=O)(=O)Nc3ccc(OCc4ccccc4)cc3)c(Br)cc2CC1C,50000.0,0
C[C@H](Oc1cc(Cl)ccc1Cl)C(=O)Nc1ccc2c(C(F)(F)F)cc(=O)oc2c1,50000.0,0
O=S(=O)(Nc1ccc(OCc2ccccc2)cc1)c1ccc(Br)cc1,1550.0,0
O=S(=O)(Nc1ccc(OCc2ccccc2)cc1)c1ccc(F)cc1,2270.0,0
CCCCS(=O)(=O)Nc1ccc(OCc2ccccc2)cc1,7050.0,0
O=C(c1ccccc1)c1ccc(/N=C/c2ccccc2O)cc1,50000.0,0
CC1NC(=O)NC(=O)C1S(=O)(=O)Nc1ccc(OCc2ccccc2)cc1,50000.0,0
O=c1cc(C(F)(F)F)c2ccc(OCc3ccc([N+](=O)[O-])cc3)cc2o1,50000.0,0
CCOC(=O)C(CC)Oc1ccc2c(C(F)(F)F)cc(=O)oc2c1,50000.0,0
Oc1ccccc1/C=N/c1ccc(Cl)c(Cl)c1,50000.0,0
O=c1cc(C(F)(F)F)c2ccc(OCc3ccccc3Cl)cc2o1,410.0,1
O=[N+]([O-])c1ccccc1S(=O)(=O)Nc1ccc(OCc2ccccc2)cc1,4160.0,0
O=[N+]([O-])c1cccc(S(=O)(=O)Nc2ccc(OCc3ccccc3)cc2)c1,1590.0,0
O=c1cc(C(F)(F)F)c2ccc(OCc3cc4c(cc3Cl)OCO4)cc2o1,1470.0,0
O=S(=O)(Cc1ccc(Cl)cc1)Nc1ccc(OCc2ccccc2)cc1,50000.0,0
Cc1ccc(S(=O)(=O)Nc2ccc(OCc3ccccc3)cc2)cc1,11520.0,0
O=C(Nc1ccc2c(C(F)(F)F)cc(=O)oc2c1)c1ccccc1Cl,50000.0,0
Cc1cc(C)c(S(=O)(=O)Nc2ccc(OCc3ccccc3)cc2)c(C)c1,50000.0,0
O=c1cc(C(F)(F)F)c2ccc(OCc3ccc(OC(F)(F)F)cc3)cc2o1,25060.0,0
Cc1cccc(COc2ccc3c(C(F)(F)F)cc(=O)oc3c2)c1,1400.0,0
O=c1cc(C(F)(F)F)c2ccc(OCc3ccc(C(F)(F)F)cc3)cc2o1,890.0,1
Cc1ccc(OC(=O)Nc2ccc3c(C(F)(F)F)cc(=O)oc3c2)c(C)c1,50000.0,0
O=C(Nc1ccc2c(C(F)(F)F)cc(=O)oc2c1)c1ccccc1F,50000.0,0
O=[N+]([O-])c1ccc(CS(=O)(=O)Nc2ccc(OCc3ccccc3)cc2)cc1,50000.0,0
O=S(=O)(Nc1ccc(OCc2ccccc2)cc1)c1ccc(C(F)(F)F)cc1,1770.0,0
O=c1cc(C(F)(F)F)c2ccc(/N=C/c3ccccc3O)cc2o1,4640.0,0
CC(C)CS(=O)(=O)Nc1ccc(OCc2ccccc2)cc1,50000.0,0
O=c1cc(C(F)(F)F)c2ccc(OCc3ccc(F)cc3)cc2o1,470.0,1
CC(=O)c1ccc(COc2ccc3c(C(F)(F)F)cc(=O)oc3c2)cc1,50000.0,0
O=C(Nc1ccc2c(C(F)(F)F)cc(=O)oc2c1)c1nc2ncccn2n1,50000.0,0
O=c1cc(C(F)(F)F)c2ccc(OCc3ccncc3)cc2o1,1900.0,0
O=c1cc(C(F)(F)F)c2ccc(OCc3cccc(Br)c3)cc2o1,2280.0,0
Cn1cc(C(=O)Nc2ccc3c(C(F)(F)F)cc(=O)oc3c2)c(I)n1,50000.0,0
Cc1ccc(/N=C/c2ccccc2O)cc1Br,50000.0,0
CC(=O)Nc1ccc(S(=O)(=O)Nc2ccc(OCc3ccccc3)cc2)cc1,50000.0,0
CN(C)S(=O)(=O)Nc1ccc(OCc2ccccc2)cc1,18050.0,0
O=C(Nc1ccc2c(C(F)(F)F)cc(=O)oc2c1)c1ccccc1,50000.0,0
O=S(=O)(Nc1ccc(OCc2ccccc2)cc1)c1ccc(Cl)cc1,5020.0,0
Cn1cc(C(=O)Nc2ccc3c(C(F)(F)F)cc(=O)oc3c2)cn1,50000.0,0
CCS(=O)(=O)Nc1ccc(OCc2ccccc2)cc1,7900.0,0
COC(=O)C(CC(C)C)Oc1ccc2c(C(F)(F)F)cc(=O)oc2c1,50000.0,0
Cc1ccc(COc2ccc3c(C(F)(F)F)cc(=O)oc3c2)cc1,610.0,1
CCOC(=O)c1cn[nH]c1S(=O)(=O)Nc1ccc(OCc2ccccc2)cc1,50000.0,0
O=c1cc(C(F)(F)F)c2ccc(OCc3ccc(-c4ccccc4)cc3)cc2o1,50000.0,0
O=c1cc(C(F)(F)F)c2ccc(OCc3ccc(Cl)cc3)cc2o1,1040.0,0
COc1ccc([N+](=O)[O-])cc1COc1ccc2c(C(F)(F)F)cc(=O)oc2c1,50000.0,0
COC(=O)c1sccc1S(=O)(=O)Nc1ccc(OCc2ccccc2)cc1,50000.0,0
O=c1cc(C(F)(F)F)c2ccc(OCc3ccccc3Br)cc2o1,940.0,1
CC(=O)c1ccc(S(=O)(=O)Nc2ccc(OCc3ccccc3)cc2)cc1,50000.0,0
O=C(Nc1ccc2c(C(F)(F)F)cc(=O)oc2c1)c1cccc(Cl)c1,50000.0,0
CCn1cc(C(=O)Nc2ccc3c(C(F)(F)F)cc(=O)oc3c2)c(C)n1,50000.0,0
Cn1c(=O)n(C)c2cc(S(=O)(=O)Nc3ccc(OCc4ccccc4)cc3)ccc21,50000.0,0
O=S(=O)(Nc1ccc(OCc2ccccc2)cc1)c1cc(Cl)ccc1Cl,3370.0,0
O=S(=O)(Cc1ccccc1)Nc1ccc(OCc2ccccc2)cc1,5730.0,0
CC(C)c1ccc(COc2ccc3c(C(F)(F)F)cc(=O)oc3c2)cc1,9260.0,0
NC(=O)c1ccc(COc2ccc3c(C(F)(F)F)cc(=O)oc3c2)cc1,50000.0,0
O=c1cc(C(F)(F)F)c2ccc(OCc3ccccn3)cc2o1,50000.0,0
COc1ccc(CS(=O)(=O)Nc2ccc(OCc3ccccc3)cc2)cc1,50000.0,0
O=c1cc(C(F)(F)F)c2ccc(OCc3cccnc3)cc2o1,50000.0,0
O=c1cc(C(F)(F)F)c2ccc(OCc3ccccc3F)cc2o1,920.0,1
N#Cc1cccc(/N=C/c2ccccc2O)c1,50000.0,0
O=c1cc(C(F)(F)F)c2ccc(OCc3ccc4ccccc4c3)cc2o1,50000.0,0
Cn1cc(C(=O)Nc2ccc3c(C(F)(F)F)cc(=O)oc3c2)c(Br)n1,50000.0,0
O=c1cc(C(F)(F)F)c2ccc(OCc3ccc4c(c3)OCO4)cc2o1,9370.0,0
COc1ccc(COc2ccc3c(C(F)(F)F)cc(=O)oc3c2)cc1,1620.0,0
N#Cc1ccc(NC(=O)c2ccn(-c3ccc(C#N)c(C(F)(F)F)c3)n2)cc1,25000.0,0
CC1(C)C(=O)N(c2ccc(C#N)c(C(F)(F)F)c2)C(=S)N1CCCCC(=O)NO,1170.0,0
CC1(C)C(=O)N(c2ccc(C#N)c(C(F)(F)F)c2)C(=S)N1c1ccc(C(=O)Nc2ccccc2N)nc1,750.0,1
N#Cc1ccc(-n2ccc(CCCNC(=O)c3ccc(F)cc3)n2)cc1C(F)(F)F,25000.0,0
CC1(C)C(=O)N(c2ccc(C#N)c(C(F)(F)F)c2)C(=S)N1c1ccc(C(=O)Nc2cc(-c3ccccc3)ccc2N)cn1,10000.0,0
N#Cc1ccc(-n2ccc(CNS(=O)(=O)c3ccc(F)cc3)n2)cc1C(F)(F)F,25000.0,0
CC1(C)C(=O)N(c2ccc(C#N)c(C(F)(F)F)c2)C(=S)N1C12CC(CC(=O)Nc3ccccc3N)(C1)C2,190.0,1
N#Cc1ccc(-n2ccc(C(=O)Nc3ccc(F)nc3)n2)cc1C(F)(F)F,25000.0,0
N#Cc1ccc(-n2ccc(C(=O)Nc3ccc(F)cn3)n2)cc1C(F)(F)F,25000.0,0
Cc1cn(-c2ccc(C#N)c(C(F)(F)F)c2)nc1CNC(=O)c1ccc(C#N)cc1,14900.0,0
N#Cc1ccc(-n2ccc(C(=O)Nc3ccncc3)n2)cc1C(F)(F)F,25000.0,0
CC1(C)C(=O)N(c2ccc(C#N)c(C(F)(F)F)c2)C(=S)N1c1ccc(C(=O)Nc2cc(-c3ccccc3)ccc2N)nc1,10000.0,0
C[C@]12CC[C@H](NC(=O)c3ccnnc3)CC1=CC[C@@H]1[C@@H]2CC[C@]2(C)C(n3cnc4ccccc43)=CC[C@@H]12,1348.0,0
CC1(C)C(=O)N(c2ccc(C#N)c(C(F)(F)F)c2)C(=S)N1CCCCCCC(=O)NO,390.0,1
N#Cc1ccc(-n2ccc(CC(=O)Nc3ccc(F)cn3)n2)cc1Cl,170.0,1
Cc1cncc(C2=CC[C@H]3[C@@H]4CC=C5C[C@@H](NC(=O)c6ccnnc6)CC[C@]5(C)[C@H]4CC[C@]23C)c1,1641.0,0
N#Cc1ccc(-n2ccc(CC(=O)Nc3ccc([N+](=O)[O-])cc3)n2)cc1C(F)(F)F,80.0,1
CNC(=O)c1ccc(C(=O)NCc2ccn(-c3ccc(C#N)c(C(F)(F)F)c3)n2)cc1F,25000.0,0
N#Cc1ccc(-n2ccc(NC(=O)c3ccc(F)cc3)n2)cc1C(F)(F)F,25000.0,0
CC1(C)C(=O)N(c2ccc(C#N)c(C(F)(F)F)c2)C(=S)N1Cc1ccc(C(=O)Nc2ccccc2N)cc1,280.0,1
N#Cc1ccc(-n2ccc(CCNC(=O)c3ccc(F)cc3)n2)cc1C(F)(F)F,25000.0,0
N#Cc1ccc(-n2ccc(CC(=O)Nc3ccc(F)cc3)n2)cc1C(F)(F)F,515.0,1
Cc1cn(C2=CC[C@H]3[C@@H]4CC=C5C[C@@H](NC(=O)c6ccncc6)CC[C@]5(C)[C@H]4CC[C@]23C)cn1,208.8,1
CC1(C)C(=O)N(c2ccc(C#N)c(C(F)(F)F)c2)C(=S)N1c1ccc(C(=O)Nc2cc(-c3cccs3)ccc2N)nc1,10000.0,0
N#Cc1ccc(C(=O)NCCc2ccn(-c3ccc(C#N)c(C(F)(F)F)c3)n2)cc1,25000.0,0
CC1(C)C(=O)N(c2ccc(C#N)c(C(F)(F)F)c2)C(=S)N1c1ccc(C(=O)Nc2ccccc2N)cc1,980.0,1
C[C@]12CC[C@H](NC(=O)c3ccnnc3)CC1=CC[C@@H]1[C@@H]2CC[C@]2(C)C(n3ccnc3)=CC[C@@H]12,980.8,1
N#Cc1ccc(-n2ccc(CNC(=O)c3ccc(F)cc3)n2)cc1C(F)(F)F,760.0,1
Cc1cn(-c2ccc(C#N)c(C(F)(F)F)c2)nc1CNC(=O)c1ccc(F)cc1,220.0,1
N#Cc1ccc(-n2ccc(NC(=O)Nc3ccc(F)cc3)n2)cc1C(F)(F)F,25000.0,0
O=C(Cc1ccn(-c2ccc([N+](=O)[O-])c(C(F)(F)F)c2)n1)Nc1ccc(F)nc1,360.0,1
O=C(Cc1ccn(-c2ccc([N+](=O)[O-])c(C(F)(F)F)c2)n1)Nc1ccc(F)cc1,340.0,1
C[C@]12CC[C@H](NC(=O)c3ccncc3)CC1=CC[C@@H]1[C@@H]2CC[C@]2(C)C(n3cnc4ccccc43)=CC[C@@H]12,1551.0,0
C[C@@]12O[C@@](C)(C[C@H]1O)[C@@H]1C(=O)N(c3ccc(C#N)c(I)c3)C(=O)[C@@H]12,19.0,1
Cc1cn(-c2ccc(C#N)c(C(F)(F)F)c2)nc1CNC(=O)c1ccc([N+](=O)[O-])cc1,450.0,1
CCCCc1ccc(OC(=O)N2C[C@@H]3C[C@H]2[C@@H]2C(=O)N(c4ccc([N+](=O)[O-])c5ccccc45)C(=O)N32)cc1,2405.0,0
CC(C)(O)c1ccc(C(=O)NCc2ccn(-c3ccc(C#N)c(C(F)(F)F)c3)n2)cc1,25000.0,0
N#Cc1ccc(-n2ccc(CC(=O)Nc3ccc(F)cn3)n2)cc1C(F)(F)F,340.0,1
Cc1ccc(NC(=O)Cc2ccn(-c3ccc(C#N)c(C(F)(F)F)c3)n2)cc1,4530.0,0
N#Cc1ccc(-n2ccc(CC(=O)Nc3ccc(F)c(F)c3)n2)cc1C(F)(F)F,210.0,1
CC(C)N1C[C@@]2(C)O[C@](C)(C1)[C@H]1C(=O)N(c3ccc(C#N)c(C(F)(F)F)c3)C(=O)[C@H]12,78.5,1
N#Cc1ccc(C(=O)NCCCc2ccn(-c3ccc(C#N)c(C(F)(F)F)c3)n2)cc1,25000.0,0
CC(C)C(NC(=O)c1cc2ccc(F)cc2[nH]1)c1ccco1,430.0,1
C[C@@]1(c2ccc(O)cc2)NC(=O)N(c2ccc(C#N)c(C(F)(F)F)c2)C1=O,0.9,1
N#Cc1ccc(-n2cc(-c3ccccc3)c(CNC(=O)c3ccc(F)cc3)n2)cc1C(F)(F)F,25000.0,0
Cc1nn(-c2ccc(C#N)c(Cl)c2)c(C)c1Oc1ccc(C(=O)NC(C)(C)C)cn1,430.0,1
N#Cc1ccc(-n2ccc(C(=O)Nc3ccc(F)cc3)n2)cc1C(F)(F)F,25000.0,0
CC1(C)C(=O)N(c2ccc(C#N)c(C(F)(F)F)c2)C(=S)N1c1ccc(C(=O)Nc2cc(-c3cccs3)ccc2N)cn1,10000.0,0
N#Cc1cc(NC(=O)Cc2ccn(-c3ccc(C#N)c(C(F)(F)F)c3)n2)ccc1F,6340.0,0
N#Cc1ccc(-n2cc(C(F)(F)F)c(CNC(=O)c3ccc(F)cc3)n2)cc1C(F)(F)F,16240.0,0
CC1(C)C(=O)N(c2ccc(C#N)c(C(F)(F)F)c2)C(=S)N1CCCCCC(=O)NO,1450.0,0
N#Cc1ccc(-n2ccc(CCNC(=O)c3ccc([N+](=O)[O-])cc3)n2)cc1C(F)(F)F,25000.0,0
N#Cc1ccc(-n2ccc(CNC(=O)c3ccc(F)nc3)n2)cc1C(F)(F)F,780.0,1
CNC(=O)[C@]12C(=O)N(c3ccc(C#N)c(C(F)(F)F)c3)C(=O)[C@H]1[C@H]1C[C@H](F)[C@@H]2C1,91.0,1
N#Cc1ccc(-n2ccc(CNC(=O)c3ccc(Cl)cc3)n2)cc1C(F)(F)F,1150.0,0
N#Cc1ccc(-n2ccc(CNC(=O)c3ccc([N+](=O)[O-])cc3)n2)cc1C(F)(F)F,1850.0,0
N#Cc1ccc(C(=O)NCc2ccn(-c3ccc(C#N)c(C(F)(F)F)c3)n2)cc1,300.0,1
N#Cc1ccc(C2=NO[C@H]3CCCC[C@@H]23)cc1C(F)(F)F,27.54,1
COc1ccc(NC(=O)Cc2ccn(-c3ccc(C#N)c(C(F)(F)F)c3)n2)cc1,9200.0,0
Cc1cn(C2=CC[C@H]3[C@@H]4CC=C5C[C@@H](NC(=O)c6cccnc6)CC[C@]5(C)[C@H]4CC[C@]23C)cn1,1285.0,0
N#Cc1ccc(-n2ccc(CNC(=O)Nc3ccc(F)cc3)n2)cc1C(F)(F)F,25000.0,0
N#Cc1ccc(N2C(=O)N[C@@](CO)(c3ccccc3)C2=O)cc1C(F)(F)F,13.0,1
C[C@]12CC[C@H](NC(=O)c3ccnnc3)CC1=CC[C@@H]1[C@@H]2CC[C@]2(C)C(n3ccnn3)=CC[C@@H]12,9145.0,0
N#Cc1ccc(-n2ccc(CC(=O)Nc3ccc(F)cc3)n2)cc1Cl,220.0,1
N#Cc1ccc(-n2ccc(CNC(=O)c3ccc(C(F)(F)F)cc3)n2)cc1C(F)(F)F,25000.0,0
Cc1cn(C2=CC[C@H]3[C@@H]4CC=C5C[C@@H](NC(=O)c6ccnnc6)CC[C@]5(C)[C@H]4CC[C@]23C)cn1,244.0,1
N#Cc1ccc(-n2ccc(CC(=O)Nc3ccc(F)nc3)n2)cc1Cl,69.0,1
Cc1c(C#N)c(-c2ccc(C#N)cc2)c(C)n1-c1cnc(Cl)c(CO)c1,100.0,1
C[C@]12CC[C@H](NC(=O)c3ccncc3)CC1=CC[C@@H]1[C@@H]2CC[C@]2(C)C(n3ccnc3)=CC[C@@H]12,511.2,1
N#Cc1ccc(-n2ccc(CNC(=O)c3ccc(F)cn3)n2)cc1C(F)(F)F,5820.0,0
CN1C(=O)C=C[C@]2(C)[C@H]3CC[C@]4(C)C(C(=O)Nc5ccccc5C(F)(F)F)CC[C@H]4[C@@H]3CC[C@@H]12,38.0,1
N#Cc1ccc(-n2ccc(CC(=O)Nc3ccc(F)nc3)n2)cc1C(F)(F)F,140.0,1
CC1(C)C(=O)N(c2ccc(C#N)c(C(F)(F)F)c2)C(=S)N1c1ccc(C(=O)Nc2cc(-c3ccccc3)ccc2N)cc1,10000.0,0
CCCN(CC(F)(F)F)c1cc(Br)c(C#N)s1,10.0,1
CC1(C)C(=O)N(c2ccc(C#N)c(C(F)(F)F)c2)C(=S)N1CCCC(=O)NO,390.0,1
N#Cc1ccc(-n2ccc(CCCNC(=O)c3ccc([N+](=O)[O-])cc3)n2)cc1C(F)(F)F,25000.0,0
N#Cc1ccc(-n2ccc(CC(=O)Nc3ccncc3)n2)cc1C(F)(F)F,25000.0,0
N#Cc1ccc(NC(=O)Cc2ccn(-c3ccc(C#N)c(C(F)(F)F)c3)n2)cc1,50.0,1
CC1(C)C(=O)N(c2ccc(C#N)c(C(F)(F)F)c2)C(=S)N1c1ccc(C(=O)Nc2ccccc2N)cn1,2340.0,0
CC(Cn1ccc(-c2ccc(C#N)c(Cl)c2)n1)NC(=O)c1cc(C(C)O)[nH]n1,26.0,1
COc1cncc(C2=CC[C@H]3[C@@H]4CC=C5C[C@@H](NC(=O)c6ccnnc6)CC[C@]5(C)[C@H]4CC[C@]23C)c1,914.5,1
CC(O)c1cc(C(=O)NCc2ccn(-c3ccc(C#N)c(C(F)(F)F)c3)n2)n[nH]1,25000.0,0
O=C(Cc1ccn(-c2ccc([N+](=O)[O-])c(C(F)(F)F)c2)n1)Nc1ccc(F)cn1,2570.0,0
CC(c1ccccc1)N(C)c1ccc(C#N)c(C(F)(F)F)n1,45.0,1
Cc1noc(C)c1CSCC(=O)N1CCN(c2ccccc2)CC1,25000.0,0
Cc1ccccc1N1CCN(C(=O)/C=C\c2ccccc2)CC1,12700.0,0
Cc1ccccc1N1CCN(S(=O)(=O)CSCc2c(C)noc2C)CC1,7200.0,0
Cc1ccccc1C1CC2CCC(C1)N2C(=O)CSCc1c(C)noc1C,7800.0,0
Cc1ccccc1N1CCN(C(=O)CN(C)Cc2ccccc2)CC1,25000.0,0
Cc1ccccc1N1CCN(C(=O)C[S+]([O-])Cc2c(C)noc2C)CC1,25000.0,0
Cc1ccccc1N1CCN(C(=O)CS(=O)(=O)Cc2c(C)noc2C)CC1,16100.0,0
Cc1ccccc1N1C[C@@H](C)N(C(=O)CSCc2c(C)noc2C)[C@@H](C)C1,3100.0,0
Cc1ccccc1N1CCN(C(=O)[C@H]2C[C@@H]2c2ccccc2)CC1,25000.0,0
Cc1ccccc1N1CCN(CCSCc2c(C)noc2C)CC1,10800.0,0
Cc1ccccc1N1CCN(C(=O)CSc2ccccc2)CC1,25000.0,0
Cc1ccccc1N1CCN(C(=O)CSCc2ccccc2)CC1,13700.0,0
Cc1ccccc1N1CCN(C(=O)C#Cc2ccccc2)CC1,20300.0,0
Cc1ccc(N2CCN(C(=O)CSCc3c(C)noc3C)CC2)cc1,25000.0,0
Cc1ccccc1N1CCN(C(=O)COCc2c(C)noc2C)CC1,25000.0,0
Cc1ccccc1N1CCN(C(=O)CSCc2c(C)noc2C)CC1,14500.0,0
Cc1ccccc1N1CCN(C(=O)CCCc2ccccc2)CC1,14400.0,0
Cc1cccc(N2CCN(C(=O)CSCc3c(C)noc3C)CC2)c1,25000.0,0
Cc1noc(C)c1CSCC(=O)N1CCN(c2ccccc2F)CC1,12600.0,0
COc1ccccc1N1CCN(C(=O)CSCc2c(C)noc2C)CC1,25000.0,0
Cc1ccc(Cl)cc1N1CCN(C(=O)C2CC2c2ccc(F)cc2)CC1,2700.0,0
Cc1ccccc1N1CCN(C(=O)/C=C/c2ccccc2)CC1,25000.0,0
Cc1ccccc1N1CCN(C(=O)NCSCc2c(C)noc2C)CC1,25000.0,0
C[C@]12CC[C@H](OC(=S)n3ccnc3)CC1=CC[C@@H]1[C@@H]2CC[C@]2(C)C(n3cnc4ccccc43)=CC[C@@H]12,100.0,1
C[C@]12CC[C@H]3[C@@H](C[C@@H](n4ccnc4)C45CC4CC[C@]35C)[C@@H]1CC=C2n1cnc2ccccc21,470.0,1
C[C@]12CC[C@H](OCc3ccncc3)CC1=CC[C@@H]1[C@@H]2CC[C@]2(C)C(n3cnc4ccccc43)=CC[C@@H]12,1650.0,0
Cc1ccccc1N1CCC(OC(=O)NCSCc2c(C)noc2C)CC1,25000.0,0
Cc1ccc(Cl)cc1N1CCN(C(=O)[C@H]2C[C@H]2c2ccc(F)cc2)CC1,1700.0,0
Cc1noc(C)c1CSCC(=O)N1CCN(c2ccccc2C#N)CC1,12000.0,0
Cc1ccccc1N1CCN(C(=O)[C@H]2C[C@H]2c2ccccc2)CC1,2900.0,0
Cc1ccccc1N1CCCN(C(=O)CSCc2c(C)noc2C)CC1,11100.0,0
Cc1ccc(Cl)cc1N1CCN(C(=O)[C@@H]2C[C@@H]2c2ccc(F)cc2)CC1,8450.0,0
Cc1noc(C)c1CSCC(=O)N1CCN(c2cccc3ccccc23)CC1,11100.0,0
Cc1ccccc1N(C)CCN(C)C(=O)CSCc1c(C)noc1C,18400.0,0
Cc1noc(C)c1CSCC(=O)N1C[C@@H](C)N(c2ccccc2)[C@@H](C)C1,14700.0,0
C[C@]12CC[C@H](n3ccnc3)CC1=CC[C@@H]1[C@@H]2CC[C@]2(C)C(n3cnc4ccccc43)=CC[C@@H]12,190.0,1
Cc1cccc(N2[C@H](C)CN(C(=O)CSCc3c(C)noc3C)C[C@@H]2C)c1,16600.0,0
