canonical_smiles_get_levels;IC50_nM
O=C(Nc1ccccc1)c1cc([N+](=O)[O-])ccc1Cl;86.0
COc1cc(O)c(C(CC(=O)N2CC(C)CC(C)C2)c2ccc3c(c2)OCO3)c(OC)c1;66.5
N#Cc1ccc(S(=O)(=O)N(CC(F)(F)F)c2ccc(C(O)(C(F)(F)F)C(F)(F)F)cc2)cc1;50.0
Cc1ccc(S(=O)(=O)N(CC(F)(F)F)c2ccc(C(O)(C(F)(F)F)C(F)(F)F)cc2)cc1;51.0
O=S(=O)(c1ccc(F)cc1)N(CC(F)(F)F)c1ccc(C(O)(C(F)(F)F)C(F)(F)F)cc1;34.0
CCS(=O)(=O)c1ccc(CC(=O)Nc2cc(-c3cccc(Cl)c3)c(C(=O)c3cccc(Cl)c3)s2)cc1;7.943
CCS(=O)(=O)c1ccc(CC(=O)Nc2cc(-c3cccc(Cl)c3)c(C(=O)c3ccccc3F)s2)cc1;6.31
CCS(=O)(=O)c1ccc(CC(=O)Nc2cc(-c3cccc(Cl)c3)c(C(=O)c3cccc(F)c3)s2)cc1;12.59
CCS(=O)(=O)c1ccc(CC(=O)Nc2cc(-c3cccc(C(F)(F)F)c3)c(C(=O)c3cccc(F)c3)s2)cc1;10.0
CCS(=O)(=O)c1ccc(CC(=O)Nc2nc(-c3ccccc3)c(C(=O)C3CCCCC3)s2)cc1;25.12
CCS(=O)(=O)c1ccc(CC(=O)Nc2nc(-c3ccccc3)c(C(=O)c3ccccc3)s2)cc1;23.735
CCS(=O)(=O)c1ccc(CC(=O)Nc2nc(-c3ccccc3Cl)c(C(=O)c3ccccc3)s2)cc1;39.81
CCS(=O)(=O)c1ccc(CC(=O)Nc2nc(-c3cccc(Cl)c3)c(C(=O)c3ccccc3)s2)cc1;12.59
CCS(=O)(=O)c1ccc(CC(=O)Nc2nc(-c3ccc(Cl)cc3)c(C(=O)c3ccccc3)s2)cc1;39.81
CCS(=O)(=O)c1ccc(CC(=O)Nc2nc(-c3cccc(C#N)c3)c(C(=O)c3ccccc3)s2)cc1;31.62
CCS(=O)(=O)c1ccc(CC(=O)Nc2nc(-c3cccc(Cl)c3)c(C(=O)c3ccccc3Cl)s2)cc1;17.9
CCS(=O)(=O)c1ccc(CC(=O)Nc2nc(-c3cccc(Cl)c3)c(C(=O)c3cccc(Cl)c3)s2)cc1;10.0
CCS(=O)(=O)c1ccc(CC(=O)Nc2nc(-c3cccc(Cl)c3)c(C(=O)c3ccc(Cl)cc3)s2)cc1;12.59
CCS(=O)(=O)c1ccc(CC(=O)Nc2nc(-c3cccc(Cl)c3)c(C(=O)c3ccccc3F)s2)cc1;19.95
CCS(=O)(=O)c1ccc(CC(=O)Nc2nc(-c3cccc(Cl)c3)c(C(=O)c3cccc(F)c3)s2)cc1;25.12
CCS(=O)(=O)c1ccc(CC(=O)Nc2cc(-c3ccccc3)c(C(=O)c3ccccc3)s2)cc1;10.0
CCS(=O)(=O)c1ccc(CC(=O)Nc2cc(-c3cccc(Cl)c3)c(C(=O)c3ccccc3)s2)cc1;12.59
CCS(=O)(=O)c1ccc(CC(=O)Nc2cc(-c3cccc(C#N)c3)c(C(=O)c3ccccc3)s2)cc1;15.85
CCS(=O)(=O)c1ccc(CC(=O)Nc2cc(-c3cccc(Cl)c3)c(C(=O)c3ccccc3Cl)s2)cc1;8.0
CCCN(Cc1ccc(NC(=O)Cc2ccc(S(=O)(=O)CC)cc2)cc1)Cc1ccc(-c2ccccc2)cc1;35.0
CCCN(CCc1ccc(C(F)(F)F)cc1)c1ccc(NC(=O)Cc2ccc(S(=O)(=O)CC)cc2)cc1;79.0
CCS(=O)(=O)c1ccc(CC(=O)Nc2ccc(NCCc3ccc(C(F)(F)F)cc3)c(Cl)c2)cc1;16.0
CCS(=O)(=O)c1ccc(CC(=O)Nc2ccc3c(ccn3CCc3ccc(C(F)(F)F)cc3)c2)cc1;5.0
CCS(=O)(=O)c1ccc(CC(=O)Nc2ccc3c(ccn3CCc3ccccc3)c2)cc1;3.0
CCS(=O)(=O)c1ccc(CC(=O)Nc2ccc3c(ccn3CCc3ccc(F)cc3)c2)cc1;8.0
CCS(=O)(=O)c1ccc(CC(=O)Nc2ccc3c(ccn3CCc3ccc(Cl)cc3)c2)cc1;4.0
CCS(=O)(=O)c1ccc(CC(=O)Nc2ccc3c(ccn3CCc3ccc(C#N)cc3)c2)cc1;6.0
CCS(=O)(=O)c1ccc(CC(=O)Nc2ccc3c(ccn3CCc3ccc(OC(C)C)cc3)c2)cc1;6.0
CCS(=O)(=O)c1ccc(CC(=O)Nc2ccc3c(ccn3CCc3ccccc3C(F)(F)F)c2)cc1;6.0
CCS(=O)(=O)c1ccc(CC(=O)Nc2ccc3c(ccn3CCc3cccc(C(F)(F)F)c3)c2)cc1;4.0
CCS(=O)(=O)c1ccc(CC(=O)Nc2ccc3c(ccn3CCc3ccc(Cl)cc3Cl)c2)cc1;6.0
CCS(=O)(=O)c1ccc(CC(=O)Nc2ccc3c(ccn3CCc3ccc(Cl)c(Cl)c3)c2)cc1;6.0
CCCN(Cc1ccc(CC)cc1)Cc1ccc(NC(=O)Cc2ccc(S(=O)(=O)CC)cc2)cc1;13.0
CCCN(Cc1ccc(NC(=O)Cc2ccc(S(=O)(=O)CC)cc2)cc1)Cc1ccc(C(F)(F)F)cc1;15.5
CCCN(Cc1ccc(NC(=O)Cc2ccc(S(=O)(=O)CC)cc2)cc1)Cc1ccc(OC2CCCC2)cc1;26.0
CCN1C(=O)c2cccc3c(S(=O)(=O)Nc4cccc(C(C)=O)c4)ccc1c23;25.0
CC(C)CN(Cc1ccc(-c2ccc(NS(C)(=O)=O)cc2)s1)S(=O)(=O)Cc1ccccc1;51.0
CC(C)CN(Cc1ccc(-c2ccc(S(C)(=O)=O)cc2)cc1)S(=O)(=O)Cc1ccccc1;32.0
CC(C)CN(Cc1ccc(-c2ccc(NS(C)(=O)=O)cc2)cc1)S(=O)(=O)Cc1ccccc1;46.0
CC(C)CN(Cc1ccc(-c2ccc(C(N)=O)cc2)cc1)S(=O)(=O)Cc1ccccc1;33.0
CC(C)CN(Cc1ccc(-c2cccc(CC(N)=O)c2)cc1)S(=O)(=O)Cc1ccccc1;91.0
Cc1cc(CN2CCN(Cc3ccncc3)CC2)ccc1-c1ccc(C(O)(C(F)(F)F)C(F)(F)F)cc1;70.0
Cc1cc(C(O)(C(F)(F)F)C(F)(F)F)ccc1-c1ccc(CN2CCN(Cc3ccncc3)CC2)cc1;90.0
CC(C)(C)NS(=O)(=O)c1ccc(-c2sc(C(=O)N3CC4(CCS(=O)(=O)CC4)C3)nc2CC2CCCCC2)c2ccccc12;8.7
CCC(C)(C)NS(=O)(=O)c1ccc(-c2sc(C(=O)N[C@H]3C[C@H](C(=O)O)C3)nc2CC2CCCCC2)c(Cl)c1C;1.1
O=C(O)c1ccc(-c2nn(C(=O)c3c(Cl)cccc3C(F)(F)F)c3cccc(F)c23)cc1O;10.0
CCS(=O)(=O)c1ccc(CC(=O)Nc2nc(-c3cccc(C#N)c3)c(Oc3ccc(Cl)cc3C(F)(F)F)s2)cc1;14.975
CCS(=O)(=O)c1ccc(CC(=O)Nc2ccc(-c3ccccc3OC(F)(F)F)c(Cl)c2)cc1;3.162
CCS(=O)(=O)c1ccc(CC(=O)Nc2cc(Cl)c(-c3ccccc3OC(F)F)c(Cl)c2)cc1;3.162
Cc1ccc(N(CC(C)C)S(=O)(=O)c2ccc(OCc3ccncc3)cc2)c(C)c1;16.0
Cc1ccc(C(NC(=O)Cc2ccc(OCC(O)c3cccnc3C)cc2)c2ccccc2)c(C)c1;1.0
Cc1ccc(C(NC(=O)Cc2ccc3oc(C(O)c4c(C)noc4C)cc3c2)c2ccccc2)c(C)c1;33.0
Cc1cc(Cl)ccc1C(NC(=O)Cc1ccc(OCc2c(C)noc2C)cc1)c1ccc(Cl)cc1;1.0
Cc1cnc(C(CCC(C)C)NC(=O)Cc2ccc3oc(C(O)c4c(C)noc4C)cc3c2)c(C)c1;1.0
Cc1ccc([C@@H](NC(=O)Cc2ccc3oc(C(c4ccncc4)N4CC(N)C4)cc3c2)c2ccccc2)c(C)c1;1.0
Cc1ccc(C(NC(=O)Cc2ccc(N(CC(=O)O)Cc3c(C)noc3C)cc2)c2ccccc2)cc1;1.0
CCn1c2ccccc2c2cc(NC(=O)CC(C)CC(=O)Nc3ccc(C#N)c(Cl)c3)ccc21;11.0
CC(=O)N1CCN(c2ccc(CN(C3CCC3)S(=O)(=O)c3ccc(Cl)c(Cl)c3)c(F)c2)CC1;7.0
CC(C)CN(Cc1ccc(OC2CCN(S(C)(=O)=O)CC2)cc1)S(=O)(=O)Cc1ccccc1;6.0
CC(C)CN(Cc1ccc(N2CCC(C#N)CC2)cc1)S(=O)(=O)Cc1ccccc1;96.0
CC(=O)N1CCN(c2ccc(CN(CC(C)C)S(=O)(=O)Cc3ccccc3)cc2)CC1;47.0
CC(=O)N1CCN(c2ccc(CN(C3CCC3)S(=O)(=O)Cc3ccccc3)cc2)CC1;37.5
CC(=O)N1CCN(c2ccc(CN(C(C)(C)C)S(=O)(=O)Cc3ccccc3)cc2)CC1;60.0
CC(=O)N1CCN(c2ccc(CN(C(C)C)S(=O)(=O)Cc3ccccc3)cc2)CC1;95.0
CC(=O)N1CCN(c2ccc(CN(CC(F)(F)F)S(=O)(=O)Cc3ccccc3)cc2)CC1;30.0
OC(c1ccncc1)(c1ccc2nc(Cl)c(Cc3ccc(Cl)cc3)c(Cl)c2c1)c1cncs1;6.5
Cn1cncc1C(O)(c1ccc(C(F)(F)F)nc1)c1ccc2nc(C#N)c(Cc3ccc(-n4cccn4)cc3)c(C#N)c2c1;31.0
COc1nc2ccc(C(O)(c3sc(C)nc3C)c3cnnn3C)cc2c(Cl)c1Cc1ccc(C(F)(F)F)cc1;2.5
CC(C)CN(CCc1ccccc1)S(=O)(=O)c1ccc(-c2ccc(S(C)(=O)=O)cc2)cc1;37.0
CC(C)CN(Cc1ccccc1)S(=O)(=O)Cc1ccc(-c2ccc(S(C)(=O)=O)cc2)cc1;66.0
CC(C)CN(CCc1ccccc1)S(=O)(=O)c1ccc(N2CCN(S(C)(=O)=O)CC2)cc1;51.0
CC(C)CN(Cc1ccccc1)S(=O)(=O)c1ccc(N2CCN(S(C)(=O)=O)CC2)cc1F;93.0
CC(C)CN(Cc1ccccc1)S(=O)(=O)c1ccc(N2CCN(S(C)(=O)=O)CC2)c(F)c1;51.0
CC(C)CN(CCc1ccccc1)S(=O)(=O)c1ccc(N2CCN(S(C)(=O)=O)CC2)cc1F;42.0
CC(C)CN(CCc1ccccc1)S(=O)(=O)c1ccc(N2CCN(S(C)(=O)=O)CC2)c(F)c1;41.0
CC(C)CN(Cc1ccccc1Cl)S(=O)(=O)c1ccc(N2CCN(S(C)(=O)=O)CC2)cc1;21.0
CC(C)CN(Cc1cccc(Cl)c1)S(=O)(=O)c1ccc(N2CCN(S(C)(=O)=O)CC2)cc1;70.0
CC(C)CN(Cc1ccc(Cl)cc1)S(=O)(=O)c1ccc(N2CCN(S(C)(=O)=O)CC2)cc1;61.0
CC(C)CN(Cc1ccccc1C(F)(F)F)S(=O)(=O)c1ccc(N2CCN(S(C)(=O)=O)CC2)cc1;34.0
CC(=O)N1CCN(c2ccc(S(=O)(=O)N(Cc3ccccc3C(F)(F)F)CC(C)C)cc2)CC1;9.2
CC(C)CN(Cc1ccccc1C(F)(F)F)S(=O)(=O)c1ccc(NC2CCN(S(C)(=O)=O)CC2)cc1;6.0
CC(C)CN(c1ccccc1C(F)(F)F)S(=O)(=O)c1ccc(NC2CCN(S(C)(=O)=O)CC2)cc1;33.0
CC(C)CN(Cc1ccccc1C(F)(F)F)S(=O)(=O)c1ccc(OC2CCN(S(C)(=O)=O)CC2)cc1;6.0
CC(C)CN(Cc1ccccc1C(F)(F)F)S(=O)(=O)c1ccc(C(=O)C2CCN(S(C)(=O)=O)CC2)cc1;7.0
CC(C)CN(Cc1ccccc1C(F)(F)F)S(=O)(=O)c1ccc(C(O)C2CCN(S(C)(=O)=O)CC2)cc1;11.0
CC(C)CN(Cc1ccccc1C(F)(F)F)S(=O)(=O)c1ccc(C=C2CCN(S(C)(=O)=O)CC2)cc1;14.0
CC(C)CN(c1ccccc1F)S(=O)(=O)c1ccc(OC2CCN(S(C)(=O)=O)CC2)cc1;56.0
CC(C)CN(c1cccc(F)c1)S(=O)(=O)c1ccc(OC2CCN(S(C)(=O)=O)CC2)cc1;8.0
CC(C)CN(c1ccc(F)cc1)S(=O)(=O)c1ccc(OC2CCN(S(C)(=O)=O)CC2)cc1;16.0
CC(C)CN(c1ccccc1C#N)S(=O)(=O)c1ccc(OC2CCN(S(C)(=O)=O)CC2)cc1;21.0
CC(C)CN(c1cccc(C#N)c1)S(=O)(=O)c1ccc(OC2CCN(S(C)(=O)=O)CC2)cc1;14.0
CC(C)CN(c1ccc(C#N)cc1)S(=O)(=O)c1ccc(OC2CCN(S(C)(=O)=O)CC2)cc1;15.0
CC(C)CN(Cc1ccccc1C(F)(F)F)S(=O)(=O)c1ccc(OC2CCN(S(C)(=O)=O)CC2)cn1;12.0
O=C(O)c1ccc(-c2nn(C(=O)c3c(Cl)cccc3C(F)(F)F)c3cccnc23)c(F)c1;33.0
CC(=O)N1CCN(c2ccc(CN(C3CCC3)S(=O)(=O)Cc3ccccc3)c(F)c2)CC1;15.0
CC(=O)N1CCN(c2ccc(CN(C3CCC3)S(=O)(=O)c3ccccc3F)c(F)c2)CC1;76.0
CC(=O)N1CCN(c2ccc(CN(C3CCC3)S(=O)(=O)Cc3ccccc3F)c(F)c2)CC1;10.0
CC(=O)N1CCN(c2ccc(CN(C3CCC3)S(=O)(=O)c3cccc(F)c3)c(F)c2)CC1;65.0
CC(=O)N1CCN(c2ccc(CN(C3CCC3)S(=O)(=O)Cc3cccc(F)c3)c(F)c2)CC1;25.0
CC(=O)N1CCN(c2ccc(CN(C3CCC3)S(=O)(=O)Cc3ccc(F)cc3)c(F)c2)CC1;17.0
CC(=O)N1CCN(c2ccc(CN(C3CCC3)S(=O)(=O)c3ccccc3Cl)c(F)c2)CC1;55.0
CC(=O)N1CCN(c2ccc(CN(C3CCC3)S(=O)(=O)Cc3ccccc3Cl)c(F)c2)CC1;9.0
CC(=O)N1CCN(c2ccc(CN(C3CCC3)S(=O)(=O)c3cccc(Cl)c3)c(F)c2)CC1;22.0
CC(=O)N1CCN(c2ccc(CN(C3CCC3)S(=O)(=O)Cc3cccc(Cl)c3)c(F)c2)CC1;19.0
CC(=O)N1CCN(c2ccc(CN(C3CCC3)S(=O)(=O)c3ccc(Cl)cc3)c(F)c2)CC1;92.0
CC(=O)N1CCN(c2ccc(CN(C3CCC3)S(=O)(=O)Cc3ccc(Cl)cc3)c(F)c2)CC1;36.5
CC(=O)N1CCN(c2ccc(CN(C3CCC3)S(=O)(=O)c3cc(Cl)cc(Cl)c3)c(F)c2)CC1;6.0
CC(=O)N1CCN(c2ccc(CN(C3CCC3)S(=O)(=O)Cc3cc(Cl)cc(Cl)c3)c(F)c2)CC1;29.0
CC(=O)N1CCN(c2ccc(CN(C3CCC3)S(=O)(=O)c3cc(F)cc(F)c3)c(F)c2)CC1;49.0
COc1cccc(S(=O)(=O)N(Cc2ccc(N3CCN(C(C)=O)CC3)cc2F)C2CCC2)c1;36.0
CC(=O)N1CCN(c2ccc(CN(C3CCC3)S(=O)(=O)c3ccc(C)cc3C)c(F)c2)CC1;24.0
CC(=O)N1CCN(c2ccc(CN(C3CCC3)S(=O)(=O)c3ccc(Cl)cc3Cl)c(F)c2)CC1;76.0
CC(=O)N1CCN(c2ccc(CN(C3CCC3)S(=O)(=O)c3ccc(OC(F)F)cc3)c(F)c2)CC1;31.0
CC(=O)N1CCN(c2ccc(CN(C3CCC3)S(=O)(=O)c3ccc(C(F)(F)F)cc3)c(F)c2)CC1;50.0
CC(=O)N1CCN(c2ccc(CN(C3CCC3)S(=O)(=O)c3ccc(C(C)(C)C)cc3)c(F)c2)CC1;18.0
CCOc1cc(-c2cc(C(N)=O)ccc2Cl)ccc1N(C)C(=O)c1c(F)cccc1Cl;50.0
CC(C)Oc1cc(-c2cc(C(N)=O)ccc2Cl)ccc1N(C)C(=O)c1c(F)cccc1Cl;54.0
CCCOc1cc(-c2cc(C(N)=O)ccc2Cl)ccc1N(C)C(=O)c1c(F)cccc1Cl;11.0
CCCCOc1cc(-c2cc(C(N)=O)ccc2Cl)ccc1N(C)C(=O)c1c(F)cccc1Cl;22.0
CN(C(=O)c1c(F)cccc1Cl)c1ccc(-c2cc(C(N)=O)ccc2Cl)cc1OCC(F)(F)F;11.0
[2H]C([2H])([2H])N(C(=O)c1c(F)cccc1Cl)c1ccc(-c2cc(C(N)=O)ccc2Cl)cc1OCC(F)(F)F;29.0
CN(C(=O)c1c(F)cccc1Cl)c1ncc(-c2cc(C(N)=O)ccc2Cl)cc1OCC(F)(F)F;20.0
[2H]C([2H])([2H])N(C(=O)c1c(F)cccc1Cl)c1ncc(-c2cc(C(N)=O)ccc2Cl)cc1OCC(F)(F)F;89.0
CN(C(=O)c1c(F)cccc1Cl)c1ncc(-c2cc(C(N)=O)ccc2Cl)cc1OCC1CCC1;10.0
[2H]C([2H])([2H])N(C(=O)c1c(F)cccc1Cl)c1ncc(-c2cc(C(N)=O)ccc2Cl)cc1OCC1CCC1;10.0
CCN(CC)c1cc(-c2cc(C(N)=O)ccc2Cl)ccc1N(C)C(=O)c1c(F)cccc1Cl;3.0
CN(C(=O)c1c(F)cccc1Cl)c1ccc(-c2cc(C(N)=O)ccc2Cl)cc1N1CCCCC1;3.0
[2H]C([2H])([2H])N(C(=O)c1c(F)cccc1Cl)c1ccc(-c2cnn(C)c2C(C)C)cc1OCC(F)(F)F;38.0
[2H]C([2H])([2H])N(C(=O)c1c(F)cccc1Cl)c1ccc(-c2cc(NC(C)=O)nn2C(C)C)cc1OCC(F)(F)F;26.0
[2H]C([2H])([2H])N(C(=O)c1c(F)cccc1Cl)c1ccc(-c2cc(NC(C)=O)nn2C(C)C)cc1OCC1CCC1;18.0
[2H]C([2H])([2H])N(C(=O)c1c(F)cccc1Cl)c1ccc(-c2cc(NC(C)=O)nn2C(C)C)cc1OCC(C)C;76.0
[2H]C([2H])([2H])N(C(=O)c1c(F)cccc1Cl)c1ccc(-c2cc(NC(C)=O)nn2C(C)C)cc1OC1CC2CC2C1;54.0
[2H]C([2H])([2H])N(C(=O)c1c(F)cccc1Cl)c1ccc(-c2cc(NC(C)=O)nn2C(C)C)cc1N1CC2CC2C1;3.0
[2H]C([2H])([2H])N(C(=O)c1c(F)cccc1Cl)c1ccc(-c2cc(NC(C)=O)nn2C(C)C)cc1N1CCCC1;8.6
[2H]C([2H])([2H])N(C(=O)c1c(F)cccc1Cl)c1ccc(-c2cc(NC(C)=O)nn2C(C)C)cc1N1CCCCC1;3.8
[2H]C([2H])([2H])N(C(=O)c1c(F)cccc1Cl)c1ccc(-c2cc(NC(C)=O)nn2C(C)C)cc1-c1ccccc1;15.0
CC(=O)Nc1cc(-c2ccc(N(C)C(=O)c3c(F)cccc3Cl)c(N3CC4CC4C3)c2)n(C(C)C)n1;4.9
[2H]C([2H])([2H])N(C(=O)c1c(Cl)cccc1Cl)c1ccc(-c2cc(NC(C)=O)nn2C(C)C)cc1N1CC2CC2C1;3.4
[2H]C([2H])([2H])N(C(=O)c1c(C)cccc1F)c1ccc(-c2cc(NC(C)=O)nn2C(C)C)cc1N1CC2CC2C1;4.8
[2H]C([2H])([2H])N(C(=O)c1c(F)cccc1Cl)c1ncc(-c2cc(NC(C)=O)nn2C(C)C)cc1N1CC2CC2C1;9.2
[2H]C([2H])([2H])N(C(=O)c1c(F)cccc1Cl)c1ccc(-c2cc(NC=O)nn2C(C)C)cc1N1CC2CC2C1;4.9
[2H]C([2H])([2H])N(C(=O)c1c(F)cccc1Cl)c1ccc(-c2cc(NC(=O)CC)nn2C(C)C)cc1N1CC2CC2C1;4.9
[2H]C([2H])([2H])N(C(=O)c1c(F)cccc1Cl)c1ccc(-c2cc(NC(=O)C3CC3)nn2C(C)C)cc1N1CC2CC2C1;5.0
[2H]C([2H])([2H])N(C(=O)c1c(F)cccc1Cl)c1ccc(-c2cc(NC(=O)[C@H]3C[C@H](O)C3)nn2C(C)C)cc1N1CC2CC2C1;12.0
[2H]C([2H])([2H])N(C(=O)c1c(F)cccc1Cl)c1ccc(-c2cc(NC(=O)CO)nn2C(C)C)cc1N1CC2CC2C1;3.3
[2H]C([2H])([2H])N(C(=O)c1c(F)cccc1Cl)c1ccc(-c2cc(NC(=O)CN(C)C)nn2C(C)C)cc1N1CC2CC2C1;70.0
[2H]C([2H])([2H])N(C(=O)c1c(F)cccc1Cl)c1ccc(-c2cc(NC(=O)NC)nn2C(C)C)cc1N1CC2CC2C1;6.0
[2H]C([2H])([2H])N(C(=O)c1c(F)cccc1Cl)c1ccc(-c2cc(NC(=O)N3CC4(COC4)C3)nn2C(C)C)cc1N1CC2CC2C1;16.0
[2H]C([2H])([2H])N(C(=O)c1c(F)cccc1Cl)c1ccc(-c2cc(NC(=O)N3CC(O)C3)nn2C(C)C)cc1N1CC2CC2C1;9.4
[2H]C([2H])([2H])N(C(=O)c1c(F)cccc1Cl)c1ccc(-c2cc(NC(=O)NCCO)nn2C(C)C)cc1N1CC2CC2C1;18.0
[2H]C([2H])([2H])N(C(=O)c1c(F)cccc1Cl)c1ccc(-c2cc(NC(=O)OC(C)C)nn2C(C)C)cc1N1CC2CC2C1;21.0
[2H]C([2H])([2H])N(C(=O)c1c(F)cccc1Cl)c1ccc(-c2cc(NC(C)=O)nn2C2CCCC2)cc1N1CC2CC2C1;5.1
[2H]C([2H])([2H])N(C(=O)c1c(F)cccc1Cl)c1ccc(-c2cc(NC(C)=O)nn2C2CCC2)cc1N1CC2CC2C1;5.2
[2H]C([2H])([2H])N(C(=O)c1c(F)cccc1Cl)c1ccc(-c2cc(NC(C)=O)nn2CC(C)(C)C)cc1N1CC2CC2C1;15.0
[2H]C([2H])([2H])N(C(=O)c1c(F)cccc1Cl)c1ccc(-c2cc(NC(C)=O)nn2C2COC2)cc1N1CC2CC2C1;40.0
[2H]C([2H])([2H])N(C(=O)c1c(F)cccc1Cl)c1ccc(-c2cc(NC(C)=O)nn2CC2CC2)cc1N1CC2CC2C1;6.4
[2H]C([2H])([2H])N(C(=O)c1c(F)cccc1Cl)c1ccc(-c2cc(NC(C)=O)nn2C(C)C2CC2)cc1N1CC2CC2C1;8.4
CC(=O)Nc1cc(-c2cnc(N(C)C(=O)c3c(F)cccc3Cl)c(N3CCCCC3)c2)n(C(C)C)n1;6.2
CC(=O)Nc1nc(C(C)C)c(-c2cnc(N(C)C(=O)c3c(F)cccc3Cl)c(N3CCCCC3)c2)s1;3.2
O=C(O)c1ccc(-c2nn(C(=O)c3c(Cl)cccc3C(F)(F)F)c3ccccc23)cc1;7.8
CCS(=O)(=O)c1ccc(CC(=O)Nc2nc(-c3ccccc3)c(Oc3ccccc3Cl)s2)cc1;56.295
CCS(=O)(=O)c1ccc(CC(=O)Nc2nc(-c3ccccc3)c(Oc3ccccc3C(F)(F)F)s2)cc1;47.64
CCS(=O)(=O)c1ccc(CC(=O)Nc2nc(-c3ccccc3)c(Oc3ccccc3OC)s2)cc1;63.1
CCS(=O)(=O)c1ccc(CC(=O)Nc2nc(-c3ccccc3)c(Oc3ccc(Cl)cc3)s2)cc1;83.21650000000001
CCS(=O)(=O)c1ccc(CC(=O)Nc2nc(-c3ccccc3)c(Oc3ccc(C(F)(F)F)cc3)s2)cc1;89.22
CCS(=O)(=O)c1ccc(CC(=O)Nc2nc(-c3cccc(Cl)c3)c(Oc3ccccc3C(F)(F)F)s2)cc1;47.36
CCS(=O)(=O)c1ccc(CC(=O)Nc2nc(-c3cccc(C#N)c3)c(Oc3ccccc3C(F)(F)F)s2)cc1;31.354999999999997
CCS(=O)(=O)c1ccc(CC(=O)Nc2nc(-c3cccc(C#N)c3)c(Oc3ccc(C(F)(F)F)cc3Cl)s2)cc1;25.785
CCS(=O)(=O)c1ccc(CC(=O)Nc2cc(-c3cc(Cl)ccc3Cl)cs2)cc1;79.43
CCS(=O)(=O)c1ccc(CC(=O)Nc2ccc(-c3ccccc3)c(Cl)c2)cc1;15.85
CCS(=O)(=O)c1ccc(CC(=O)Nc2ccc(-c3ccccc3Cl)c(Cl)c2)cc1;5.012
CCS(=O)(=O)c1ccc(CC(=O)Nc2ccc(-c3ccccc3C(F)(F)F)c(Cl)c2)cc1;7.943
CCS(=O)(=O)c1ccc(CC(=O)Nc2ccc(-c3ccccc3OC(C)C)c(Cl)c2)cc1;10.0
CCS(=O)(=O)c1ccc(CC(=O)Nc2ccc(-c3ncccc3C(F)(F)F)c(Cl)c2)cc1;63.1
CCS(=O)(=O)c1ccc(CC(=O)Nc2ccc(-c3ccccc3OC(F)(F)F)cc2)cc1;7.943
CCS(=O)(=O)c1ccc(CC(=O)Nc2ccc(-c3ccccc3OC(F)(F)F)c(C)c2)cc1;5.012
CCS(=O)(=O)c1ccc(CC(=O)Nc2ccc(-c3ccccc3OC(F)(F)F)c(C(F)(F)F)c2)cc1;6.31
CCS(=O)(=O)c1ccc(CC(=O)Nc2ccc(-c3ccccc3OC(F)(F)F)c(C(C)=O)c2)cc1;10.0
CCS(=O)(=O)c1ccc(CC(=O)Nc2ccc(-c3ccccc3OC(F)(F)F)c(-c3ccno3)c2)cc1;5.012
CCS(=O)(=O)c1ccc(CC(=O)Nc2ccc(-c3ccccc3OC(F)(F)F)c(-c3cncnc3)c2)cc1;3.981
CCS(=O)(=O)c1ccc(CC(=O)Nc2cc(Cl)c(-c3ccccc3OC(F)(F)F)c(C#N)c2)cc1;6.31
CCS(=O)(=O)c1ccc(CC(=O)Nc2cc(C)c(-c3ccccc3OC(F)(F)F)c(Cl)c2)cc1;3.981
CCS(=O)(=O)c1ccc(CC(=O)Nc2cc(Cl)c(-c3ccccc3OC(F)(F)F)c(Cl)c2)cc1;34.6
CS(=O)(=O)c1ccc(CC(=O)Nc2cc(Cl)c(-c3ccccc3OC(F)(F)F)c(Cl)c2)cc1;5.012
NS(=O)(=O)c1ccc(CC(=O)Nc2cc(Cl)c(-c3ccccc3OC(F)(F)F)c(Cl)c2)cc1;3.162
CCS(=O)(=O)c1ccc(CC(=O)Nc2cc(Cl)c(-c3ccccc3C#N)c(Cl)c2)cc1;6.31
CCS(=O)(=O)c1ccc(CC(=O)Nc2cc(Cl)c(-c3ccc(F)cc3C#N)c(Cl)c2)cc1;3.981
CS(=O)(=O)c1ccc(CC(=O)Nc2ccc(-c3ccc(Cl)cc3OC(F)(F)F)c(F)c2)cc1;10.0
Cc1cc(NC(=O)Cc2ccc(S(C)(=O)=O)cc2)ccc1-c1ccc(Cl)cc1OC(F)(F)F;6.31
CS(=O)(=O)c1ccc(CC(=O)Nc2ccc(-c3ccc(Cl)cc3OC(F)(F)F)c(Cl)c2)cc1;7.943
CCS(=O)(=O)c1ccc(CC(=O)Nc2ccc(-c3ccc(Cl)cc3OC(F)(F)F)c(Cl)c2)cc1;6.31
O=C(Nc1ccc2c(c1)N(S(=O)(=O)c1ccc(F)cc1)CCC2)c1c(F)cccc1F;50.0
C[C@H]1CC[C@H](c2ccccc2)S(=O)(=O)N1Cc1ccc(N2CCC3(CC2)C(=O)N(C)C(=O)N3C)cc1F;6.9
C[C@H]1CC[C@H](c2ccccc2)S(=O)(=O)N1Cc1cc(F)c(C(CO)CC2COC2)cc1F;4.0
O=S1(=O)[C@H](c2ccccc2)CCCCN1Cc1cc(F)c(N2C[C@H]3[C@H](n4cnnc4)[C@H]3C2)cc1F;5.0
O=S1(=O)[C@@H](c2ccccc2)CC[C@H](C(F)F)N1Cc1ccc(N2CCC(n3cnnc3)CC2)cc1F;26.0
CC(=O)N1CCN(c2ccc(CN(C3CCC3)S(=O)(=O)N(C)c3ccccc3)c(F)c2)CC1;28.0
CC(=O)N1CCN(c2ccc(CN3C(C)CCN(c4ccccc4)S3(=O)=O)c(F)c2)CC1;96.0
CC(=O)N1CCN(c2ccc(CN3CCCCN(c4ccccc4)S3(=O)=O)c(F)c2)CC1;45.0
CC(=O)N1CCN(c2ccc(CN(C3CCC3)S(=O)(=O)Oc3ccccc3)c(F)c2)CC1;7.0
Cn1ccc2c(S(=O)(=O)N(CC(F)(F)F)c3ccc4c(c3)CCCN4C(=O)c3cccs3)cccc21;56.0
Cc1ccc(S(=O)(=O)N(CC(F)(F)F)c2ccc3c(c2)CCCN3C(=O)c2c(F)cccc2Cl)cc1C;10.0
Cn1ccc2c(S(=O)(=O)N(CC(F)(F)F)c3ccc(C(O)(C(F)(F)F)C(F)(F)F)cc3)cccc21;72.0
O=S(=O)(c1cccc(Cl)c1)N(CC(F)(F)F)c1ccc(C(O)(C(F)(F)F)C(F)(F)F)cc1;72.0
Cc1cccc(C)c1COC(c1ccc([C@]2(S(=O)(=O)c3ccc(F)cc3)CCN(C(=O)[C@H]3CC[C@H](C(=O)O)CC3)C2)cc1)(C(F)(F)F)C(F)(F)F;81.0
COC(c1ccc([C@]2(S(=O)(=O)c3ccc(F)cc3)CCN(C(=O)OC(C)(C)C)C2)cc1F)(C(F)(F)F)C(F)(F)F;59.0
N#CC1CCN(C(=O)N2CC[C@](c3ccc(C(F)(C(F)(F)F)C(F)(F)F)cc3)(S(=O)(=O)c3ccc(F)cc3)C2)CC1;40.0
COCC(=O)N1CCC(c2ccc(C(OCc3c(F)cccc3F)(C(F)(F)F)C(F)(F)F)cc2)(S(=O)(=O)c2ccc(F)cc2)C1;97.0
CCOC(=O)CNC(=O)N1CCC(c2ccc(C(OCc3c(F)cccc3F)(C(F)(F)F)C(F)(F)F)cc2)(S(=O)(=O)c2ccc(F)cc2)C1;34.0
CCS(=O)(=O)c1ccc(CC(=O)N2CC[C@](c3ccc(C(OCc4c(F)cccc4F)(C(F)(F)F)C(F)(F)F)cc3)(S(=O)(=O)c3ccc(F)cc3)C2)cc1;32.0
CC(=O)N1CCC(C(=O)N2CC[C@](c3ccc(C(Oc4c(F)cccc4F)(C(F)(F)F)C(F)(F)F)cc3)(S(=O)(=O)c3ccc(F)cc3)C2)CC1;86.0
CC(=O)N1CCN(C(=O)N2CC[C@](c3ccc(C(OCc4ccccc4C(F)(F)F)(C(F)(F)F)C(F)(F)F)cc3)(S(=O)(=O)c3ccc(F)cc3)C2)CC1;78.0
CC(=O)N1CCN(c2ccc(CN(C3CCC3)S(=O)(=O)c3cc(Cl)ccc3Cl)c(F)c2)CC1;9.0
Cc1cc(S(=O)(=O)[C@@]2(c3ccc(C(F)(C(F)(F)F)C(F)(F)F)cc3)CCN(C(=O)C34CCC(C(=O)O)(CC3)CC4)C2)ccc1F;79.0
COC(c1ccc([C@]2(S(=O)(=O)c3ccc(F)cc3)CCN(C(=O)C3CCS(=O)(=O)CC3)C2)cc1F)(C(F)(F)F)C(F)(F)F;46.0
CNC(=O)C1CCN(C(=O)N2CC[C@](c3ccc(C(OCc4c(F)cccc4F)(C(F)(F)F)C(F)(F)F)cc3)(S(=O)(=O)c3ccc(F)cc3)C2)CC1;80.0
CC(C)CN(Cc1ccc(NC2CCN(S(C)(=O)=O)CC2)cc1)S(=O)(=O)Cc1ccccc1;6.0
CS(=O)(=O)N1CCC(C(=O)N2CC[C@](c3ccc(C(O)(C(F)(F)F)C(F)(F)F)cc3)(S(=O)(=O)c3ccc(F)cc3)C2)CC1;52.0
CC(=O)N1CCN(C(=O)N2CC[C@](c3ccc(C(OCc4c(C)noc4C)(C(F)(F)F)C(F)(F)F)cc3)(S(=O)(=O)c3ccc(F)cc3)C2)CC1;96.0
O=C1NC(=O)C2(CCN(C(=O)N3CC[C@](c4ccc(C(OCc5c(F)cccc5F)(C(F)(F)F)C(F)(F)F)cc4)(S(=O)(=O)c4ccc(F)cc4)C3)CC2)N1;28.0
C=CCN1CCC(c2ccc(C(OCc3c(F)cccc3F)(C(F)(F)F)C(F)(F)F)cc2)(S(=O)(=O)c2ccc(F)cc2)C1;51.0
O=S(=O)(c1ccc(F)cc1)C1(c2ccc(C(OCc3c(F)cccc3F)(C(F)(F)F)C(F)(F)F)cc2)CCNC1;47.0
O=C(CO)N1CCC(c2ccc(C(OCc3c(F)cccc3F)(C(F)(F)F)C(F)(F)F)cc2)(S(=O)(=O)c2ccc(F)cc2)C1;92.0
CC(C)CN(Cc1ccc(NC2(C)CCN(S(C)(=O)=O)CC2)cc1)S(=O)(=O)Cc1ccccc1;29.0
COc1nc2ccc(C(O)(c3ccc(C(F)(F)F)nc3)c3cncn3C)cc2c(Cl)c1Cc1ccc(C(F)(F)F)cc1;86.5
CS(=O)(=O)C1CCC(C(=O)N2CC[C@](c3ccc(C(F)(C(F)(F)F)C(F)(F)F)cc3)(S(=O)(=O)c3ccc(F)cc3)C2)CC1;75.0
CC(=O)N1CCC(N)(C(=O)N2CC[C@](c3ccc(C(OCc4c(F)cccc4F)(C(F)(F)F)C(F)(F)F)cc3)(S(=O)(=O)c3ccc(F)cc3)C2)CC1;40.0
N#Cc1cnc(N2CC[C@](c3ccc(C(OCc4c(F)cccc4F)(C(F)(F)F)C(F)(F)F)cc3)(S(=O)(=O)c3ccc(F)cc3)C2)nc1;24.0
CC(C)(C)NC(=O)N1CCC(c2ccc(C(OCc3c(F)cccc3F)(C(F)(F)F)C(F)(F)F)cc2)(S(=O)(=O)c2ccc(F)cc2)C1;96.0
Cn1cncc1C(O)(c1ccc(Cl)cc1)c1ccc2nc(N3CCC3)c(Oc3ccc(C#N)cc3)c(Cl)c2c1;72.0
CC(=O)N1C[C@@H]2C[C@H]1CN2c1ccc(CN(CC(F)(F)F)S(=O)(=O)Cc2ccccc2)c(F)c1;17.0
CC(C)(C)OC(=O)N1CCC(c2ccc(C(OCc3c(F)cccc3F)(C(F)(F)F)C(F)(F)F)cc2)(S(=O)(=O)c2ccccc2)C1;87.0
N#CC1CCN(C(=O)N2CC[C@](c3ccc(C(OCc4c(F)cccc4F)(C(F)(F)F)C(F)(F)F)cc3)(S(=O)(=O)c3ccc(F)cc3)C2)CC1;26.0
CC(=O)N1CCN(C(=O)N2CC[C@](c3ccc(C(O)(c4ccccc4)C(F)(F)F)cc3)(S(=O)(=O)c3ccc(F)cc3)C2)CC1;50.0
N#CC1CCN(C(=O)N2CC[C@](c3ccc(C(OCc4c(F)cccc4F)(C(F)(F)F)C(F)(F)F)cc3)(S(=O)(=O)c3ccc(N=[N+]=[N-])cc3)C2)CC1;31.0
O=C1CCC(C(=O)N2CC[C@](c3ccc(C(F)(C(F)(F)F)C(F)(F)F)cc3)(S(=O)(=O)c3ccc(F)cc3)C2)CC1;89.0
Cc1cc(S(=O)(=O)[C@@]2(c3ccc(C(F)(C(F)(F)F)C(F)(F)F)cc3)CCN(C(=O)C3(O)CCC(C(=O)O)CC3)C2)ccc1F;80.0
CC(=O)N1CCN(c2ccc(CN(C3CCC3)S(=O)(=O)c3cc(C)cc(C)c3)c(F)c2)CC1;24.0
O=C(N[C@H]1CC[C@@H](C(=O)O)CC1)N1CC[C@](c2ccc(C(OCc3c(F)cccc3F)(C(F)(F)F)C(F)(F)F)cc2)(S(=O)(=O)c2ccc(F)cc2)C1;44.0
C=CC[C@]1(C(=O)N2CC[C@](c3ccc(C(F)(C(F)(F)F)C(F)(F)F)cc3)(S(=O)(=O)c3ccc(F)c(C)c3)C2)CC[C@H](C(=O)O)CC1;69.0
CC(=O)N1CC(C(=O)N2CCC(c3ccc(C(OCc4c(F)cccc4F)(C(F)(F)F)C(F)(F)F)cc3)(S(=O)(=O)c3ccc(F)cc3)C2)C1;60.0
CCc1cccc(S(=O)(=O)C2(c3ccc(C(F)(C(F)(F)F)C(F)(F)F)cc3)CCN(C(=O)[C@H]3CC[C@H](C(=O)O)CC3)C2)c1;59.0
O=C(N1CC[C@](c2ccc(C(F)(C(F)(F)F)C(F)(F)F)cc2)(S(=O)(=O)c2ccc(F)cc2)C1)C1(CO)CCOCC1;53.0
CCc1cc(S(=O)(=O)[C@@]2(c3ccc(C(F)(C(F)(F)F)C(F)(F)F)cc3)CCN(C(=O)[C@H]3CC[C@H](C(=O)O)CC3)C2)ccc1F;42.0
O=C(N1CCC(O)(C(F)(F)F)CC1)N1CC[C@](c2ccc(C(O)(C(F)(F)F)C(F)(F)F)cc2)(S(=O)(=O)c2ccc(F)cc2)C1;37.0
CC(=O)N1CCN(C(=O)N2CC[C@](c3ccc(C(OCc4c(F)cccc4C#N)(C(F)(F)F)C(F)(F)F)cc3)(S(=O)(=O)c3ccc(F)cc3)C2)CC1;70.0
O=C(O)C12CCC(C(=O)N3CC[C@](c4ccc(C(F)(C(F)(F)F)C(F)(F)F)c(F)c4)(S(=O)(=O)c4ccc(F)cc4)C3)(CC1)CC2;56.0
COc1cccc(F)c1COC(c1ccc([C@]2(S(=O)(=O)c3ccc(F)cc3)CCN(C(=O)N3CCC(C(=O)O)CC3)C2)cc1)(C(F)(F)F)C(F)(F)F;56.0
CC(C)CN(Cc1ccc(N2CCC3(CCOC3)C2)cc1)S(=O)(=O)Cc1ccccc1;56.0
O=C(O)[C@H]1CC[C@H](C(=O)N2CC[C@](c3ccc(C(F)(C(F)(F)F)C(F)(F)F)c(F)c3)(S(=O)(=O)c3ccc(F)cc3)C2)CC1;51.0
CC(=O)N1CCN(c2ccc(CN(CC(F)(F)F)S(=O)(=O)Cc3ccccc3)c(F)c2)CC1;12.0
CC(C)CN(Cc1ccc(N2CCC(NS(C)(=O)=O)CC2)cc1)S(=O)(=O)Cc1ccccc1;51.0
CC(C)(C)OC(=O)N1CCC(c2ccc(C(OCc3c(F)cccc3F)(C(F)(F)F)C(F)(F)F)cc2)(S(=O)(=O)c2ccc(F)cc2)C1;32.0
O=C(N1CCC(c2c[nH]cn2)CC1)N1CC[C@](c2ccc(C(OCc3c(F)cccc3F)(C(F)(F)F)C(F)(F)F)cc2)(S(=O)(=O)c2ccc(F)cc2)C1;67.0
O=C(O)[C@H]1CC[C@H](C(=O)N2CCC(c3ccc(C(F)(C(F)(F)F)C(F)(F)F)cc3)(S(=O)(=O)c3cccc(-c4ccccc4)c3)C2)CC1;51.0
COc1nc2ccc(C(O)(c3ccc(C)nc3C)c3cnnn3C)cc2c(Cl)c1Cc1ccc(C(F)(F)F)cc1;3.5999999999999996
CC(=O)N1CCN(C(=O)N2CC[C@](c3ccc(C(F)(C(F)(F)F)C(F)(F)F)cc3)(S(=O)(=O)c3ccc(F)cc3)C2)CC1;32.0
Cc1cccc(S(=O)(=O)C2(c3ccc(C(F)(C(F)(F)F)C(F)(F)F)cc3)CCN(C(=O)[C@H]3CC[C@H](C(=O)O)CC3)C2)c1;88.0
CC(=O)N1CCN(C(=O)N2CC[C@](c3ccc(C(OCc4ccccc4)(C(F)(F)F)C(F)(F)F)cc3)(S(=O)(=O)c3ccc(F)cc3)C2)CC1;50.0
O=C(O)[C@H]1CCN(C(=O)N2CC[C@](c3ccc(C(OCc4c(F)cccc4F)(C(F)(F)F)C(F)(F)F)cc3)(S(=O)(=O)c3ccc(F)cc3)C2)C1;12.0
O=S(=O)(c1ccc(F)cc1)[C@@]1(c2ccc(C(O)(C(F)(F)F)C(F)(F)F)cc2)CCNC1;35.0
O=C(O)[C@H]1CC[C@H](C(=O)N2CCC(c3ccc(C(F)(C(F)(F)F)C(F)(F)F)cc3)(S(=O)(=O)c3cccc(Cl)c3)C2)CC1;58.0
O=C(O)[C@H]1CC[C@H](C(=O)N2CC[C@](c3ccc(C(F)(C(F)(F)F)C(F)(F)F)cc3)(S(=O)(=O)c3ccc(Br)cc3)C2)CC1;79.0
CC(=O)N1CCC(C(=O)N2CCC(c3ccc(C(O)(C(F)(F)F)C(F)(F)F)cc3)(S(=O)(=O)c3ccc(F)cc3)C2)CC1;27.0
CC(C)c1cccc(S(=O)(=O)C2(c3ccc(C(F)(C(F)(F)F)C(F)(F)F)cc3)CCN(C(=O)[C@H]3CC[C@H](C(=O)O)CC3)C2)c1;43.0
CC(C)CN(c1cccc(Cl)c1)S(=O)(=O)c1cccc(-c2ccc(S(C)(=O)=O)cc2)c1;82.0
CC(=O)N1CCN(c2ccc(CN(C3CCC3)S(=O)(=O)c3cc(F)ccc3F)c(F)c2)CC1;39.0
Cc1cc(S(=O)(=O)[C@@]2(c3ccc(C(F)(C(F)(F)F)C(F)(F)F)cc3)CCN(C(=O)[C@]3(F)CC[C@@H](C(=O)O)CC3)C2)ccc1F;51.0
CCN(CC)c1nc2ccc(C(O)(c3ccc(C(F)(F)F)nc3)c3cncn3C)cc2c(C(F)(F)F)c1Oc1ccc(Cl)cc1;95.0
CC(C)CN(Cc1cccc(Cl)c1)S(=O)(=O)c1ccc(-c2ccc(S(C)(=O)=O)cc2)cc1;96.0
CC(=O)N1CCC(C(=O)N2CC[C@](c3ccc(C(OCc4c(F)cccc4F)(C(F)(F)F)C(F)(F)F)cc3)(S(=O)(=O)c3ccc(F)cc3)C2)CC1;78.0
NC(=O)CN1CC[C@](c2ccc(C(OCc3c(F)cccc3F)(C(F)(F)F)C(F)(F)F)cc2)(S(=O)(=O)c2ccc(F)cc2)C1;35.0
[N-]=[N+]=Nc1ccc(S(=O)(=O)[C@@]2(c3ccc(C(F)(C(F)(F)F)C(F)(F)F)cc3)CCN(C(=O)[C@H]3CC[C@H](C(=O)O)CC3)C2)cc1;62.0
NC(=O)N1CCC(C(=O)N2CCC(c3ccc(C(OCc4c(F)cccc4F)(C(F)(F)F)C(F)(F)F)cc3)(S(=O)(=O)c3ccc(F)cc3)C2)CC1;56.0
CC(=O)N1CCN(c2ccc(CN(C3CCC3)S(=O)(=O)Cc3ccccc3C(F)(F)F)c(F)c2)CC1;12.0
CC(C)CN(Cc1ccc(N2CCC3(COC3)C2)cc1)S(=O)(=O)Cc1ccccc1;53.0
COC(c1ccccc1)(c1ccc([C@]2(S(=O)(=O)c3ccc(F)cc3)CCN(C(=O)N3CCN(C(C)=O)CC3)C2)cc1)C(F)(F)F;46.0
N#C[C@@H]1CCN(C(=O)N2CC[C@](c3ccc(C(OCc4c(F)cccc4F)(C(F)(F)F)C(F)(F)F)cc3)(S(=O)(=O)c3ccc(F)cc3)C2)C1;23.0
O=C(N1CCC(O)(C(F)(F)F)CC1)N1CC[C@](c2ccc(C(OCc3c(F)cccc3F)(C(F)(F)F)C(F)(F)F)cc2)(S(=O)(=O)c2ccc(F)cc2)C1;80.0
Cc1ccc(S(=O)(=O)[C@@]2(c3ccc(C(F)(C(F)(F)F)C(F)(F)F)cc3)CCN(C(=O)[C@H]3CC[C@H](C(=O)O)CC3)C2)cc1C;74.0
COc1nc2ccc(C(C)(O)c3ccc(C)nc3C)cc2c(Cl)c1Cc1ccc(C(F)(F)F)cc1;52.0
O=C(O)c1ccc(C(=O)N2CC[C@](c3ccc(C(OCc4c(F)cccc4F)(C(F)(F)F)C(F)(F)F)cc3)(S(=O)(=O)c3ccc(F)cc3)C2)cc1;46.0
CC(=O)N1CCN(C(=O)N2CC[C@](c3ccc(C(O)(C(F)(F)F)C(F)(F)F)c(F)c3)(S(=O)(=O)c3ccc(F)cc3)C2)CC1;40.0
O=C(O)c1ccc(-n2nc(Oc3c(Cl)cccc3Cl)c3cccc(F)c32)cc1;88.0
CCCc1cccc(S(=O)(=O)C2(c3ccc(C(F)(C(F)(F)F)C(F)(F)F)cc3)CCN(C(=O)[C@H]3CC[C@H](C(=O)O)CC3)C2)c1;74.0
COC(c1ccc([C@]2(S(=O)(=O)c3ccc(F)cc3)CCN(C(=O)N3CCC(C(=O)O)CC3)C2)cc1)(C(F)(F)F)C(F)(F)F;73.0
CC(=O)N1CCN(c2ccc(CN(C3CCC3)S(=O)(=O)c3cccc(C(C)(C)C)c3)c(F)c2)CC1;33.0
O=C(O)C12CCC(C(=O)N3CC[C@](c4ccc(C(F)(C(F)(F)F)C(F)(F)F)cc4)(S(=O)(=O)c4ccc(F)cc4)C3)(CC1)OC2;51.0
CC(=O)N1CCN(c2ccc(CN(C3CCC3)S(=O)(=O)c3c(Cl)cccc3Cl)c(F)c2)CC1;38.0
CCNC(=O)CN1CCC(c2ccc(C(OCc3c(F)cccc3F)(C(F)(F)F)C(F)(F)F)cc2)(S(=O)(=O)c2ccc(F)cc2)C1;47.0
COC(c1ccc([C@]2(S(=O)(=O)c3ccc(F)cc3)CCN(C(=O)C34CCC(C(=O)O)(CC3)CC4)C2)cc1F)(C(F)(F)F)C(F)(F)F;68.0
CC(=O)N1CCN(c2ccc(CN(CC(F)(F)F)S(=O)(=O)C(C)c3ccccc3)c(F)c2)CC1;11.0
NC(=O)C(=O)N1CCC(c2ccc(C(OCc3c(F)cccc3F)(C(F)(F)F)C(F)(F)F)cc2)(S(=O)(=O)c2ccc(F)cc2)C1;73.0
Cc1cc(S(=O)(=O)[C@@]2(c3ccc(C(F)(C(F)(F)F)C(F)(F)F)cc3)CCN(C(=O)[C@H]3CC[C@H](C(=O)O)CC3)C2)ccc1F;16.0
O=C(O)[C@H]1CC[C@H](C(=O)N2CC[C@](c3ccc(C(F)(C(F)(F)F)C(F)(F)F)cc3)(S(=O)(=O)c3ccc(Cl)cc3)C2)CC1;92.0
CC(C)(O)C(=O)N1CC[C@](c2ccc(C(OCc3c(F)cccc3F)(C(F)(F)F)C(F)(F)F)cc2)(S(=O)(=O)c2ccc(F)cc2)C1;52.0
CC(=O)N1CCN(c2ccc(CN(C3CCC3)S(=O)(=O)c3ccc(F)cc3F)c(F)c2)CC1;36.0
CC(=O)N1CCN(C(=O)N2CC[C@](c3ccc(C(O)(C(F)(F)F)C(F)(F)F)cc3)(S(=O)(=O)c3ccc(F)cc3)C2)CC1;44.0
O=C(O)[C@H]1CC[C@H](C(=O)N2CCC(c3ccc(C(F)(C(F)(F)F)C(F)(F)F)cc3)(S(=O)(=O)c3cccc(C(F)F)c3)C2)CC1;74.0
O=C(N1CCC(O)(CO)CC1)N1CC[C@](c2ccc(C(OCc3c(F)cccc3F)(C(F)(F)F)C(F)(F)F)cc2)(S(=O)(=O)c2ccc(F)cc2)C1;65.0
CC(=O)N1CCN(C(=O)N2CC[C@](c3ccc(C(OCC4CCOCC4)(C(F)(F)F)C(F)(F)F)cc3)(S(=O)(=O)c3ccc(F)cc3)C2)CC1;54.0
CC(=O)N1CCN(c2ccc(CN(C3(C)CC3)S(=O)(=O)Cc3ccccc3)cc2)CC1;57.0
CC(C)CN(Cc1ccc(N2CCC(S(C)(=O)=O)C2)cc1)S(=O)(=O)Cc1ccccc1;64.0
CC(=O)N1CCN(c2ccc(CN(CC(F)(F)F)S(=O)(=O)C(C)(C)c3ccccc3)c(F)c2)CC1;26.0
CNC(=O)C(=O)N1CCC(c2ccc(C(OCc3c(F)cccc3F)(C(F)(F)F)C(F)(F)F)cc2)(S(=O)(=O)c2ccc(F)cc2)C1;74.0
CCOC(c1ccc([C@]2(S(=O)(=O)c3ccc(F)cc3)CCN(C(=O)N3CCN(C(C)=O)CC3)C2)cc1)(C(F)(F)F)C(F)(F)F;47.0
CC(=O)N1CCC(C(=O)N2CC[C@](c3ccc(C(F)(C(F)(F)F)C(F)(F)F)cc3)(S(=O)(=O)c3ccc(F)cc3)C2)CC1;48.0
CC(=O)N1CCN(c2ccc(CN(C3CCC3)S(=O)(=O)Cc3ccc(F)cc3F)c(F)c2)CC1;11.0
CC(C)(C(=O)N1CC[C@](c2ccc(C(OCc3c(F)cccc3F)(C(F)(F)F)C(F)(F)F)cc2)(S(=O)(=O)c2ccc(F)cc2)C1)c1ccncc1;56.0
O=C(C1CCS(=O)(=O)CC1)N1CC[C@](c2ccc(C(F)(C(F)(F)F)C(F)(F)F)cc2)(S(=O)(=O)c2ccc(F)cc2)C1;54.0
O=C(N1CC[C@](c2ccc(C(O)(C(F)(F)F)C(F)(F)F)cc2)(S(=O)(=O)c2ccc(F)cc2)C1)C1(CO)CCOCC1;91.0
CC(C)CN(c1ccccc1Cl)S(=O)(=O)c1ccc(-c2ccc(C(N)=O)cc2)cc1;39.0
CC(=O)N1CCC(C(N)=O)(C(=O)N2CC[C@](c3ccc(C(O)(C(F)(F)F)C(F)(F)F)cc3)(S(=O)(=O)c3ccc(F)cc3)C2)CC1;85.0
CCN(CC)c1nc2ccc(C(O)(c3cccnc3)c3cccc(Cl)c3)cc2c(Cl)c1Oc1ccccc1;72.0
O=C(CN1CCC(c2ccc(C(OCc3c(F)cccc3F)(C(F)(F)F)C(F)(F)F)cc2)(S(=O)(=O)c2ccc(F)cc2)C1)N1CCOCC1;58.0
O=C(O)C1CN(C(=O)N2CC[C@](c3ccc(C(OCc4c(F)cccc4F)(C(F)(F)F)C(F)(F)F)cc3)(S(=O)(=O)c3ccc(F)cc3)C2)C1;89.0
O=S(=O)(c1ccc(F)cc1)[C@@]1(c2ccc(C(OCc3c(F)cccc3F)(C(F)(F)F)C(F)(F)F)cc2)CCNC1;48.0
O=C(O)C1CC2(C1)CC(C(=O)N1CC[C@](c3ccc(C(OCc4c(F)cccc4F)(C(F)(F)F)C(F)(F)F)cc3)(S(=O)(=O)c3ccc(F)cc3)C1)C2;32.0
COC(c1ccc([C@]2(S(=O)(=O)c3ccc(F)cc3)CCN(C(=O)N3CCN(C(C)=O)CC3)C2)cc1F)(C(F)(F)F)C(F)(F)F;50.0
O=C([C@H]1CC[C@](F)(C(=O)O)CC1)N1CC[C@](c2ccc(C(F)(C(F)(F)F)C(F)(F)F)cc2)(S(=O)(=O)c2ccc(F)cc2)C1;24.0
CN(C)C(=O)c1ccc2c(-c3ccc(C(=O)O)cc3)nn(C(=O)c3c(Cl)cccc3Cl)c2c1;54.0
O=C(O)C1CCN(C(=O)N2CC[C@](c3ccc(C(OCc4c(F)cccc4F)(C(F)(F)F)C(F)(F)F)cc3)(S(=O)(=O)c3ccc(F)cc3)C2)C1;65.0
COc1nc2ccc(C(O)(c3ccc(Cl)cc3)c3cncn3C)cc2c(Cl)c1Cc1ccc(C(F)(F)F)cc1;51.5
CC(=O)N1CCC(C(=O)N2CC[C@](c3ccc(C(OCc4c(F)cccc4C(C)(C)O)(C(F)(F)F)C(F)(F)F)cc3)(S(=O)(=O)c3ccc(F)cc3)C2)CC1;41.0
CC(C)CN(Cc1ccc(N2CC(C3CCOCC3)C2)cc1)S(=O)(=O)Cc1ccccc1;69.0
CC(C)CN(Cc1ccc(N2CCN(C(=O)C3CC3)CC2)cc1)S(=O)(=O)Cc1ccccc1;30.0
CC(=O)N1CCN(c2ccc(CN(C3CCC3)S(=O)(=O)c3ccccc3C)c(F)c2)CC1;70.0
CC(C)CN(Cc1ccc(N[C@H]2CC[C@@H](C#N)CC2)cc1)S(=O)(=O)Cc1ccccc1;54.0
CC(=O)N1CCCN(c2ccc(CN(CC(C)C)S(=O)(=O)Cc3ccccc3)cc2)CC1;67.0
CN1CCC(C(=O)N2CC[C@](c3ccc(C(OCc4c(F)cccc4F)(C(F)(F)F)C(F)(F)F)cc3)(S(=O)(=O)c3ccc(F)cc3)C2)CC1=O;41.0
CC(=O)N1CCC(O)(C(=O)N2CC[C@](c3ccc(C(F)(C(F)(F)F)C(F)(F)F)cc3)(S(=O)(=O)c3ccc(F)cc3)C2)CC1;49.0
CC(=O)N1CCC(c2ccc(CN(CC(F)(F)F)S(=O)(=O)Cc3ccccc3)c(F)c2)CC1;44.0
Cc1noc(C)c1COC(c1ccc([C@]2(S(=O)(=O)c3ccc(F)cc3)CCN(C(=O)[C@H]3CC[C@H](C(=O)O)CC3)C2)cc1)(C(F)(F)F)C(F)(F)F;74.0
CN1CCN(C(=O)N2CCC(c3ccc(C(OCc4c(F)cccc4F)(C(F)(F)F)C(F)(F)F)cc3)(S(=O)(=O)c3ccc(F)cc3)C2)CC1;16.0
CC(=O)N1CC[C@H](C(=O)N2CC[C@](c3ccc(C(OCc4c(F)cccc4F)(C(F)(F)F)C(F)(F)F)cc3)(S(=O)(=O)c3ccc(F)cc3)C2)C1;55.0
C=CC1(C(=O)N2CC[C@](c3ccc(C(F)(C(F)(F)F)C(F)(F)F)cc3)(S(=O)(=O)c3ccc(F)cc3)C2)CCS(=O)(=O)CC1;65.0
CC(C)CN(c1ccccc1C(F)(F)F)S(=O)(=O)c1ccc(-c2ccc(S(C)(=O)=O)cc2)cc1;11.1
C=CC[C@]1(C(=O)N2CC[C@](c3ccc(C(F)(C(F)(F)F)C(F)(F)F)cc3)(S(=O)(=O)c3ccc(F)cc3)C2)CC[C@H](C(=O)O)CC1;80.0
CS(=O)(=O)N1CC(C(=O)N2CCC(c3ccc(C(OCc4c(F)cccc4F)(C(F)(F)F)C(F)(F)F)cc3)(S(=O)(=O)c3ccc(F)cc3)C2)C1;74.0
O=C(O)[C@H]1CC[C@H](C(=O)N2CC[C@](c3ccc(C(OCC4CCCC4)(C(F)(F)F)C(F)(F)F)cc3)(S(=O)(=O)c3ccc(F)cc3)C2)CC1;96.0
NC1(C(=O)N2CC[C@](c3ccc(C(F)(C(F)(F)F)C(F)(F)F)cc3)(S(=O)(=O)c3ccc(F)cc3)C2)CCOCC1;51.0
CC(=O)N1CCC(C(=O)N2CC[C@](c3ccc(C(OCc4cc(F)ccc4C#N)(C(F)(F)F)C(F)(F)F)cc3)(S(=O)(=O)c3ccc(F)cc3)C2)CC1;84.0
CN(C)C(=O)c1ccc2c(c1)c(Oc1c(Cl)cccc1C(F)(F)F)nn2-c1ccc(C(=O)O)cc1;35.5
CC(C)CN(c1cccc(C(F)(F)F)c1)S(=O)(=O)c1ccc(-c2ccc(S(C)(=O)=O)cc2)cc1;78.0
NC(=O)N1CCC(C(=O)N2CC[C@](c3ccc(C(O)(C(F)(F)F)C(F)(F)F)cc3)(S(=O)(=O)c3ccc(F)cc3)C2)CC1;46.0
O=C(O)[C@H]1CC[C@H](C(=O)N2CC[C@](c3ccc(C(OCc4c(F)cccc4F)(C(F)(F)F)C(F)(F)F)cc3)(S(=O)(=O)c3ccc(F)cc3)C2)CC1;85.0
O=C(N1CCC(C(=O)O)(C(F)(F)F)CC1)N1CC[C@](c2ccc(C(OCc3c(F)cccc3F)(C(F)(F)F)C(F)(F)F)cc2)(S(=O)(=O)c2ccc(F)cc2)C1;68.0
CC(C)Cc1cccc(S(=O)(=O)C2(c3ccc(C(F)(C(F)(F)F)C(F)(F)F)cc3)CCN(C(=O)[C@H]3CC[C@H](C(=O)O)CC3)C2)c1;79.0
CC(C)CN(Cc1ccc(NC2CCOCC2)cc1)S(=O)(=O)Cc1ccccc1;97.0
CS(=O)(=O)N1CCC(C(=O)N2CC[C@](c3ccc(C(F)(C(F)(F)F)C(F)(F)F)cc3)(S(=O)(=O)c3ccc(F)cc3)C2)C1;67.0
O=C(O)C1CCN(C(=O)N2CC[C@](c3ccc(C(OCc4c(F)cccc4F)(C(F)(F)F)C(F)(F)F)cc3)(S(=O)(=O)c3ccc(F)cc3)C2)CC1;48.0
CC(C)CN(Cc1ccc(N2CCC(C(C)(C)O)CC2)cc1)S(=O)(=O)Cc1ccccc1;59.0
O=C(O)[C@H]1CCCN(C(=O)N2CC[C@](c3ccc(C(OCc4c(F)cccc4F)(C(F)(F)F)C(F)(F)F)cc3)(S(=O)(=O)c3ccc(F)cc3)C2)C1;90.0
O=C(O)[C@H]1CC[C@H](C(=O)N2CC[C@](c3ccc(C(OCC4CCCCC4)(C(F)(F)F)C(F)(F)F)cc3)(S(=O)(=O)c3ccc(F)cc3)C2)CC1;51.0
CC(=O)N1CCC(O)(C(=O)N2CC[C@](c3ccc(C(OCc4c(F)cccc4F)(C(F)(F)F)C(F)(F)F)cc3)(S(=O)(=O)c3ccc(F)cc3)C2)CC1;50.0
O=C(O)[C@H]1CC[C@](F)(C(=O)N2CC[C@](c3ccc(C(F)(C(F)(F)F)C(F)(F)F)cc3)(S(=O)(=O)c3ccc(F)cc3)C2)CC1;43.0
CC(=O)N1CCN(c2ccc(CN(C3CCC3)S(=O)(=O)Cc3ccc(Cl)c(Cl)c3)c(F)c2)CC1;49.0
CC(C)CN(Cc1ccc(N2CCC3(CCCO3)C2)cc1)S(=O)(=O)Cc1ccccc1;80.0
CCOc1nc2ccc(C(O)(c3cccnc3)c3cccc(Cl)c3)cc2c(Cl)c1N(C)c1ccccc1;89.0
O=C(O)[C@H]1CC[C@H](C(=O)N2CC[C@](c3ccc(C(F)(C(F)(F)F)C(F)(F)F)cc3)(S(=O)(=O)c3ccc(F)cc3)C2)CC1;52.0
O=C(N1CCC(c2nnn[nH]2)CC1)N1CC[C@](c2ccc(C(OCc3c(F)cccc3F)(C(F)(F)F)C(F)(F)F)cc2)(S(=O)(=O)c2ccc(F)cc2)C1;39.0
O=C(O)[C@H]1CC[C@H](C(=O)N2CC[C@](c3ccc(-c4ccccc4)c(F)c3)(S(=O)(=O)c3ccc(F)cc3)C2)CC1;92.0
CC(=O)N1CCN(c2ccc(CN(C3CCC3)S(=O)(=O)c3cccc(OC(F)(F)F)c3)c(F)c2)CC1;16.0
CS(=O)(=O)N1CCN(c2ccc(CN(CC(F)(F)F)S(=O)(=O)Cc3ccccc3)c(F)c2)CC1;56.0
O=C(O)[C@H]1CC[C@H](C(=O)N2CCC(c3ccc(C(F)(C(F)(F)F)C(F)(F)F)cc3)(S(=O)(=O)c3cccc(-c4ccsc4)c3)C2)CC1;86.0
O=C1NS(=O)(=O)c2cc(C(=O)N3CC[C@](c4ccc(C(OCc5c(F)cccc5F)(C(F)(F)F)C(F)(F)F)cc4)(S(=O)(=O)c4ccc(F)cc4)C3)ccc21;28.0
CC(C)CN(Cc1ccc(N[C@H]2CC[C@H](O)CC2)cc1)S(=O)(=O)Cc1ccccc1;63.0
CC(=O)N1CCN(c2ccc(CN(CC(C)C)S(=O)(=O)Cc3ccccc3)c(F)c2)CC1;7.0
CCC1(C(=O)N2CC[C@](c3ccc(C(F)(C(F)(F)F)C(F)(F)F)cc3)(S(=O)(=O)c3ccc(F)cc3)C2)CCS(=O)(=O)CC1;54.0
CC(C)CN(Cc1ccc(N2CC3(CCOC3)C2)cc1)S(=O)(=O)Cc1ccccc1;59.0
NC1(C(=O)N2CC[C@](c3ccc(C(OCc4c(F)cccc4F)(C(F)(F)F)C(F)(F)F)cc3)(S(=O)(=O)c3ccc(F)cc3)C2)CCOCC1;51.0
O=C(N1CC[C@](c2ccc(C(F)(C(F)(F)F)C(F)(F)F)cc2)(S(=O)(=O)c2ccc(F)cc2)C1)C1(O)CCS(=O)(=O)CC1;29.0
C=Cc1ccc(S(=O)(=O)[C@@]2(c3ccc(C(F)(C(F)(F)F)C(F)(F)F)cc3)CCN(C(=O)[C@H]3CC[C@H](C(=O)O)CC3)C2)cc1;55.0
Cc1cc(S(=O)(=O)[C@@]2(c3ccc(C(F)(C(F)(F)F)C(F)(F)F)cc3)CCN(C(=O)[C@]3(C)CC[C@@H](C(=O)O)CC3)C2)ccc1F;61.0
CC(C)CN(Cc1ccc(N2CCC3(CC2)COC3)cc1)S(=O)(=O)Cc1ccccc1;47.0
CC(=O)N1CCN(C(=O)N2CC[C@](c3ccc(C(OCc4c(F)cccc4F)(C(F)(F)F)C(F)(F)F)cc3)(S(=O)(=O)c3ccc(F)cc3)C2)CC1;32.0
CC(C)(C)OC(=O)N1CC[C@](c2ccc(C(O)(C(F)(F)F)C(F)(F)F)c(F)c2)(S(=O)(=O)c2ccc(F)cc2)C1;80.0
O=C(C1CCS(=O)(=O)C1)N1CC[C@](c2ccc(C(F)(C(F)(F)F)C(F)(F)F)cc2)(S(=O)(=O)c2ccc(F)cc2)C1;58.0
CC(=O)N1CCN(C(=O)N2CC[C@](c3ccc(C(OCc4cc(F)ccc4F)(C(F)(F)F)C(F)(F)F)cc3)(S(=O)(=O)c3ccc(F)cc3)C2)CC1;73.0
CC(=O)N1CCN(C(=O)N2CC[C@](c3ccc(C(OC(C)C)(C(F)(F)F)C(F)(F)F)cc3)(S(=O)(=O)c3ccc(F)cc3)C2)CC1;39.0
CO[C@@H](C)C(=O)N1CCN(c2ccc(CN(CC(C)C)S(=O)(=O)Cc3ccccc3)cc2)CC1;40.0
CC(=O)N1CCC(C(=O)N2CC[C@](c3ccc(C(OCc4ccccc4C#N)(C(F)(F)F)C(F)(F)F)cc3)(S(=O)(=O)c3ccc(F)cc3)C2)CC1;76.0
Cc1cccc(C)c1COC(c1ccc([C@]2(S(=O)(=O)c3ccc(F)cc3)CCN(C(=O)N3CCC(C(=O)O)CC3)C2)cc1)(C(F)(F)F)C(F)(F)F;75.0
O=C(Cc1ccncc1)N1CC[C@](c2ccc(C(F)(C(F)(F)F)C(F)(F)F)cc2)(S(=O)(=O)c2ccc(F)cc2)C1;33.0
CC(=O)N1CCN(c2ccc(CN(C3CCC3)S(=O)(=O)c3cccc(Cl)c3Cl)c(F)c2)CC1;34.0
O=C(O)[C@H]1CC[C@H](C(=O)N2CC[C@](c3ccc(C(OCc4c(F)cccc4Cl)(C(F)(F)F)C(F)(F)F)cc3)(S(=O)(=O)c3ccc(F)cc3)C2)CC1;54.0
O=C(Nc1ccncc1)N1CC[C@](c2ccc(C(OCc3c(F)cccc3F)(C(F)(F)F)C(F)(F)F)cc2)(S(=O)(=O)c2ccc(F)cc2)C1;18.0
CC(=O)N1CCN(C(=O)N2CC[C@](c3ccc(C(C)(OCc4c(F)cccc4F)C(F)(F)F)cc3)(S(=O)(=O)c3ccc(F)cc3)C2)CC1;79.0
CC(C)CN(Cc1ccc(N2CCN(C(=O)[C@H](C)O)CC2)cc1)S(=O)(=O)Cc1ccccc1;27.0
O=C(N1CC[C@](c2ccc(C(OCc3c(F)cccc3F)(C(F)(F)F)C(F)(F)F)cc2)(S(=O)(=O)c2ccc(F)cc2)C1)C1(O)CCOCC1;71.0
O=C(O)C1CCC(O)(C(=O)N2CC[C@](c3ccc(C(F)(C(F)(F)F)C(F)(F)F)cc3)(S(=O)(=O)c3ccc(F)cc3)C2)CC1;45.5
COC1(C(=O)N2CC[C@](c3ccc(C(F)(C(F)(F)F)C(F)(F)F)cc3)(S(=O)(=O)c3ccc(F)cc3)C2)CCS(=O)(=O)CC1;35.0
CN1CCN(C(=O)N2CC[C@](c3ccc(C(OCc4c(F)cccc4F)(C(F)(F)F)C(F)(F)F)cc3)(S(=O)(=O)c3ccc(F)cc3)C2)CC1;44.0
Cc1ccc(S(=O)(=O)[C@@]2(c3ccc(C(F)(C(F)(F)F)C(F)(F)F)cc3)CCN(C(=O)[C@H]3CC[C@](C)(C(=O)O)CC3)C2)cc1F;72.0
O=C(O)[C@H]1CC[C@H](C(=O)N2CCC(c3ccc(C(F)(C(F)(F)F)C(F)(F)F)cc3)(S(=O)(=O)c3cccc(C4CC4)c3)C2)CC1;47.0
NC(=O)N1CCC(C(=O)N2CC[C@](c3ccc(C(OCc4c(F)cccc4F)(C(F)(F)F)C(F)(F)F)cc3)(S(=O)(=O)c3ccc(F)cc3)C2)CC1;79.0
O=C(O)[C@H]1CC[C@H](C(=O)N2CCC(c3ccc(C(F)(C(F)(F)F)C(F)(F)F)cc3)(S(=O)(=O)c3cccc(CC(F)(F)F)c3)C2)CC1;72.0
CC(=O)N1CCC(C(N)=O)(C(=O)N2CC[C@](c3ccc(C(F)(C(F)(F)F)C(F)(F)F)cc3)(S(=O)(=O)c3ccc(F)cc3)C2)CC1;59.0
CC(=O)N1CCN(c2ccc(CN(C3CCC3)S(=O)(=O)Cc3cc(F)ccc3F)c(F)c2)CC1;13.0
CC(=O)N1CCN(C(=O)N2CC[C@](c3ccc(C(F)(c4ccccc4)C(F)(F)F)cc3)(S(=O)(=O)c3ccc(F)cc3)C2)CC1;49.0
O=C(N1CCOCC1)N1CC[C@](c2ccc(C(OCc3c(F)cccc3F)(C(F)(F)F)C(F)(F)F)cc2)(S(=O)(=O)c2ccc(F)cc2)C1;27.0
CC(=O)N1CCN(c2ccc(CN(CC(C)C)S(=O)(=O)Cc3ccccc3)cc2C)CC1;35.0
O=C(O)C[C@@H]1CCN(C(=O)N2CC[C@](c3ccc(C(OCc4c(F)cccc4F)(C(F)(F)F)C(F)(F)F)cc3)(S(=O)(=O)c3ccc(F)cc3)C2)C1;39.0
CC1(O)CCN(C(=O)N2CC[C@](c3ccc(C(OCc4c(F)cccc4F)(C(F)(F)F)C(F)(F)F)cc3)(S(=O)(=O)c3ccc(F)cc3)C2)CC1;44.0
O=C(N1CCC(c2ccncc2)C1)N1CC[C@](c2ccc(C(OCc3c(F)cccc3F)(C(F)(F)F)C(F)(F)F)cc2)(S(=O)(=O)c2ccc(F)cc2)C1;32.0
CC(=O)N1CCC(C(=O)N2CC[C@](c3ccc(C(OC(C)c4c(F)cccc4F)(C(F)(F)F)C(F)(F)F)cc3)(S(=O)(=O)c3ccc(F)cc3)C2)CC1;44.0
O=C(CO)N1CC[C@H](C(=O)N2CC[C@](c3ccc(C(OCc4c(F)cccc4F)(C(F)(F)F)C(F)(F)F)cc3)(S(=O)(=O)c3ccc(F)cc3)C2)C1;71.0
CC(=O)N1CCN(c2ccc(CN(C3CCC3)S(=O)(=O)c3cccc(OC(F)F)c3)c(F)c2)CC1;77.0
COCC(=O)N1CCN(c2ccc(CN(CC(C)C)S(=O)(=O)Cc3ccccc3)cc2)CC1;90.0
C[C@]1(C(=O)O)CC[C@H](C(=O)N2CC[C@](c3ccc(C(F)(C(F)(F)F)C(F)(F)F)cc3)(S(=O)(=O)c3ccc(F)cc3)C2)CC1;57.0
O=C(N1CCC[C@H](CO)C1)N1CC[C@](c2ccc(C(OCc3c(F)cccc3F)(C(F)(F)F)C(F)(F)F)cc2)(S(=O)(=O)c2ccc(F)cc2)C1;52.0
Cc1nonc1CC(=O)N1CC[C@](c2ccc(C(OCc3c(F)cccc3F)(C(F)(F)F)C(F)(F)F)cc2)(S(=O)(=O)c2ccc(F)cc2)C1;33.0
COc1nc2ccc(C(O)(c3cnnn3C)c3cnnn3C)cc2c(Cl)c1Cc1ccc(-n2cccn2)cc1;6.6
CC(=O)N1CCN(c2ccc(CN(C3CCC3)S(=O)(=O)c3ccc(C(C)C)cc3)c(F)c2)CC1;35.0
NC(=O)N1CCC(c2ccc(CN(CC(F)(F)F)S(=O)(=O)Cc3ccccc3)c(F)c2)CC1;88.0
CS(=O)(=O)N1CC(C(=O)N2CC[C@](c3ccc(C(F)(C(F)(F)F)C(F)(F)F)cc3)(S(=O)(=O)c3ccc(F)cc3)C2)C1;64.0
CC(=O)N1CCN(C(=O)N2CC[C@](c3ccc(C(OCC4CCCC4)(C(F)(F)F)C(F)(F)F)cc3)(S(=O)(=O)c3ccc(F)cc3)C2)CC1;49.0
O=C(N1CC[C@](c2ccc(C(F)(C(F)(F)F)C(F)(F)F)cc2)(S(=O)(=O)c2ccc(F)cc2)C1)C1(CO)CCS(=O)(=O)CC1;56.0
COC1(C(=O)N2CC[C@](c3ccc(C(F)(C(F)(F)F)C(F)(F)F)cc3)(S(=O)(=O)c3ccc(F)c(C)c3)C2)CCC(C(=O)O)CC1;66.0
CC(=O)N1CCC(C(=O)N2CC[C@](c3ccc(C(OCc4c(F)cccc4C#N)(C(F)(F)F)C(F)(F)F)cc3)(S(=O)(=O)c3ccc(F)cc3)C2)CC1;78.0
CC(=O)N1CCN(C(=O)N2CC[C@](c3ccc(C(F)(C(F)(F)F)C(F)(F)F)cc3)(S(=O)(=O)c3ccc(F)c(C)c3)C2)CC1;24.0
CC(C)CN(Cc1ccc(N2CCN(C(=O)CC#N)CC2)cc1)S(=O)(=O)Cc1ccccc1;44.0
CC(=O)N1CCN(C(=O)N2CC[C@](c3ccc(C(OCc4c(F)cccc4F)(C(F)(F)F)C(F)(F)F)cc3)(S(=O)(=O)c3ccc(F)cc3)C2)C[C@H]1CO;75.0
CC[C@]1(C(=O)N2CC[C@](c3ccc(C(O)(C(F)(F)F)C(F)(F)F)c(F)c3)(S(=O)(=O)c3ccc(F)cc3)C2)CC[C@H](C(=O)O)CC1;91.0
CC(=O)N1CCN(c2ccc(CN(C3CCC3)S(=O)(=O)Cc3ccc(Cl)cc3Cl)c(F)c2)CC1;15.0
CC(=O)N1CCN(C(=O)N2CC[C@](c3ccc(C(F)(C(F)(F)F)C(F)(F)F)c(F)c3)(S(=O)(=O)c3ccc(F)cc3)C2)CC1;81.0
COCC1(C(=O)N2CC[C@](c3ccc(C(F)(C(F)(F)F)C(F)(F)F)cc3)(S(=O)(=O)c3ccc(F)cc3)C2)CCC(C(=O)O)CC1;66.0
O=C(N1CCC(c2cccnc2)C1)N1CC[C@](c2ccc(C(OCc3c(F)cccc3F)(C(F)(F)F)C(F)(F)F)cc2)(S(=O)(=O)c2ccc(F)cc2)C1;66.0
CCN(CC)c1nc2ccc(C(O)(c3ccc(OC)nc3)c3cncn3C)cc2c(Cl)c1Oc1ccccc1;39.0
O=C(O)C1CCN(C(=O)N2CC[C@](c3ccc(C(OCc4ccccc4OC(F)(F)F)(C(F)(F)F)C(F)(F)F)cc3)(S(=O)(=O)c3ccc(F)cc3)C2)CC1;47.0
CC(C)CN(Cc1ccc(O[C@@H]2C[C@@H]3CC[C@H](C2)N3S(C)(=O)=O)cc1)S(=O)(=O)Cc1ccccc1;4.0
CCOc1nc2ccc(C(O)(c3ccc(OC)nc3)c3cncn3C)cc2c(Cl)c1Oc1ccccc1;92.0
CC(C)CN(Cc1ccc(N[C@H]2CC[C@@H](O)CC2)cc1)S(=O)(=O)Cc1ccccc1;95.0
CC(=O)N1CCN(c2ccc(CN(C3CCC3)S(=O)(=O)c3cccc(C(F)(F)F)c3)c(F)c2)CC1;99.0
Cn1cncc1C(O)(c1ccc(C(F)(F)F)nc1)c1ccc2nc(N3CCC3)c(Oc3ccc(C#N)cc3)c(Cl)c2c1;88.0
CC(C)CN(c1cccc(Cl)c1)S(=O)(=O)c1ccc(-c2ccc(C(N)=O)cc2)cc1;38.0
NC(=O)C1(C(=O)N2CC[C@](c3ccc(C(F)(C(F)(F)F)C(F)(F)F)cc3)(S(=O)(=O)c3ccc(F)cc3)C2)CCOCC1;55.0
CCN(CC)c1nc2ccc(C(O)(c3cncs3)c3cncn3C)cc2c(Cl)c1Oc1ccccc1;16.0
CC(=O)N1CCC(CO)(C(=O)N2CC[C@](c3ccc(C(OCc4c(F)cccc4F)(C(F)(F)F)C(F)(F)F)cc3)(S(=O)(=O)c3ccc(F)cc3)C2)CC1;31.0
O=C(O)[C@H]1CC[C@H](C(=O)N2CCC(c3ccc(C(F)(C(F)(F)F)C(F)(F)F)cc3)(S(=O)(=O)c3cccc(C4(F)CCC4)c3)C2)CC1;74.0
O=C(O)[C@H]1CC[C@H](C(=O)N2CC[C@](c3ccc(-c4c(F)cccc4F)cc3)(S(=O)(=O)c3ccc(F)cc3)C2)CC1;72.0
O=C(O)[C@@H]1[C@H]2C[C@H](C(=O)N3CC[C@](c4ccc(C(F)(C(F)(F)F)C(F)(F)F)cc4)(S(=O)(=O)c4ccc(F)cc4)C3)C[C@H]21;82.0
O=C(C1CCOCC1)N1CC[C@](c2ccc(C(OCc3c(F)cccc3F)(C(F)(F)F)C(F)(F)F)cc2)(S(=O)(=O)c2ccc(F)cc2)C1;55.0
O=C(N1CCOCC1)N1CCC(c2ccc(C(OCc3c(F)cccc3F)(C(F)(F)F)C(F)(F)F)cc2)(S(=O)(=O)c2ccc(F)cc2)C1;95.0
O=C(Cc1cc[n+]([O-])cc1)N1CC[C@](c2ccc(C(OCc3c(F)cccc3F)(C(F)(F)F)C(F)(F)F)cc2)(S(=O)(=O)c2ccc(F)cc2)C1;89.0
O=C(O)C12CCC(C(=O)N3CC[C@](c4ccc(C(F)(C(F)(F)F)C(F)(F)F)cc4)(S(=O)(=O)c4ccc(F)cc4)C3)(CC1)CC2;60.0
COc1nc2ccc(C(O)(c3ccccc3)C3CCN(C(C)=O)CC3)cc2c(Cl)c1Cc1ccc(-n2cccn2)cc1;82.0
CC[C@]1(C(=O)N2CC[C@](c3ccc(C(F)(C(F)(F)F)C(F)(F)F)cc3)(S(=O)(=O)c3ccc(F)cc3)C2)CC[C@H](C(=O)O)CC1;28.0
O=C(O)[C@H]1CC[C@H](C(=O)N2CC[C@](c3ccc(C4CC4)c(F)c3)(S(=O)(=O)c3ccc(F)cc3)C2)CC1;95.0
NC(=O)C1CCN(c2ccc(CN(CC(F)(F)F)S(=O)(=O)Cc3ccccc3)c(F)c2)CC1;67.0
CC(=O)N1CCN(c2ccc(CN(C3CCC3)S(=O)(=O)c3cccc(C)c3)c(F)c2)CC1;25.0
COc1nc2ccc(C(O)(c3ccc(Cl)cc3)c3cncn3C)cc2c(Cl)c1Cc1ccc(C#N)cc1;92.5
O=C(N1CC[C@](c2ccc(C(F)(C(F)(F)F)C(F)(F)F)cc2)(S(=O)(=O)c2ccc(F)cc2)C1)C12CCC(C(=O)O)(CC1)OC2;40.0
CC(=O)N1CCN(C(=O)N2CC[C@](c3ccc(C(OC4CCOCC4)(C(F)(F)F)C(F)(F)F)cc3)(S(=O)(=O)c3ccc(F)cc3)C2)CC1;51.0
COC1(C(=O)N2CC[C@](c3ccc(C(F)(C(F)(F)F)C(F)(F)F)cc3)(S(=O)(=O)c3ccc(F)cc3)C2)CCC(C(=O)O)CC1;53.0
O=C(N1CCC(O)CC1)N1CC[C@](c2ccc(C(OCc3c(F)cccc3F)(C(F)(F)F)C(F)(F)F)cc2)(S(=O)(=O)c2ccc(F)cc2)C1;24.0
O=C(O)[C@H]1CC[C@H](C(=O)N2CC[C@](c3ccc(C(OCC4CC4)(C(F)(F)F)C(F)(F)F)cc3)(S(=O)(=O)c3ccc(F)cc3)C2)CC1;25.0
COc1nc2ccc(C(O)(c3ccc(C(F)(F)F)nc3)c3cncn3C)cc2c(Cl)c1Cc1ccc(-n2cccn2)cc1;89.0
CC(=O)N1CCN(C(=O)N2CC[C@](c3ccc(C(OC4CCCC4)(C(F)(F)F)C(F)(F)F)cc3)(S(=O)(=O)c3ccc(F)cc3)C2)CC1;38.0
O=C(O)[C@H]1CC[C@H](C(=O)N2CC[C@](c3ccc(C(OCc4ccccc4OC(F)(F)F)(C(F)(F)F)C(F)(F)F)cc3)(S(=O)(=O)c3ccc(F)cc3)C2)CC1;72.0
O=C(N1CC[C@](c2ccc(C(F)(C(F)(F)F)C(F)(F)F)cc2)(S(=O)(=O)c2ccc(F)cc2)C1)C1(CNCCO)CCS(=O)(=O)CC1;59.0
N#Cc1cnc(N2CCC(c3ccc(C(OCc4c(F)cccc4F)(C(F)(F)F)C(F)(F)F)cc3)(S(=O)(=O)c3ccc(F)cc3)C2)nc1;74.0
O=C(CN1CCC(c2ccc(C(OCc3c(F)cccc3F)(C(F)(F)F)C(F)(F)F)cc2)(S(=O)(=O)c2ccc(F)cc2)C1)N1CCCC1;41.0
CC[C@]1(C(=O)N2CC[C@](c3ccc(C(F)(C(F)(F)F)C(F)(F)F)c(F)c3)(S(=O)(=O)c3ccc(F)cc3)C2)CC[C@H](C(=O)O)CC1;66.0
O=C(O)[C@H]1CC[C@H](C(=O)N2CCC(c3ccc(C(F)(C(F)(F)F)C(F)(F)F)cc3)(S(=O)(=O)c3cccc(CC(F)F)c3)C2)CC1;83.0
COc1nc2ccc(C(O)(c3cncn3C)C3CCN(C(C)=O)CC3)cc2c(Cl)c1Cc1ccc(-n2cccn2)cc1;52.5
O=C([C@H]1CC[C@H](CO)CC1)N1CC[C@](c2ccc(C(F)(C(F)(F)F)C(F)(F)F)cc2)(S(=O)(=O)c2ccc(F)cc2)C1;52.0
COc1ccc(F)cc1COC(c1ccc([C@]2(S(=O)(=O)c3ccc(F)cc3)CCN(C(=O)N3CCN(C(C)=O)CC3)C2)cc1)(C(F)(F)F)C(F)(F)F;93.0
COC(c1ccc([C@]2(S(=O)(=O)c3ccc(F)cc3)CCN(C(=O)N3CCN(C(C)=O)CC3)C2)cc1)(C(F)(F)F)C(F)(F)F;26.0
CCN(CC)c1nc2ccc(C(O)(c3ccc(C(F)(F)F)nc3)c3cncn3C)cc2c(Cl)c1Oc1ccccc1;85.0
CC1(C(=O)N2CC[C@](c3ccc(C(F)(C(F)(F)F)C(F)(F)F)cc3)(S(=O)(=O)c3ccc(F)cc3)C2)CCS(=O)(=O)CC1;95.0
CC(=O)N1CCC(C(N)=O)(C(=O)N2CC[C@](c3ccc(C(OCc4c(F)cccc4F)(C(F)(F)F)C(F)(F)F)cc3)(S(=O)(=O)c3ccc(F)cc3)C2)CC1;71.0
CC(=O)N1CCC2(CC1)CN(c1ccc(CN(CC(C)C)S(=O)(=O)Cc3ccccc3)cc1)C2;93.0
O=C(O)C(=O)N1CCC(C(=O)N2CC[C@](c3ccc(C(OCc4c(F)cccc4F)(C(F)(F)F)C(F)(F)F)cc3)(S(=O)(=O)c3ccc(F)cc3)C2)CC1;57.0
Cc1ccc([C@@H](NC(=O)Cc2ccc3oc([C@@H](O)c4c(C)noc4C)cc3c2)c2ccccc2)c(C)c1;30.5
CS(=O)(=O)N1CCC(c2ccc(CN(CC(F)(F)F)S(=O)(=O)Cc3ccccc3)c(F)c2)CC1;65.0
CC[C@]1(C(=O)N2CC[C@](c3ccc(C(F)(C(F)(F)F)C(F)(F)F)cc3)(S(=O)(=O)c3ccc(F)c(C)c3)C2)CC[C@H](C(=O)O)CC1;41.0
O=C(Cc1ccncc1)N1CC[C@](c2ccc(C(F)(C(F)(F)F)C(F)(F)F)c(F)c2)(S(=O)(=O)c2ccc(F)cc2)C1;66.0
COCCOC(c1ccc([C@]2(S(=O)(=O)c3ccc(F)cc3)CCN(C(=O)N3CCN(C(C)=O)CC3)C2)cc1)(C(F)(F)F)C(F)(F)F;39.0
O=C1NC(=O)C2(CCN(C(=O)N3CC[C@](c4ccc(C(OCc5c(F)cccc5F)(C(F)(F)F)C(F)(F)F)cc4)(S(=O)(=O)c4ccc(F)cc4)C3)C2)N1;31.0
O=CN1CCC(C(=O)N2CC[C@](c3ccc(C(O)(C(F)(F)F)C(F)(F)F)cc3)(S(=O)(=O)c3ccc(F)cc3)C2)CC1;96.0
CC(C)(O)C(=O)N1CCC(c2ccc(C(OCc3c(F)cccc3F)(C(F)(F)F)C(F)(F)F)cc2)(S(=O)(=O)c2ccc(F)cc2)C1;36.0
CC(C)(C)OC(=O)N1CCC(c2ccc(C(O)(C(F)(F)F)C(F)(F)F)cc2)(S(=O)(=O)c2ccc(F)cc2)C1;79.0
N#Cc1cccc(F)c1COC(c1ccc([C@]2(S(=O)(=O)c3ccc(F)cc3)CCN(C(=O)N3CCC(C(=O)O)CC3)C2)cc1)(C(F)(F)F)C(F)(F)F;75.0
CC(=O)N1CCN(C(=O)N2CC[C@](c3ccc(C(OCC4CC4)(C(F)(F)F)C(F)(F)F)cc3)(S(=O)(=O)c3ccc(F)cc3)C2)CC1;26.0
CC(=O)N1CCN(C(=O)N2CC[C@](c3ccc(C(OCC4CC5CCC4C5)(C(F)(F)F)C(F)(F)F)cc3)(S(=O)(=O)c3ccc(F)cc3)C2)CC1;99.0
Cc1cc(S(=O)(=O)[C@@]2(c3ccc(C(F)(C(F)(F)F)C(F)(F)F)cc3)CCN(C(=O)C3CCS(=O)(=O)CC3)C2)ccc1F;44.0
O=C(O)[C@H]1CC[C@H](C(=O)N2CC[C@](c3ccc(C(OCC4CCC4)(C(F)(F)F)C(F)(F)F)cc3)(S(=O)(=O)c3ccc(F)cc3)C2)CC1;33.0
CC(C)CN(Cc1ccc(N[C@@H]2CCN(S(C)(=O)=O)C[C@@H]2F)cc1)S(=O)(=O)Cc1ccccc1;28.0
CC(C)CN(c1ccc(Cl)cc1)S(=O)(=O)c1ccc(-c2ccc(S(C)(=O)=O)cc2)cc1;20.0
O=C(N1CCO[C@H](CO)C1)N1CC[C@](c2ccc(C(OCc3c(F)cccc3F)(C(F)(F)F)C(F)(F)F)cc2)(S(=O)(=O)c2ccc(F)cc2)C1;35.0
O=C(Cc1ccncc1)N1CC[C@](c2ccc(C(O)(C(F)(F)F)C(F)(F)F)cc2)(S(=O)(=O)c2ccc(F)cc2)C1;54.0
NC(=O)CN1CC[C@](c2ccc(C(F)(C(F)(F)F)C(F)(F)F)cc2)(S(=O)(=O)c2ccc(F)cc2)C1;21.0
N#Cc1ccc(CC(=O)N2CC[C@](c3ccc(C(OCc4c(F)cccc4F)(C(F)(F)F)C(F)(F)F)cc3)(S(=O)(=O)c3ccc(F)cc3)C2)cc1;48.0
O=C(C1CCS(=O)(=O)CC1)N1CC[C@](c2ccc(C(F)(C(F)(F)F)C(F)(F)F)c(F)c2)(S(=O)(=O)c2ccc(F)cc2)C1;59.0
Cn1cncc1C(O)(c1ccc(C(F)(F)F)nc1)c1ccc2nc(N3CCC3)c(Oc3ccc(Cl)cc3)c(Cl)c2c1;58.0
CC(C)CN(Cc1ccc(N2CC3(CCOCC3)C2)cc1)S(=O)(=O)Cc1ccccc1;67.0
CCC[C@]1(C(=O)N2CC[C@](c3ccc(C(F)(C(F)(F)F)C(F)(F)F)cc3)(S(=O)(=O)c3ccc(F)c(C)c3)C2)CC[C@H](C(=O)O)CC1;71.0
COC(=O)N1CCC(c2ccc(C(OCc3c(F)cccc3F)(C(F)(F)F)C(F)(F)F)cc2)(S(=O)(=O)c2ccc(F)cc2)C1;75.0
O=C(O)C1CC2(C1)CC(C(=O)N1CCC(c3ccc(C(OCc4c(F)cccc4F)(C(F)(F)F)C(F)(F)F)cc3)(S(=O)(=O)c3ccc(F)cc3)C1)C2;69.0
COc1ccc2c(c1)CCN(C(=O)Cc1cc(O)no1)[C@H]2C(=O)Nc1ccc(C(C)(C)C)c(F)c1;10.95
COCC(C)(C)c1c(F)cc(NC(=O)[C@H]2c3ccc(OC)cc3CCN2C(=O)CCCC(=O)O)cc1F;33.75
CCN(CC)c1nc2ccc(C(O)(c3ccncc3)c3cncn3C)cc2c(Cl)c1-c1ccccc1;11.0
COc1ccc2c(n1)CCN(C(=O)[C@H]1C[C@H](CC(=O)O)C1)[C@H]2C(=O)Nc1cc(F)c2c(c1)CCC2(C)C;8.55
COc1ccc2c(c1)CCN(C(=O)CCCC(=O)O)[C@H]2C(=O)Nc1cc(F)c2c(c1)CCC2(C)C;39.4
COc1ccc2c(n1)CCN(C(=O)[C@H]1C[C@@H](C(=O)O)C1)[C@H]2C(=O)Nc1cc(F)c2c(c1)CCC2(C)C;16.5
COc1ccc2c(n1)CCN(C(=O)C[C@H]1C[C@H](C(=O)O)C1)[C@H]2C(=O)Nc1cc(F)c2c(c1)CCC2(C)C;15.0
COc1ccc2c(n1)CCN(C(=O)[C@H]1C[C@H](C(=O)O)C1)[C@H]2C(=O)Nc1cc(F)c2c(c1)CCC2(C)C;18.3
COc1ccc2c(n1)CCN(C(=O)CCCC(=O)O)[C@H]2C(=O)Nc1cc(F)c([Si](C)(C)C)c(F)c1;10.1
COc1ccc2c(c1)CCN(C(=O)CCCC(=O)O)[C@H]2C(=O)Nc1cc(F)c([Si](C)(C)C)c(F)c1;13.0
COc1nc2ccc(C(O)(c3ccncc3)c3cncn3C)cc2c(Cl)c1-c1ccccc1;25.0
COc1ccc2c(n1)CCN(C(=O)C[C@H]1C[C@@H](C(=O)O)C1)[C@H]2C(=O)Nc1cc(F)c2c(c1)CCC2(C)C;16.15
COc1ccc2c(c1)CCN(C(=O)CCCC(=O)O)[C@H]2C(=O)Nc1cc(F)c(C(C)(C)C)c(F)c1;26.5
Cn1cncc1C(O)(c1ccncc1)c1ccc2nc(Cl)c(-c3ccccc3)c(Cl)c2c1;50.0
COc1ccc2c(n1)CCN(C(=O)N1CC(CC(=O)O)C1)[C@H]2C(=O)Nc1cc(F)c2c(c1)CCC2(C)C;41.2
Cn1cncc1C(O)(c1ccc(C(F)(F)F)nc1)c1ccc2nc(N3CCC3)c(-c3ccccc3)c(Cl)c2c1;50.0
COc1ccc2c(n1)CCN(C(=O)[C@H]1C[C@@H](CC(=O)O)C1)[C@H]2C(=O)Nc1cc(F)c2c(c1)CCC2(C)C;4.0
COc1ccc2c(n1)CCN(C(=O)CCCC(=O)O)[C@H]2C(=O)Nc1cc(F)c2c(c1)CCC2(C)C;3.3
O=C(N1CCOCC1)N1CC[C@@](c2ccc(C(OCc3c(F)cccc3F)(C(F)(F)F)C(F)(F)F)cc2)(S(=O)(=O)c2ccc(F)cc2)C1;47.0
CO[C@H](C)C(=O)N1CCN(c2ccc(CN(CC(C)C)S(=O)(=O)Cc3ccccc3)cc2)CC1;81.0
O=C(N1CCOCC1)N1CC[C@@](c2ccc(C(O)(C(F)(F)F)C(F)(F)F)cc2)(S(=O)(=O)c2ccc(F)cc2)C1;31.0
CN1CCN(C(=O)N2CC[C@@](c3ccc(C(OCc4c(F)cccc4F)(C(F)(F)F)C(F)(F)F)cc3)(S(=O)(=O)c3ccc(F)cc3)C2)CC1;58.0
CS(=O)(=O)N1CCC(C(=O)N2CC[C@@](c3ccc(C(F)(C(F)(F)F)C(F)(F)F)cc3)(S(=O)(=O)c3ccc(F)cc3)C2)C1;41.0
Cc1cc(S(=O)(=O)[C@]2(c3ccc(C(F)(C(F)(F)F)C(F)(F)F)cc3)CCN(C(=O)C3(O)CCC(C(=O)O)CC3)C2)ccc1F;68.0
C[C@@H](OC(c1ccc([C@]2(S(=O)(=O)c3ccc(F)cc3)CCN(C(=O)[C@H]3CC[C@H](C(=O)O)CC3)C2)cc1)(C(F)(F)F)C(F)(F)F)c1ccccc1;46.0
CC(C)CN(Cc1ccc(O[C@@H]2CCN(S(C)(=O)=O)C2)cc1)S(=O)(=O)Cc1ccccc1;60.0
NC(=O)CN1CC[C@@](c2ccc(C(OCc3c(F)cccc3F)(C(F)(F)F)C(F)(F)F)cc2)(S(=O)(=O)c2ccc(F)cc2)C1;76.0
O=S(=O)(c1ccc(F)cc1)[C@]1(c2ccc(C(OCc3c(F)cccc3F)(C(F)(F)F)C(F)(F)F)cc2)CCNC1;59.0
CC(C)CN(Cc1ccc(N[C@@H]2CCN(S(C)(=O)=O)C[C@H]2F)cc1)S(=O)(=O)Cc1ccccc1;10.0
CC(=O)N1CCN(C(=O)N2CC[C@](c3ccc(C(OCc4c(F)cccc4F)(C(F)(F)F)C(F)(F)F)cc3)(S(=O)(=O)c3ccc(F)cc3)C2)C[C@@H]1CO;65.0
O=C(O)C1CC2(C1)CC(C(=O)N1CC[C@@](c3ccc(C(OCc4c(F)cccc4F)(C(F)(F)F)C(F)(F)F)cc3)(S(=O)(=O)c3ccc(F)cc3)C1)C2;32.0
O=C(CO)N1CC[C@@H](C(=O)N2CC[C@](c3ccc(C(OCc4c(F)cccc4F)(C(F)(F)F)C(F)(F)F)cc3)(S(=O)(=O)c3ccc(F)cc3)C2)C1;90.0
O=C(O)C1CCC(CF)(C(=O)N2CC[C@@](c3ccc(C(F)(C(F)(F)F)C(F)(F)F)cc3)(S(=O)(=O)c3ccc(F)cc3)C2)CC1;80.0
O=C(N1CC[C@@](c2ccc(C(OCc3c(F)cccc3F)(C(F)(F)F)C(F)(F)F)cc2)(S(=O)(=O)c2ccc(F)cc2)C1)N1CCOCC1CO;69.0
O=C(O)[C@@H]1CCN(C(=O)N2CC[C@](c3ccc(C(OCc4c(F)cccc4F)(C(F)(F)F)C(F)(F)F)cc3)(S(=O)(=O)c3ccc(F)cc3)C2)C1;47.0
CC(=O)N1C[C@H]2C[C@@H]1CN2c1ccc(CN(CC(F)(F)F)S(=O)(=O)Cc2ccccc2)c(F)c1;36.0
CCS(=O)(=O)c1ccc(CC(=O)N2CC[C@@](c3ccc(C(OCc4c(F)cccc4F)(C(F)(F)F)C(F)(F)F)cc3)(S(=O)(=O)c3ccc(F)cc3)C2)cc1;60.0
CS(=O)(=O)N1CC[C@@H](C(=O)N2CC[C@](c3ccc(C(OCc4c(F)cccc4F)(C(F)(F)F)C(F)(F)F)cc3)(S(=O)(=O)c3ccc(F)cc3)C2)C1;42.0
O=C(N1CCO[C@@H](CO)C1)N1CC[C@](c2ccc(C(OCc3c(F)cccc3F)(C(F)(F)F)C(F)(F)F)cc2)(S(=O)(=O)c2ccc(F)cc2)C1;76.0
O=C(O)C[C@H]1CCN(C(=O)N2CC[C@](c3ccc(C(OCc4c(F)cccc4F)(C(F)(F)F)C(F)(F)F)cc3)(S(=O)(=O)c3ccc(F)cc3)C2)C1;46.0
N#C[C@H]1CCN(C(=O)N2CC[C@](c3ccc(C(OCc4c(F)cccc4F)(C(F)(F)F)C(F)(F)F)cc3)(S(=O)(=O)c3ccc(F)cc3)C2)C1;30.0
CC(C)CN(Cc1ccc(N[C@@H]2CC[C@H](CC#N)C2)cc1)S(=O)(=O)Cc1ccccc1;26.0
O=C(N1CCC[C@@H](CO)C1)N1CC[C@](c2ccc(C(OCc3c(F)cccc3F)(C(F)(F)F)C(F)(F)F)cc2)(S(=O)(=O)c2ccc(F)cc2)C1;46.0
CC(C)(C)NS(=O)(=O)c1ccc(-c2sc(C(=O)NCCN3CCOCC3)nc2CC2CCCCC2)c2ccccc12;10.0
CC(C)(C)NS(=O)(=O)c1ccc(-c2sc(C(=O)NC3CCOCC3)nc2CC2CCCCC2)c2ccccc12;0.69
C[C@H](NS(=O)(=O)c1ccc(-c2sc(C(=O)NCC(C)(C)O)nc2-c2cccc(F)c2)c(Cl)c1Cl)C(F)(F)F;17.0
CC(C)(C)NS(=O)(=O)c1ccc(-c2sc(C(N)=O)nc2CC2CCCCC2)c2ccccc12;21.0
CC(C)(C)NS(=O)(=O)c1ccc(-c2sc(C(=O)N[C@H]3C[C@H](C(=O)O)C3)nc2CC2CCCCC2)c(Cl)c1;16.0
CC(C)(O)CNC(=O)c1nc(CC2CCCCC2)c(-c2cnc(S(=O)(=O)NC(C)(C)C)c3ccccc23)s1;10.0
CC(C)(C)NS(=O)(=O)c1ncc(-c2sc(C(=O)N[C@H]3C[C@H](C(=O)O)C3)nc2CC2CCCCC2)c2ccccc12;12.0
C[C@H](NS(=O)(=O)c1ccc(-c2sc(C(=O)NCC(C)(C)O)nc2Cc2ccc(F)cc2)c(Cl)c1Cl)C(F)(F)F;1.0
CC(C)(C)NS(=O)(=O)c1ccc(-c2sc(C(=O)N[C@H]3C[C@H](C(=O)O)C3)nc2CC2CCCCC2)c2c1CCCC2;1.4
CC(C)(C)NC(=O)c1cc(-c2sc(C(=O)N[C@H]3C[C@H](C(=O)O)C3)nc2CC2CCCCC2)cc(C2(C)CC2)c1;33.0
CC(C)(C)c1cc(-c2sc(C(=O)N[C@H]3C[C@H](C(=O)O)C3)nc2CC2CCCCC2)cc(C(O)(C(F)(F)F)C(F)(F)F)c1;9.4
CC(C)(C)NS(=O)(=O)c1ccc(-c2sc(C(=O)NCC3CS(=O)(=O)C3)nc2CC2CCCCC2)c2ccccc12;3.6
CC(C)(C)NS(=O)(=O)c1ccc(-c2sc(C(=O)NCC(C)(C)C(N)=O)nc2CC2CCCCC2)c2ccccc12;0.37
CC(C)(CCF)NS(=O)(=O)c1ccc(-c2sc(C(=O)N[C@H]3C[C@H](C(=O)O)C3)nc2CC2CCCCC2)c2ccccc12;1.4
C[C@H](NS(=O)(=O)c1ccc(-c2sc(C(=O)N[C@H]3C[C@H](C(=O)O)C3)nc2CC2CCCCC2)c2ccccc12)C(F)(F)F;1.8
CC(C)(CCO)NS(=O)(=O)c1ccc(-c2sc(C(=O)N[C@H]3C[C@H](C(=O)O)C3)nc2CC2CCCCC2)c2ccccc12;20.0
CC(C)(O)CNC(=O)c1nc(CC2CCCCC2)c(-c2ccc(S(=O)(=O)NC(C)(C)C)c(Cl)c2C(F)F)s1;2.6
CC(C)(C)NS(=O)(=O)c1ccc(-c2sc(C(=O)NC34CC(C(=O)O)(C3)C4)nc2CC2CCCCC2)c2ccccc12;8.9
C[C@H](NS(=O)(=O)c1ccc(-c2sc(C(=O)NCC(C)(C)O)nc2C2CCCCC2)c(Cl)c1Cl)C(F)(F)F;10.0
C[C@H](NC(=O)c1cc(-c2sc(C(=O)N[C@H]3C[C@H](C(=O)O)C3)nc2CC2CCCCC2)cc(C(C)(C)C)c1)C(F)(F)F;14.0
C[C@H](NS(=O)(=O)c1ccc(-c2sc(C(=O)N3CC4(C3)CS(=O)(=O)C4)nc2CC2CCC2)c(Cl)c1Cl)C(F)(F)F;1.3
CC(C)(C)NS(=O)(=O)c1ccc(-c2sc(C(=O)NC3CCS(=O)(=O)CC3)nc2C(C)(C)C)c2ccccc12;7.1
C[C@H](NC(=O)c1cc(-c2sc(C(=O)N[C@H]3C[C@H](C(=O)O)C3)nc2CC2CCCCC2)cc(C2(C)CC2)c1)C(F)(F)F;1.2
C[C@H](NS(=O)(=O)c1ccc(-c2sc(C(=O)NCC(C)(C)O)nc2CC2CC2)c2ccccc12)C(F)(F)F;7.9
CC(C)(O)CNC(=O)c1nc(CC2CCCCC2)c(-c2ccc(S(=O)(=O)NC3(C#N)CC3)c3ccccc23)s1;4.4
CC(C)(C)NS(=O)(=O)c1ccc(-c2sc(C(=O)NC3CS(=O)(=O)C3)nc2CC2CCCCC2)c2ccccc12;1.4
C[C@H](NS(=O)(=O)c1cc(-c2sc(C(=O)N[C@H]3C[C@H](C(=O)O)C3)nc2CC2CCCCC2)cc(C(C)(C)C)c1)C(F)(F)F;6.3
CCC(C)(C)NS(=O)(=O)c1ccc(-c2sc(C(=O)N[C@H]3C[C@H](C(=O)O)C3)nc2CC2CCCCC2)c2ccccc12;0.71
CC(C)(C)NS(=O)(=O)c1ccc(-c2sc(C(=O)N[C@H]3C[C@H](C(=O)O)C3)nc2CC2CCCCC2)c(C(F)(F)F)c1;17.0
CC(C)NS(=O)(=O)c1ccc(-c2sc(C(=O)N[C@H]3C[C@H](C(=O)O)C3)nc2CC2CCCCC2)c(C(F)F)c1Cl;2.6
CC(C)(C)NS(=O)(=O)c1ccc(-c2sc(C(=O)N[C@H]3C[C@H](C(=O)O)C3)nc2CC2CCCCC2)c2ccccc12;1.47
CC(C)(C)NS(=O)(=O)c1ccc(-c2sc(C(=O)N3CCC(C)(C(=O)O)C3)nc2CC2CCCCC2)c2ccccc12;48.0
C[C@H](NS(=O)(=O)c1ccc(-c2sc(C(=O)NC3CCS(=O)(=O)CC3)nc2CC2CC2)c2ccccc12)C(F)(F)F;6.1
CC(C)(C)NS(=O)(=O)c1ccc(-c2sc(C(=O)N3CC(C(C)(C)C(=O)O)C3)nc2CC2CCCCC2)c2ccccc12;1.6
C[C@H](NS(=O)(=O)c1ccc(-c2sc(C(=O)NCC(C)(C)O)nc2CC2CCC2)c(C(F)F)c1)C(F)(F)F;28.0
C[C@H](NS(=O)(=O)c1ccc(-c2sc(C(=O)NCC(C)(C)O)nc2COC(C)(C)C)c(Cl)c1Cl)C(F)(F)F;43.0
CC(C)(C)NS(=O)(=O)c1ccc(-c2sc(C(=O)N3CC4(C3)CS(=O)(=O)C4)nc2CC2CCCCC2)c(Cl)c1Cl;1.9
CC(C)(C)NS(=O)(=O)c1ccc(-c2sc(C(=O)N3CC4(C3)CS(=O)(=O)C4)nc2CC2CCCCC2)c2ccccc12;3.6
C[C@H](NS(=O)(=O)c1ccc(-c2sc(C(=O)N[C@H]3C[C@H](C(=O)O)C3)nc2CC2CCC2)c2ccccc12)C(F)(F)F;3.4
CC(C)(C)NS(=O)(=O)c1ccc(-c2sc(C(=O)N[C@H]3C[C@H](C(=O)O)C3)nc2CC2CCCCC2)c(Cl)c1Cl;1.6
CC[C@H](NC(=O)c1cc(-c2sc(C(=O)N[C@H]3C[C@H](C(=O)O)C3)nc2CC2CCCCC2)cc(C2(C)CC2)c1)C(F)(F)F;4.7
CC(C)(C)c1cc(-c2sc(C(=O)N[C@H]3C[C@H](C(=O)O)C3)nc2CC2CCCCC2)cc(C2(C)CC2)c1;52.0
Cc1c(S(=O)(=O)NC(C)(C)C)ccc(-c2sc(C(=O)N[C@H]3C[C@H](C(=O)O)C3)nc2CC2CCCCC2)c1OC(F)F;3.2
C[C@H](NS(=O)(=O)c1ccc(-c2sc(C(=O)NCC(C)(C)O)nc2CC2CC(F)(F)C2)c2ccccc12)C(F)(F)F;5.4
CCS(=O)(=O)c1ccc(CNC(=O)c2nc(CC3CCCCC3)c(-c3ccc(S(=O)(=O)NC(C)(C)C)c4ccccc34)s2)cc1;1.8
CCS(=O)(=O)c1ccc(CC(=O)Nc2cc(-c3cccnc3OCc3cccc(C#N)c3)cs2)cc1;19.0
CCS(=O)(=O)c1ccc(CC(=O)Nc2ccc(-c3ccc(CC4CCN(C(C)=O)CC4)c(C#N)c3)c(C(F)(F)F)c2)cc1;94.495
CCS(=O)(=O)c1ccc([C@@H](NC(C)=O)C(=O)Nc2cc(-c3cccnc3OCc3ccc(OC(F)(F)F)cc3)cs2)cc1;11.0
CCS(=O)(=O)c1ccc(CC(=O)Nc2cc(-c3cccnc3OC/C=C/c3ccccc3)cs2)cc1;25.0
CCS(=O)(=O)c1ccc(C(NC(C)=O)C(=O)Nc2cc(-c3cc(C#N)cnc3OCC(F)(F)F)cs2)cc1;49.0
CCS(=O)(=O)c1ccc(CC(=O)Nc2cc(-c3cccnc3OCc3ccc(OC(F)(F)F)cc3)cs2)cc1;25.0
CCS(=O)(=O)c1ccc(CC(=O)Nc2ccc(-c3ccc(CC4CCN(C(=O)C(C)(C)C)CC4)c(C#N)c3)c(C(F)(F)F)c2)cc1;75.06
C[C@H](Oc1ncc(NC(=O)Cc2ccncc2)cc1Cl)c1ccccc1;19.0
CCS(=O)(=O)c1ccc(CC(=O)Nc2cnc(O[C@H](C)c3ccccc3)c(Cl)c2)cc1;27.0
CCS(=O)(=O)c1ccc(CC(=O)Nc2cc(-c3cccnc3OCCc3ccccc3)cs2)cc1;29.0
CCS(=O)(=O)c1ccc(CC(=O)Nc2cc(-c3cc(Cl)cc(C#N)c3)cs2)cc1;70.0
CCS(=O)(=O)c1ccc(CC(=O)Nc2cc(-c3cccnc3OCc3ccc(C#N)cc3)cs2)cc1;30.0
CCS(=O)(=O)c1ccc(CC(=O)Nc2cc(-c3cc(C#N)cnc3OCC(F)(F)F)cs2)cc1;30.0
CCS(=O)(=O)c1ccc(CC(=O)Nc2cc(-c3cccnc3Oc3ccccc3)cs2)cc1;46.0
CCS(=O)(=O)c1ccc(CC(=O)Nc2cc(-c3cccnc3OCC(F)(F)F)cs2)cc1;50.0
CCS(=O)(=O)c1ccc(CC(=O)Nc2cc(-c3cccnc3OCc3ccc(C(=O)OC)cc3)cs2)cc1;21.0
CCS(=O)(=O)c1ccc(C(NC(C)=O)C(=O)Nc2cc(-c3cc(C#N)cc(F)c3OC)cs2)cc1;63.0
CCS(=O)(=O)c1ccc(CC(=O)Nc2cc(-c3cccnc3Oc3ccc(OC(F)(F)F)cc3)cs2)cc1;88.5
CCS(=O)(=O)c1ccc(CC(=O)Nc2nc(-c3ccccc3)c(C(=O)c3ccccc3C)s2)cc1;12.925
CCS(=O)(=O)c1ccc(CC(=O)Nc2cnc(OCc3ccccc3)c(Cl)c2)cc1;3.1
CCS(=O)(=O)c1ccc(CC(=O)Nc2ccc(-c3ccccc3)c(C(F)(F)F)c2)cc1;31.62
CCS(=O)(=O)c1ccc(CC(=O)Nc2ccc(-c3ccc(CC4CCN(C(=O)C(C)(C)C)CC4)cc3C(F)(F)F)c(Cl)c2)cc1;31.62
CCS(=O)(=O)c1ccc(C(NC(C)=O)C(=O)Nc2cc(-c3cccnc3OCc3ccccc3)cs2)cc1;7.0
CCCOc1ncccc1-c1csc(NC(=O)Cc2ccc(S(=O)(=O)CC)cc2)c1;59.0
CCS(=O)(=O)c1ccc(CC(=O)Nc2cnc(O[C@@H](C)c3ccccc3)c(Cl)c2)cc1;17.0
CCS(=O)(=O)c1ccc(CC(=O)Nc2cc(-c3cc(C#N)ccc3Cl)cs2)cc1;55.0
CCS(=O)(=O)c1ccc(CC(=O)Nc2cc(-c3cccnc3OCc3ccccc3)cs2)cc1;20.0
CCS(=O)(=O)c1ccc(C(NC(C)=O)C(=O)Nc2cc(-c3cccnc3OCc3ccc(OC(F)(F)F)cc3)cs2)cc1;32.0
COc1ccc2c(c1)CCN(C(=O)CCCC(N)=O)[C@H]2C(=O)Nc1cc(F)c([Si](C)(C)C)c(F)c1;4.9
COc1ccc(C(C(=O)Nc2ccc([Si](C)(C)C)cc2)N(C)C(=O)c2ccno2)cc1;91.5
COc1nc2ccc(C(O)(c3cnnn3C)c3cnc(C)n3C)cc2c(Cl)c1Cc1ccc(-n2cccn2)cc1;9.15
COc1ccc2c(c1)CCN(C(=O)CC1SC(=O)NC1=O)[C@H]2C(=O)Nc1cc(F)c([Si](C)(C)C)c(F)c1;24.3
Cn1cncc1C(O)(c1ccc2nc(Cl)c(-c3ccccc3)c(Cl)c2c1)c1ccnc2ccccc12;5.5
COc1ccc2c(c1)CCN(C(=O)COCC(=O)O)[C@H]2C(=O)Nc1cc(F)c([Si](C)(C)C)c(F)c1;71.75
COc1ccc(C(C(=O)Nc2ccc([Si](C)(C)C)cc2)N(C)C(=O)c2ccc(O)nc2)cc1;67.5
COc1ccc2c(c1)CCN(C(=O)CCC(=O)O)[C@H]2C(=O)Nc1cc(F)c([Si](C)(C)C)c(F)c1;29.1
COc1ccc2c(c1)CCN(C(=O)c1cc(O)no1)[C@H]2C(=O)Nc1cc(F)c([Si](C)(C)C)c(F)c1;5.699999999999999
CCn1c2ccc(Cl)cc2c2cc(C(=O)NCc3ccc(S(=O)(=O)CC)cc3)ccc21;58.5
CCn1c2ccc(C)cc2c2cc(C(=O)NCc3ccc(S(=O)(=O)CC)cc3)ccc21;47.8
COc1ccc2c(c1)CCN(C(=O)/C=C/C(=O)O)[C@H]2C(=O)Nc1cc(F)c([Si](C)(C)C)c(F)c1;21.05
Cn1cncc1C(O)(c1ccnc(F)c1)c1ccc2nc(Cl)c(-c3ccccc3)c(Cl)c2c1;21.0
COc1ccc2c(c1)CCN(C(=O)CC(C)(O)CC(=O)O)[C@H]2C(=O)Nc1cc(F)c([Si](C)(C)C)c(F)c1;18.25
COc1ccc2c(c1)CCN(C(=O)CC(C)(C)CC(=O)O)[C@H]2C(=O)Nc1cc(F)c([Si](C)(C)C)c(F)c1;25.8
CCS(=O)(=O)c1ccc(CNC(=O)c2ccc3c(c2)c2ccccc2n3CC2CC2)cc1;81.9
COc1ccc([C@H](C(=O)Nc2cc(F)c([Si](C)(C)C)c(F)c2)N(C)C(=O)c2cc(O)no2)cc1;13.0
CCS(=O)(=O)c1ccc(CNC(=O)c2ccc3c(c2)c2ccccc2n3CC2CCC2)cc1;54.9
COc1ccc(C(C(=O)Nc2cc(F)c([Si](C)(C)C)c(F)c2)N(C)C(=O)c2cc(O)no2)cc1;37.0
COc1ccc2c(c1)CCN(C(=O)CCCCC(=O)O)[C@H]2C(=O)Nc1cc(F)c([Si](C)(C)C)c(F)c1;15.3
CCS(=O)(=O)c1ccc(CNC(=O)c2ccc3c(c2)c2ccccc2n3CC2CCCCC2)cc1;33.5
COc1ccc(C(C(=O)Nc2ccc([Si](C)(C)C)cc2)N(C)C(=O)c2cc(O)no2)cc1;54.0
COc1ccc(C(C(=O)Nc2ccc(C(C)(C)C)c(Cl)c2)N(C)C(=O)c2ccc(=O)[nH]c2)cc1;97.5
COc1ccc2c(c1)CCN(C(=O)CC(C)CC(=O)O)[C@H]2C(=O)Nc1cc(F)c([Si](C)(C)C)c(F)c1;11.4
COc1ccc2c(c1)OCCN(C(=O)c1cc(O)no1)[C@H]2C(=O)Nc1cc(F)c([Si](C)(C)C)c(F)c1;21.4
Cc1cc(C(O)(c2ccc3nc(Cl)c(-c4ccccc4)c(Cl)c3c2)c2cncn2C)ccn1;13.0
Cn1cncc1C(O)(c1ccnc(C(F)(F)F)c1)c1ccc2nc(Cl)c(-c3ccccc3)c(Cl)c2c1;82.0
CCS(=O)(=O)c1ccc(CNC(=O)c2ccc3c(c2)c2ccccc2n3CC(C)C)cc1;69.6
CCn1c2ccccc2c2cc(NC(=O)CC(C)CC(=O)Nc3ccc(C#N)cc3)ccc21;49.75
CCc1ccc(N(CC(C)C)S(=O)(=O)c2ccc(OCC3CCOCC3)c([S+](C)[O-])c2)cc1;97.0
CCc1ccc(N(CC(C)C)S(=O)(=O)c2ccc(OCC3CCOCC3)c(S(=N)(=O)CC)c2)cc1;81.0
CCc1ccc(N(CC(C)C)S(=O)(=O)c2ccc(NCC3(C)CCOCC3)c(S(C)(=N)=O)c2)cc1;34.0
CCc1ccc(N(CC(C)C)S(=O)(=O)c2ccc(OCC3CCOCC3)c(CO)c2)cc1;17.0
CCC1Oc2cc(NC(=O)CC(C)CC(=O)Nc3ccc(C#N)c(Cl)c3)ccc2N(CC)C1=O;53.75
CCn1c(=O)c2cc(NC(=O)CC(C)CC(=O)Nc3ccc(C#N)c(Cl)c3)ccc2n(CC2CC2)c1=O;17.95
CCS(=O)(=O)c1ccc(CC(=O)Nc2nc(-c3ccccc3Cl)c(C(=O)c3ccccc3Cl)s2)cc1;39.5
CCc1ccc(N(CC(C)C)S(=O)(=O)c2ccc(NCC3(F)CCOCC3)c(S(C)(=N)=O)c2)cc1;44.0
CCn1c(=O)c2cc(NC(=O)CC(C)CC(=O)Nc3ccc(C#N)c(Cl)c3)ccc2n(CC)c1=O;25.3
CCn1c(=O)n(CC2CC2)c(=O)c2cc(NC(=O)CC(C)CC(=O)Nc3ccc(C#N)c(Cl)c3)ccc21;3.75
CCc1ccc(N(CC(C)C)S(=O)(=O)c2ccc(OCC3CCOCC3)c([S@](C)(=N)=O)c2)cc1;32.5
CCc1ccc(N(CC(C)C)S(=O)(=O)c2ccc(OCC3CCOCC3)c([S@@](C)(=N)=O)c2)cc1;21.5
CCc1ccc(N(CC(C)C)S(=O)(=O)c2ccc(NCC3(CC)CCOCC3)c(S(C)(=N)=O)c2)cc1;86.0
CCn1c2c(c3cc(NC(=O)CC(C)CC(=O)Nc4ccc(C#N)cc4)ccc31)CCCC2;31.45
CCc1ccc(N(CC(C)C)S(=O)(=O)c2ccc(NCC3CCOCC3)c(S(C)(=N)=O)c2)cc1;30.0
CCc1ccc(N(CC(C)C)S(=O)(=O)c2ccc(OCC3CCOCC3)c(CC(N)=O)c2)cc1;39.0
CCc1ccc(N(CC(C)C)S(=O)(=O)c2ccc(OCC3CCOCC3)c(S(C)(=N)=O)c2)cc1;47.0
CCc1ccc(N(CC(C)C)S(=O)(=O)c2ccc(OCC3CCOCC3)c(S(N)(=O)=O)c2)cc1;89.0
CCc1ccc(N(CC(C)C)S(=O)(=O)c2ccc(N(C)CC3CCOCC3)c(S(C)(=N)=O)c2)cc1;68.0
CC(CC(=O)Nc1ccc(C#N)c(Cl)c1)CC(=O)Nc1ccc2c(c1)c(=O)n(CC1CC1)c(=O)n2CC1CC1;6.050000000000001
CCc1ccc(N(CC(C)C)S(=O)(=O)c2ccc(OCC3CCOCC3)c(CC#N)c2)cc1;71.0
CC(C)C(=O)N1CCC(c2cn(C)c3ncc(NC(=O)c4cccc(C#N)c4)c(C(C)C)c23)CC1;50.0
CCS(=O)(=O)c1ccc(CC(=O)Nc2ccc(C(C)(C)C(=O)Nc3cc(C(F)(F)F)ccn3)cc2)cc1;25.0
CC(C)C(=O)N1CCC(c2cn(C)c3ncc(NC(=O)c4cccc(C#N)c4)c(C(F)(F)F)c23)CC1;6.8
CCS(=O)(=O)c1ccc(CC(=O)Nc2ccc(C(C)(C)C(=O)Nc3cc(C#N)ccn3)cc2)cc1;40.0
CCS(=O)(=O)c1ccc(CC(=O)Nc2ccc(C(C)(C)C(=O)Nc3ccccc3)cc2)cc1;22.0
CCS(=O)(=O)c1ccc(CC(=O)Nc2ccc(C(C)(C)C(=O)Nc3ccccn3)cc2)cc1;40.0
CCS(=O)(=O)c1ccc(CC(=O)Nc2ccc(C(C)(C)C(=O)Nc3cc(C#N)ccn3)c(F)c2)cc1;23.0
Cn1cc(C2CCN(C(=O)C3CCCCC3)CC2)c2cc(NC(=O)c3cc(C#N)ccn3)ccc21;42.0
Cc1c(NC(=O)c2cccc(C#N)c2)cnc2c1c(C1CCN(C(=O)C3CCC3)CC1)cn2C;33.5
CCS(=O)(=O)c1ccc(CC(=O)Nc2ccc(C(C)(C)C(=O)Nc3cccc(F)c3)cc2)cc1;9.8
CCS(=O)(=O)c1ccc(CC(=O)Nc2ccc(C(C)(C)C(=O)N3CCc4ccccc43)cc2)cc1;20.0
Cc1c(NC(=O)c2ccc(Cl)c(C#N)c2)cnc2c1c(C1CCN(C(=O)C(C)C)CC1)cn2C;34.3
Cc1c(NC(=O)c2cccc(C#N)c2)cnc2c1c(C1CCN(C(=O)C3CCCCC3)CC1)cn2C;11.5
Cc1c(NC(=O)c2cccc(C#N)c2)cnc2c1c(C1CCN(C(=O)CC3CC3)CC1)cn2C;55.0
Cc1c(NC(=O)c2ccc(F)c(C#N)c2)cnc2c1c(C1CCN(C(=O)C(C)C)CC1)cn2C;42.5
CCS(=O)(=O)c1ccc(CC(=O)Nc2ccc(C(C)(C)C(=O)Nc3ccccc3F)cc2)cc1;4.4
CCS(=O)(=O)c1ccc(CC(=O)Nc2ccc(C(C)(C)C(=O)Nc3cc(Cl)ccn3)cc2)cc1;8.2
CCS(=O)(=O)c1ccc(CC(=O)Nc2ccc(C(C)(C)C(=O)Nc3ccc(F)cc3F)c(F)c2)cc1;29.0
Cc1c(NC(=O)c2cccc(C#N)c2)cnc2c1c(C1CCN(C(=O)C3CCCC3)CC1)cn2C;16.9
COc1ccc(C(=O)Nc2cnc3c(c(C4CCN(C(=O)C(C)C)CC4)cn3C)c2C)cc1C#N;25.0
CCS(=O)(=O)c1ccc(CC(=O)Nc2ccc(C(C)(C)C(=O)Nc3ccc(F)cc3)cc2)cc1;31.5
CCS(=O)(=O)c1ccc(CC(=O)Nc2ccc(C(C)(C)C(=O)Nc3ccc(F)cc3)c(F)c2)cc1;27.5
Cc1c(NC(=O)c2cccc(C#N)c2)ccc2c1c(C1CCN(C(=O)C3CCCC3)CC1)cn2C;4.15
Cc1cccc(F)c1C(=O)N1CCC(c2cn(C)c3ncc(NC(=O)c4cccc(C#N)c4)c(C)c23)CC1;16.0
Cc1ccc(C(=O)Nc2cnc3c(c(C4CCN(C(=O)C(C)C)CC4)cn3C)c2C)cc1C#N;47.0
Cn1cc(C2CCN(C(=O)C3CCCC3)CC2)c2cc(NC(=O)c3cccc(C#N)c3)ccc21;67.0
Cc1c(NC(=O)c2cccc(C#N)c2)cnc2c1c(C1CCN(C(=O)CC(C)C)CC1)cn2C;17.5
CCS(=O)(=O)c1ccc(CC(=O)Nc2ccc(C(C)(C)C(=O)Nc3ccc(F)cc3F)cc2)cc1;65.5
CCS(=O)(=O)c1ccc(CC(=O)Nc2ccc(C(C)(C)C(=O)N(C)c3ccccc3)cc2)cc1;22.0
CCS(=O)(=O)c1ccc(CC(=O)Nc2ccc(C(C)(C)C(=O)Nc3cc(F)ccn3)cc2)cc1;31.0
Cc1c(NC(=O)c2cccc(C#N)c2)cnc2c1c(C1CCN(C(=O)C(C)C)CC1)cn2C;44.5
COc1nc2ccc(C(O)(c3ccc(C)nc3C)c3cnnn3C)cc2c(Cl)c1OC(C)C;19.5
CCS(=O)(=O)c1ccc(C(NC(=O)Cc2ccnnc2)C(=O)Nc2ccc(C(O)(C(F)(F)F)C(F)(F)F)cc2)cc1;44.11
CCS(=O)(=O)c1ccc(CC(=O)Nc2ccc(C(C#N)(C(F)(F)F)C(F)(F)F)cc2)cc1;75.06
COc1nc2ccc(C(O)(c3ccc(C)nc3C)c3cnnn3C)cc2c(Cl)c1CN1CC(C(F)(F)F)C1;41.0
O=C(O)c1ccc(-n2cc(C(=O)c3c(Cl)cccc3Cl)c3cccnc32)c(F)c1;32.0
O=C(O)[C@@H]1CCN(c2nn(C(=O)c3c(Cl)cccc3C3CC3)c3cccc(F)c23)C[C@H]1O;13.0
COc1nc2ccc(C(O)(c3cc(C)nc(C)c3)c3cnnn3C)cc2c(Cl)c1CN1CCC(C(F)(F)F)CC1;5.1
CCS(=O)(=O)c1ccc(C(NC(=O)Cc2ccncn2)C(=O)Nc2ccc(C(O)(C(F)(F)F)C(F)(F)F)cc2)cc1;44.965
O=C(O)c1ccc(-n2cc(C(=O)c3c(Cl)cccc3Cl)c3cccc(Cl)c32)cc1;70.0
COc1nc2ccc(C(O)(c3ccc(C)nc3C)c3cnnn3C)cc2c(Cl)c1C1CCCC1;14.0
CCS(=O)(=O)c1ccc(C(NC(=O)Cc2ccccn2)C(=O)Nc2ccc(C(O)(C(F)(F)F)C(F)(F)F)cc2)cc1;31.354999999999997
CCOc1ccccc1CN1CCc2cc(NC(=O)[C@H]3c4ccc(OC)nc4CCN3C(=O)CCCC(=O)O)ccc21;6.0
Cc1c(CC(C)C)nc(-c2ccc(Cl)o2)n1-c1c(Cl)ccc(N2CC(C(=O)O)C2)c1Cl;18.0
O=C(O)[C@@H]1CCN(c2nn(C(=O)c3c(Cl)cccc3C(F)(F)F)c3cccc(F)c23)C[C@H]1O;27.5
COc1ccccc1COc1ccc(C(=O)NCc2ccc(S(N)(=O)=O)cc2)cc1;14.0
O=C(O)c1ccc(-n2cc(C(=O)c3c(Cl)cccc3Cl)c3c(F)cccc32)cc1;50.5
Cc1cccc(Cl)c1C(=O)c1cn(-c2ccc(C(=O)O)cc2F)c2cccc(F)c12;36.0
CCOc1ccccc1CN1CCc2cc(NC(=O)[C@H]3c4ccc(OC)nc4CCN3C(C)=O)ccc21;7.2
O=C(O)c1ccc(-c2nn(C(=O)c3c(Cl)cccc3C(F)(F)F)c3cccc(F)c23)c(F)c1;6.6
O=C(O)c1ccc(-n2cc(C(=O)c3c(Cl)cccc3Cl)c3c(F)cccc32)c(F)c1;37.0
O=C(O)c1ccc(-n2cc(C(=O)c3c(Cl)cccc3Cl)c3ccccc32)cc1O;5.0
O=C(O)c1ccc(-n2cc(C(=O)c3c(Cl)cccc3Cl)c3ccccc32)cc1;14.8
Cc1ccc(C(=O)Nc2cc(F)cc(CN3CCN(C(=O)C4CCCC4)[C@@H](C)C3)c2C)cn1;17.0
O=C(O)c1ccc(-n2cc(C(=O)c3c(Cl)cccc3Cl)c3cccc(F)c32)c(F)c1;7.5
O=C(O)c1ccc(-c2nn(C(=O)c3c(Cl)cccc3C(F)(F)F)c3cnccc23)c(F)c1;52.5
COc1nc2ccc(C(O)(c3ccc(C)nc3C)c3cnnn3C)cc2c(Cl)c1OCC1CC1;20.0
CCS(=O)(=O)c1ccc(C(NC(=O)Cc2ccccc2)C(=O)Nc2ccc(C(O)(C(F)(F)F)C(F)(F)F)cc2)cc1;39.81
CCS(=O)(=O)c1ccc(C(NC(C)=O)C(=O)Nc2ccc(C(O)(C(F)(F)F)C(F)(F)F)cc2)cc1;44.965
COc1ccc2c(n1)CCN(C(C)=O)C2C(=O)Nc1ccc2c(c1)CCN2Cc1ccccc1OC(F)(F)F;20.0
Cc1cccc(Cl)c1C(=O)c1cn(-c2ccc(C(=O)O)cc2)c2c(F)cccc12;11.0
COc1nc2ccc([C@](O)(c3ccnc(C(F)(F)F)c3)c3cnc(C)n3C)cc2c(Cl)c1CN1CCC(C(F)(F)F)CC1;14.0
CCS(=O)(=O)c1ccc(C(NC(=O)OC)C(=O)Nc2ccc(C(O)(C(F)(F)F)C(F)(F)F)cc2)cc1;56.61
COc1nc2ccc(C(O)(c3cnnn3C)c3cnc(C)n3C)cc2c(Cl)c1CN1CCC(C(F)(F)F)CC1;15.0
CCS(=O)(=O)c1ccc(C(NC(=O)c2ccccc2)C(=O)Nc2ccc(C(O)(C(F)(F)F)C(F)(F)F)cc2)cc1;69.905
CCS(=O)(=O)c1ccc(C(NC(=O)Cc2cccnn2)C(=O)Nc2ccc(C(O)(C(F)(F)F)C(F)(F)F)cc2)cc1;81.55
Cc1ccc(C(=O)Nc2cn3ncnc3c(CN3CCN(C(=O)c4ccccc4)[C@@H](C)C3)c2C)cn1;79.0
O=C(O)c1ccc(-n2cc(C(=O)c3c(Cl)cccc3Cl)c3cccnc32)cc1;62.0
O=C(O)c1ccc(-c2nn(C(=O)c3c(Cl)cccc3C(F)(F)F)c3cccc(F)c23)cc1F;72.0
COc1nc2ccc(C(O)(c3ccc(C)nc3C)c3cnnn3C)cc2c(Cl)c1CN1CCC(F)(F)CC1;19.0
CCS(=O)(=O)c1ccc(C(NC(=O)CCc2ccccc2)C(=O)Nc2ccc(C(O)(C(F)(F)F)C(F)(F)F)cc2)cc1;59.620000000000005
COc1nc2ccc(C(O)(c3ccc(C)nc3C)c3cnnn3C)cc2c(Cl)c1CC(F)(F)F;45.0
Cc1ccc(C(=O)Nc2cn3ncnc3c(O[C@H]3CCN(C(=O)CC(C(F)(F)F)C(F)(F)F)[C@@H](C)C3)c2C)cn1;90.5
O=C(O)c1ccc(-c2nn(C(=O)c3c(Cl)cccc3C(F)(F)F)c3cncnc23)c(F)c1;97.5
Cc1cccc(Cl)c1C(=O)c1cn(-c2ccc(C(=O)O)cc2)c2ccccc12;25.0
O=C(O)c1ccc(-n2cc(C(=O)c3c(Cl)cccc3C(F)(F)F)c3cccnc32)cc1;44.0
O=C(O)c1ccc(-n2cc(C(=O)c3c(Cl)cccc3C(F)(F)F)c3ccccc32)cc1;37.0
CCS(=O)(=O)c1ccc(C(NC(=O)CC(C)C)C(=O)Nc2ccc(C(O)(C(F)(F)F)C(F)(F)F)cc2)cc1;47.64
COc1nc2ccc(C(O)(c3ccc(C)nc3C)c3cnnn3C)cc2c(Cl)c1CC1CC1;30.0
CCS(=O)(=O)c1ccc(CC(=O)Nc2ccc(C(OC)(C(F)(F)F)C(F)(F)F)cc2)cc1;55.525000000000006
COc1nc2ccc(C(O)(c3ccc(C(F)(F)F)nc3)C3CN(C(C)=O)C3)cc2c(Cl)c1CN1CCC(C(F)(F)F)CC1;50.0
O=C(O)c1ccc(-c2cn(C(=O)c3c(Cl)cccc3C(F)(F)F)c3cccnc23)c(F)c1;98.0
O=C(O)c1ccc(-n2nc(C(=O)c3c(Cl)cccc3Cl)c3ccccc32)cc1;16.4
COc1ccc2c(n1)CCN(C(C)=O)C2C(=O)Nc1ccc2c(c1)CCN2Cc1ccccc1OC;14.0
COc1nc2ccc(C(O)(c3ccnc(C(F)(F)F)c3)c3cnnn3C)cc2c(Cl)c1CN1CCC(C(F)(F)F)CC1;10.0
O=S(=O)(c1ccc(F)cc1)N1CCOc2cccc(Nc3ccccc3F)c2C1;60.0
O=C(O)C1CC=C(c2nn(C(=O)c3c(Cl)cccc3C(F)(F)F)c3cccc(F)c23)CC1;55.5
CCS(=O)(=O)c1ccc(CC(=O)Nc2ccc(C(O)(C(F)(F)F)C(F)(F)F)cc2)cc1;62.56
Cc1c(C(F)(F)F)nc(-c2ccc(Cl)o2)n1-c1c(Cl)ccc(N2CC(c3nnn[nH]3)C2)c1Cl;21.0
Cc1cccc2c(C(=O)c3ccccc3Cl)cn(-c3ccc(C(=O)O)cc3F)c12;63.55
COc1nc2ccc(C(O)(c3ccnc(C(F)(F)F)c3)c3cncn3C)cc2c(Cl)c1CN1CCC(C(F)(F)F)CC1;12.0
Cc1c(Cc2ccccc2)nc(-c2ccco2)n1-c1c(Cl)cccc1Cl;84.0
Cc1ccc(C(=O)Nc2cn3ncnc3c(CN3CCN(C(=O)CC(C)C)[C@@H](C)C3)c2C)cn1;59.0
O=C(O)c1ccc(-n2cc(C(=O)c3c(Cl)cccc3C(F)(F)F)c3cccnc32)c(F)c1;15.0
COc1nc2ccc([C@@](O)(c3ccc(C(F)(F)F)nc3)c3cncn3C)cc2c(Cl)c1CN1CCC(C(F)(F)F)CC1;39.0
Cc1cccc(Cl)c1C(=O)c1cn(-c2ccc(C(=O)O)cc2)c2cccc(F)c12;93.0
O=C(O)c1cc(F)c(-n2cc(C(=O)c3c(Cl)cccc3Cl)c3ccccc32)c(F)c1;10.0
COc1ccc2c(n1)CCN(C(C)=O)[C@H]2C(=O)Nc1ccc(OCc2ccccc2OC)cc1;44.0
Cc1c(C(F)(F)F)nc(-c2ccc(Cl)o2)n1-c1c(Cl)cccc1Cl;96.5
Cc1ccc(C(=O)Nc2cn3ncnc3c(CN3CCN(C(=O)CC(C(F)(F)F)C(F)(F)F)[C@@H](C)C3)c2C)cn1;50.0
CCS(=O)(=O)c1ccc([C@@H](NC(C)=O)C(=O)Nc2ccc(C(O)(C(F)(F)F)C(F)(F)F)cc2)cc1;31.62
O=C(O)c1ccc(-n2cc(C(=O)c3c(Cl)cccc3C(F)(F)F)c3cccc(F)c32)cc1;6.0
COc1nc2ccc(C(O)(c3ccc(C)nc3C)c3cnnn3C)cc2c(Cl)c1OCC1CC1(F)F;33.0
CCS(=O)(=O)c1ccc(C(NC(=O)CC(C)(C)O)C(=O)Nc2ccc(C(O)(C(F)(F)F)C(F)(F)F)cc2)cc1;64.775
O=C(O)c1ccc(-n2cc(C(=O)c3c(Cl)cccc3Cl)c3ccccc32)c(F)c1;10.55
Cc1ccc(C(=O)Nc2cn3ncnc3c(CN3CCN(C(=O)C4CCCC4)[C@@H](C)C3)c2C)cn1;41.0
O=C(O)c1ccc(-n2cc(C(=O)c3c(Cl)cccc3C(F)(F)F)c3c(F)cccc32)cc1;38.0
O=C(O)c1ccc(-n2cc(C(=O)c3c(Cl)cccc3C(F)(F)F)c3c(F)cccc32)c(F)c1;16.0
O=C(O)c1ccc(-n2cc(C(=O)c3c(Cl)cccc3Cl)c3cccc(F)c32)cc1;6.5
Cc1cccc(Cl)c1C(=O)c1cn(-c2ccc(C(=O)O)cc2F)c2ccccc12;21.0
COc1nc2ccc(C(O)(c3cnc(C)n3C)C3CCOCC3)cc2c(Cl)c1CN1CCC(C(F)(F)F)CC1;25.0
O=C(O)c1ccc(-c2nn(C(=O)c3c(Cl)cccc3C(F)(F)F)c3cccc(F)c23)cc1;37.5
Cc1c(C(F)(F)F)nc(-c2ccc(Cl)o2)n1-c1c(Cl)ccc(N2CC(C(N)=O)C2)c1Cl;12.5
COc1nc2ccc(C(O)(c3ccc(C)nc3C)c3cnnn3C)cc2c(Cl)c1CN1CCC(C(F)(F)F)CC1;22.0
O=C(O)c1ccc(-n2cc(C(=O)c3c(Cl)cccc3Cl)c3ccccc32)c(F)c1F;75.0
Cc1cccc(Cl)c1C(=O)c1cn(-c2ccc(C(=O)O)cc2F)c2ncccc12;27.0
C[C@H](NS(=O)(=O)c1ccc(-c2sc(-c3nnc(CC(C)(C)C(=O)O)s3)nc2CC2CCC2)c(Cl)c1Cl)C(F)(F)F;16.0
C[C@H](NS(=O)(=O)c1ccc(-c2sc(-c3noc(CC(C)(C)C(=O)O)n3)nc2CC2CCC2)c(Cl)c1Cl)C(F)(F)F;14.3
Cc1cc(-c2nc(-c3ccccc3F)c3c(n2)[C@]2(C)C=C(C#N)C(=O)[C@H](C)[C@H]2CC3)ccn1;54.0
C[C@H]1C(=O)C(C#N)=C[C@@]2(C)c3nc(-c4ccncc4)nc(-c4ccccc4)c3CC[C@H]12;71.5
C[C@H](NS(=O)(=O)c1ccc(-c2sc(C(=O)NCC(C)(C)O)nc2C(=O)N2C3CCC2CC3)c(Cl)c1Cl)C(F)(F)F;21.0
Cc1cnccc1-c1nc(-c2ccccc2F)c2c(n1)[C@]1(C)C=C(C#N)C(=O)[C@H](C)[C@H]1CC2;53.0
C[C@H]1C[C@@H](F)CCN1C(=O)c1nc(C(=O)NCC(C)(C)O)sc1-c1ccc(S(=O)(=O)N[C@@H](C)C(F)(F)F)c(Cl)c1Cl;15.0
C[C@H]1CCCCN1C(=O)c1nc(C(=O)NCC(C)(C)O)sc1-c1ccc(S(=O)(=O)N[C@@H](C)C(F)(F)F)c(Cl)c1Cl;8.7
Cc1cc(-c2nc(-c3ccc(F)cc3)c3c(n2)[C@]2(C)C=C(C#N)C(=O)[C@H](C)[C@H]2CC3)ccn1;38.9
CC[C@H](NS(=O)(=O)c1ccc(-c2sc(C(=O)NC3CC34CCOCC4)nc2C(=O)N2CCC(F)CC2)c(Cl)c1Cl)C(F)(F)F;5.1
C[C@H](NS(=O)(=O)c1ccc(-c2sc(C(=O)N3CC(C)(C#N)C3)nc2C(=O)N2CCC(F)CC2)c(Cl)c1Cl)C(F)(F)F;76.0
CC(C)(O)CNC(=O)c1nc(C(=O)N2CCC(F)(F)CC2)c(-c2ccc(S(=O)(=O)NC3(C(F)(F)F)CC3)c(Cl)c2Cl)s1;8.2
CC[C@H](NS(=O)(=O)c1ccc(-c2sc(C(=O)NCC(C)(C)O)nc2C(=O)N2CCC(F)(F)CC2)c(Cl)c1Cl)C(F)(F)F;9.0
CC[C@H](NS(=O)(=O)c1ccc(-c2sc(C(=O)NCC(C)(C)O)nc2C(=O)N(CC)CC)c(C(F)F)c1Cl)C(F)(F)F;24.0
C[C@H](NS(=O)(=O)c1ccc(-c2sc(NCCC(C)(C)O)nc2C(=O)N2CCC(F)CC2)c(Cl)c1Cl)C(F)(F)F;37.0
C[C@H](NS(=O)(=O)c1ccc(-c2sc(C(=O)N3CC4(C3)CC(O)(C(F)(F)F)C4)nc2C(=O)N2CCC(F)CC2)c(Cl)c1Cl)C(F)(F)F;71.0
C[C@H](NS(=O)(=O)c1ccc(-c2sc(C(=O)NCC(C)(C)O)nc2C(=O)N2CCC(C)(C)C2)c(Cl)c1Cl)C(F)(F)F;10.0
CCCN(C)C(=O)c1nc(C(=O)NCC(C)(C)O)sc1-c1ccc(S(=O)(=O)N[C@@H](C)C(F)(F)F)c(Cl)c1Cl;22.0
CC(C)Cc1nc(-c2nnc(CC(C)(C)C(=O)O)o2)sc1-c1ccc(S(=O)(=O)N[C@@H](C)C(F)(F)F)c(F)c1C(F)F;9.0
CCN(CCCF)C(=O)c1nc(C(=O)NCC(C)(C)O)sc1-c1ccc(S(=O)(=O)N[C@@H](C)C(F)(F)F)c(Cl)c1Cl;37.0
CC1CCN(C(=O)c2nc(C(=O)NCC(C)(C)O)sc2-c2ccc(S(=O)(=O)N[C@@H](C)C(F)(F)F)c(Cl)c2Cl)CC1;11.0
CC[C@H](NS(=O)(=O)c1ccc(-c2sc(C(=O)NCC(C)(C)O)nc2C(=O)N2CCC(F)(F)CC2)c(Cl)c1F)C(F)(F)F;36.0
C=CC[C@H]1C(=O)C(C#N)=C[C@@]2(C)c3nc(-c4ccnc(C5CC5)c4)nc(-c4ccccc4F)c3CC[C@H]12;46.0
CC(C)(O)CNC(=O)c1nc(C(=O)N2CCC(F)(F)CC2)c(-c2ccc(S(=O)(=O)NC(C)(C)CF)c(Cl)c2Cl)s1;28.0
C[C@H](NS(=O)(=O)c1ccc(-c2sc(C(=O)NCC(C)(C)O)nc2C(=O)N2CCC3(CC2)CC3)c(Cl)c1Cl)C(F)(F)F;4.3
CC[C@H](NS(=O)(=O)c1ccc(-c2sc(C(=O)NCCN3CCOCC3)nc2C(=O)N2CCC(F)CC2)c(Cl)c1Cl)C(F)(F)F;33.0
CC(C)N(C(=O)c1nc(C(=O)NCC(C)(C)O)sc1-c1ccc(S(=O)(=O)N[C@@H](C)C(F)(F)F)c(Cl)c1Cl)C(C)C;94.0
CCN(CCC(F)(F)F)C(=O)c1nc(C(=O)NCC(C)(C)O)sc1-c1ccc(S(=O)(=O)N[C@@H](C)C(F)(F)F)c(Cl)c1Cl;17.0
CC[C@H](NS(=O)(=O)c1ccc(-c2sc(C(=O)NCC(C)(C)O)nc2C(=O)N(CC)CC)c(Cl)c1Cl)C(F)(F)F;12.0
CC(C)(O)CNC(=O)c1nc(C(=O)N2CCC(F)CC2)c(-c2ccc(S(=O)(=O)NC3(C)CC3)c(Cl)c2Cl)s1;44.0
CCN(CC(F)(F)F)C(=O)c1nc(C(=O)NCC(C)(C)O)sc1-c1ccc(S(=O)(=O)N[C@@H](C)C(F)(F)F)c(Cl)c1Cl;13.0
CC[C@H](NS(=O)(=O)c1ccc(-c2sc(C(=O)NCC(C)(C)O)nc2C(=O)N2CCC(F)CC2)c(Cl)c1C)C(F)(F)F;13.0
C[C@H](NS(=O)(=O)c1ccc(-c2sc(-c3nnc(CC(C)(C)C(=O)O)o3)nc2CC2CCC2)c2ccccc12)C(F)(F)F;6.0
CCC[C@H]1C(=O)C(C#N)=C[C@@]2(C)c3nc(-c4ccnc(C(F)(F)F)c4)nc(-c4ccccc4F)c3CC[C@H]12;52.0
CC[C@H](NS(=O)(=O)c1ccc(-c2sc(C(=O)NCC(C)(C)O)nc2C(=O)N(CC)CC)c(C(F)F)c1F)C(F)(F)F;36.0
C[C@H]1C[C@H](F)CCN1C(=O)c1nc(C(=O)NCC(C)(C)O)sc1-c1ccc(S(=O)(=O)N[C@@H](C)C(F)(F)F)c(Cl)c1Cl;26.0
CCN(CC)C(=O)c1nc(C(=O)NCC(C)(C)O)sc1-c1ccc(S(=O)(=O)N[C@@H](C)C(F)(F)F)c(Cl)c1Cl;22.0
C[C@H](NS(=O)(=O)c1ccc(-c2sc(C(=O)NCC(C)(C)C#N)nc2C(=O)N2CCC(F)CC2)c(Cl)c1Cl)C(F)(F)F;9.0
CC[C@H](NS(=O)(=O)c1ccc(-c2sc(C(=O)N3CC4(C3)CS(=O)(=O)C4)nc2C(=O)N2CCC(F)CC2)c(Cl)c1Cl)C(F)(F)F;35.0
CCC[C@H]1C(=O)C(C#N)=C[C@@]2(C)c3nc(-c4ccnc(C5CC5)c4)nc(-c4ccccc4F)c3CC[C@H]12;48.25
C[C@H](NS(=O)(=O)c1ccc(-c2sc(C(=O)NCC(C)(C)O)nc2C(=O)N2CCC(F)CC2)c(Cl)c1Cl)C(F)(F)F;28.0
C[C@H](NS(=O)(=O)c1ccc(-c2sc(C(=O)NCC(C)(C)O)nc2C(=O)N2CCC(C)(F)CC2)c(Cl)c1Cl)C(F)(F)F;20.0
C[C@H](NS(=O)(=O)c1ccc(-c2sc(C(=O)NCCC(C)(C)C#N)nc2C(=O)N2CCC(F)CC2)c(Cl)c1Cl)C(F)(F)F;35.0
C[C@H]1CC(F)(F)CN1C(=O)c1nc(C(=O)NCC(C)(C)O)sc1-c1ccc(S(=O)(=O)N[C@@H](C)C(F)(F)F)c(Cl)c1Cl;20.0
CCN(CC(F)F)C(=O)c1nc(C(=O)NCC(C)(C)O)sc1-c1ccc(S(=O)(=O)N[C@@H](C)C(F)(F)F)c(Cl)c1Cl;27.0
CCC[C@H]1C(=O)C(C#N)=C[C@@]2(C)c3nc(-c4ccnc(CF)c4)nc(-c4ccccc4F)c3CC[C@H]12;34.0
CCN(C(=O)c1nc(C(=O)NCC(C)(C)O)sc1-c1ccc(S(=O)(=O)N[C@@H](C)C(F)(F)F)c(Cl)c1Cl)C1CC1;21.0
CC[C@H](NS(=O)(=O)c1ccc(-c2sc(C(=O)NCCC(C)(C)O)nc2C(=O)N2CCC(F)CC2)c(Cl)c1Cl)C(F)(F)F;13.0
CC(C)[C@H](NS(=O)(=O)c1ccc(-c2sc(C(=O)NCC(C)(C)O)nc2C(=O)N2CCC(F)CC2)c(Cl)c1Cl)C(F)(F)F;8.0
CC[C@H](NS(=O)(=O)c1ccc(-c2sc(C(=O)NCC(C)(C)O)nc2C(=O)N2CC(F)(F)C[C@@H]2C)c(C(F)F)c1F)C(F)(F)F;32.0
C[C@H]1CCCN1C(=O)c1nc(C(=O)NCC(C)(C)O)sc1-c1ccc(S(=O)(=O)N[C@@H](C)C(F)(F)F)c(Cl)c1Cl;21.0
CCN(C(=O)c1nc(C(=O)NCC(C)(C)O)sc1-c1ccc(S(=O)(=O)N[C@@H](C)C(F)(F)F)c(Cl)c1Cl)C1CCC1;10.0
CC[C@H](NS(=O)(=O)c1ccc(-c2sc(C(=O)NCC(C)(C)O)nc2C(=O)N2CCC(F)CC2)c(Cl)c1Cl)C(F)(F)F;10.0
C[C@H]1C(=O)C(C#N)=C[C@@]2(C)c3nc(-c4ccnc(CF)c4)nc(-c4ccccc4F)c3CC[C@H]12;54.5
C[C@H](NS(=O)(=O)c1ccc(-c2sc(C(=O)NCC(C)(C)O)nc2C(=O)N2CCCCC2)c(Cl)c1Cl)C(F)(F)F;15.0
C[C@H](NS(=O)(=O)c1ccc(-c2sc(CC(C)(C)C(=O)O)nc2CC2CCC2)c(C(F)(F)F)c1)C(F)(F)F;47.0
C[C@H](NS(=O)(=O)c1ccc(-c2sc(C(=O)NCC(C)(C)O)nc2C(=O)N2CCC(F)(F)CC2)c(Cl)c1Cl)C(F)(F)F;19.0
CC[C@H](NS(=O)(=O)c1ccc(-c2sc(C(=O)NCC(C)(C)O)nc2C(=O)N2CCCC[C@@H]2C)c(C(F)F)c1F)C(F)(F)F;26.0
CCC[C@@]12C=C(C#N)C(=O)[C@H](C)[C@H]1CCc1c(-c3ccccc3F)nc(-c3ccnc(C4CC4)c3)nc12;83.0
CC(C)(O)CNC(=O)c1nc(C(=O)N2CCC(F)CC2)c(-c2ccc(S(=O)(=O)N[C@@H](C(C)(C)C)C(F)(F)F)c(Cl)c2Cl)s1;8.0
CCN(CC(C)C)C(=O)c1nc(C(=O)NCC(C)(C)O)sc1-c1ccc(S(=O)(=O)N[C@@H](C)C(F)(F)F)c(Cl)c1Cl;12.0
C[C@H](NS(=O)(=O)c1ccc(-c2sc(C(=O)NCC(C)(C)O)nc2C(=O)N2CC3CC3C2)c(Cl)c1Cl)C(F)(F)F;36.0
C[C@H]1CC(F)(F)CN1C(=O)c1nc(C(=O)NCC(C)(C)O)sc1-c1ccc(S(=O)(=O)N[C@@H](C)C(F)(F)F)c(F)c1C(F)F;65.0
CCCN(CC)C(=O)c1nc(C(=O)NCC(C)(C)O)sc1-c1ccc(S(=O)(=O)N[C@@H](C)C(F)(F)F)c(Cl)c1Cl;6.0
CCN(C(=O)c1nc(C(=O)NCC(C)(C)O)sc1-c1ccc(S(=O)(=O)N[C@@H](C)C(F)(F)F)c(Cl)c1Cl)C(C)C;16.0
C[C@H](NS(=O)(=O)c1ccc(-c2sc(C(=O)NCC(C)(C)O)nc2C(=O)N2CCC(F)(F)C2)c(Cl)c1Cl)C(F)(F)F;34.0
Cc1cc(-c2nc(-c3ccccc3)c3c(n2)[C@]2(C)C=C(C#N)C(=O)[C@H](C)[C@H]2CCC3)ccn1;72.0
CC[C@H](NS(=O)(=O)c1ccc(-c2sc(CC(C)(C)C(=O)O)nc2CC2CCC2)c(Cl)c1Cl)C(F)(F)F;95.3
C[C@H](NS(=O)(=O)c1ccc(-c2sc(NC(=O)CC(C)(C)O)nc2C(=O)N2CCC(F)CC2)c(Cl)c1Cl)C(F)(F)F;32.0
C[C@H](NS(=O)(=O)c1ccc(-c2sc(C(=O)NCC(C)(C)O)nc2C(=O)N2CCC[C@@H]2CF)c(Cl)c1Cl)C(F)(F)F;44.0
CC[C@H](NS(=O)(=O)c1ccc(-c2sc(C(=O)NC3CCS(=O)(=O)CC3)nc2C(=O)N2CCC(F)CC2)c(Cl)c1Cl)C(F)(F)F;25.0
CC(C)(C)NS(=O)(=O)c1ccc(-c2sc(-c3nnc(C(C)(C)O)o3)nc2CC2CCCCC2)c2ccccc12;13.5
C[C@H]1CCCCN1C(=O)c1nc(C(=O)NCC(C)(C)O)sc1-c1ccc(S(=O)(=O)N[C@@H](C)C(F)(F)F)c(F)c1C(F)F;32.0
C[C@H](NS(=O)(=O)c1ccc(-c2sc(-c3cc(CC(C)(C)C(=O)O)on3)nc2CC2CCC2)c(Cl)c1Cl)C(F)(F)F;8.0
CC[C@H]1CCCN1C(=O)c1nc(C(=O)NCC(C)(C)O)sc1-c1ccc(S(=O)(=O)N[C@@H](C)C(F)(F)F)c(Cl)c1Cl;13.0
C[C@H](NS(=O)(=O)c1ccc(-c2sc(-c3nnc(C(C)(C)O)o3)nc2C(=O)N2CCC(F)(F)CC2)c(Cl)c1Cl)C(F)(F)F;62.0
CCN(C(=O)c1nc(C(=O)NCC(C)(C)O)sc1-c1ccc(S(=O)(=O)N[C@@H](C)C(F)(F)F)c(Cl)c1Cl)C12CC(C1)C2;9.3
C[C@H]1C[C@@H](Oc2cc(Cl)cc(NC(=O)CC(CCC(=O)O)c3ccccc3)c2Cl)CCN1C(=O)C1CCCC1;48.0
CC[C@@H](C)n1c(=O)c(NCc2ccc(S(=O)(=O)CC)cn2)nc2cnc(-c3c(OC)ncnc3C3CC3)nc21;28.0
Cc1c(CN2CCN(C(=O)C3CCCC3)[C@@H](C)C2)cc(F)cc1NC(=O)CC(CCC(=O)O)c1ccccc1;86.0
C[C@H]1CN(Cc2cc(Cl)cc(NC(=O)CC(CCC(=O)O)c3ccccc3)c2Cl)CCN1C(=O)C1CCCC1;29.5
CCS(=O)(=O)c1ccc(CNc2nc3cnc(-c4c(OC)ncnc4C4CC4)nc3n(C(C)C)c2=O)nc1;48.0
CCS(=O)(=O)N1CCC(CNc2nc3cnc(-c4c(C)ncnc4C4CC4)nc3n([C@@H](C)C3CC3)c2=O)CC1;65.5
Cc1c(CN2CCN(C(=O)C3CCCC3)[C@@H](C)C2)cc(F)cc1NC(=O)CCc1ccccc1;83.0
Cc1ncnc(C2CC2)c1-c1ncc2nc(NCc3ccc(S(C)(=O)=O)cn3)c(=O)n([C@@H](C)C3CC3)c2n1;43.0
CCS(=O)(=O)c1ccc(CNc2nc3cnc(-c4c(C)ncnc4C4CC4)nc3n([C@@H](C)C3CC3)c2=O)cn1;28.0
CCS(=O)(=O)c1ccc(OCC(=O)Nc2cc(Cl)c(-c3ccccc3OC(F)(F)F)c(Cl)c2)cc1;99.0
CS(=O)(=O)c1ccc(CNC(=O)Nc2cc(Cl)c(-c3ccccc3OC(F)(F)F)c(Cl)c2)cc1;69.0
CCS(=O)(=O)c1ccc(CNC(=O)Nc2cc(Cl)c(-c3ccccc3OC(F)(F)F)c(Cl)c2)cc1;46.3
Cc1cc(NC(=O)NCc2ccc(C(C)C(=O)O)cc2)cc(Cl)c1-c1ccccc1OC(F)(F)F;81.6
COc1ccccc1NC(=O)c1cc([N+](=O)[O-])ccc1Cl;94.0
O=C(O)Cc1ccc(CNC(=O)Nc2cc(Cl)c(-c3ccccc3OC(F)(F)F)c(Cl)c2)cc1;74.4
CCS(=O)(=O)c1ccc(CNc2nc3cnc(-c4c(C)ncnc4C4CC4)nc3n([C@@H](C)C3CC3)c2=O)nc1;12.0
O=C(Nc1ccccc1C(F)(F)F)c1cc([N+](=O)[O-])ccc1Cl;89.0
CNS(=O)(=O)c1ccc(CNC(=O)Nc2cc(Cl)c(-c3ccccc3OC(F)(F)F)c(Cl)c2)cc1;99.8
Cc1cccc(C)c1NC(=O)c1cc([N+](=O)[O-])ccc1Cl;67.0
O=C(Nc1ccccc1F)c1cc([N+](=O)[O-])ccc1Cl;81.0
CCS(=O)(=O)c1ccc(CNc2nc3cnc(-c4c(OC)ncnc4C4CC4)nc3n([C@H](C3CC3)C(F)(F)F)c2=O)nc1;71.0
CCS(=O)(=O)c1ccc(CCNc2cc(Cl)c(-c3ccccc3OC(F)(F)F)c(Cl)c2)cc1;21.6
Cc1ccccc1NC(=O)c1cc([N+](=O)[O-])ccc1Cl;77.0
CCCS(=O)(=O)c1ccc(CNc2nc3cnc(-c4c(C)ncnc4C4CC4)nc3n([C@@H](C)C3CC3)c2=O)nc1;44.5
