molregno,standard_value_get_mean,standard_units_get_levels,standard_type_get_levels,chembl_id_compound_get_levels,canonical_smiles_get_levels,act_0,act_1,act_2,act_3
92776,79.0,%,Imax,CHEMBL62136,O=S(=O)(c1ccccc1)N(CC(F)(F)F)c1ccc(C(O)(C(F)(F)F)C(F)(F)F)cc1,76.0,82.0,,
201200,69.5,%,Imax,CHEMBL169,C[C@@H]1[C@H]2C3=CC[C@@H]4[C@@]5(C)CC[C@H](O)C(C)(C)[C@@H]5CC[C@@]4(C)[C@]3(C)CC[C@@]2(C(=O)O)CC[C@H]1C,63.0,76.0,,
518480,30.0,%,Imax,CHEMBL462525,C=CCn1c(SCC(=O)Nc2ccc(S(N)(=O)=O)cc2)nnc1-c1ccc(Cl)cc1,30.0,,,
728249,20.0,%,Imax,CHEMBL1304365,CCN1C(=O)c2cccc3c(S(=O)(=O)NCCCN4CCOCC4)ccc1c23,10.0,30.0,,
856686,15.0,%,Imax,CHEMBL1432802,CCN1C(=O)c2cccc3c(S(=O)(=O)Nc4c(C)n(C)n(-c5ccccc5)c4=O)ccc1c23,10.0,20.0,,
866388,40.0,%,Imax,CHEMBL1442504,CCN1C(=O)c2cccc3c(S(=O)(=O)NCc4ccccn4)ccc1c23,40.0,,,
866694,10.0,%,Imax,CHEMBL1442810,Cc1c(C(=O)Nc2ccc(S(N)(=O)=O)cc2)oc2ccc(Cl)cc12,10.0,,,
918411,62.5,%,Imax,CHEMBL1494527,CCN1C(=O)c2cccc3c(S(=O)(=O)N(C(=O)c4ccncc4)c4ccc(OC)cc4)ccc1c23,55.0,70.0,,
1409150,79.0,%,Imax,CHEMBL2137199,OC(c1ccc(-c2ccc(CN3CCN(Cc4ccncc4)CC3)cc2)c(F)c1)(C(F)(F)F)C(F)(F)F,44.0,79.0,95.0,98.0
1613911,107.66666666666667,%,Imax,CHEMBL3105815,CCS(=O)(=O)c1ccc(CC(=O)Nc2nc(-c3cc(Cl)ccc3Cl)cs2)cc1,91.0,116.0,,
1699622,20.0,%,Imax,CHEMBL3210331,C=CCn1c(COc2ccc(Cl)cc2)nnc1SCC(=O)N/N=C/c1cccc(O)c1,10.0,30.0,,
1732533,70.5,%,Imax,CHEMBL3234024,CC1(C)CC(=O)c2c(oc3cc(NS(=O)(=O)c4ccc5c6c(cccc46)C(=O)N5)ccc23)C1,62.0,79.0,,
1732534,52.5,%,Imax,CHEMBL3234025,CCOc1ccc2nc(NS(=O)(=O)c3ccc4c5c(cccc35)C(=O)N4CC)sc2c1,45.0,60.0,,
1732535,10.0,%,Imax,CHEMBL3234026,CCN1C(=O)c2cccc3c(S(=O)(=O)NCc4cc5cc(OC)ccc5[nH]4)ccc1c23,10.0,,,
1732536,33.0,%,Imax,CHEMBL3234027,CCN1C(=O)c2cccc3c(S(=O)(=O)NCc4cc5cc(F)ccc5[nH]4)ccc1c23,32.0,34.0,,
1732537,25.0,%,Imax,CHEMBL3234028,CCN1C(=O)c2cccc3c(S(=O)(=O)NCc4n[nH]c5ccc(C)cc45)ccc1c23,20.0,30.0,,
1732538,30.0,%,Imax,CHEMBL3234029,CCN1C(=O)c2cccc3c(S(=O)(=O)NCc4nc5cc(C(F)(F)F)ccc5n4C)ccc1c23,20.0,40.0,,
1732539,71.0,%,Imax,CHEMBL3234030,CCN1C(=O)c2cccc3c(S(=O)(=O)Nc4cccc5ccncc45)ccc1c23,70.0,72.0,,
1732540,25.0,%,Imax,CHEMBL3234031,CCN1C(=O)c2cccc3c(S(=O)(=O)Nc4ccc5ccccc5c4)ccc1c23,10.0,40.0,,
1732541,15.0,%,Imax,CHEMBL3234032,CCCCCOC(=O)c1c(C)oc2cc(NS(=O)(=O)c3ccc4c5c(cccc35)C(=O)N4)ccc12,10.0,20.0,,
1732542,40.0,%,Imax,CHEMBL3234033,CCN1C(=O)c2cccc3c(S(=O)(=O)Nc4ccc5c(c4)CCN5C(C)=O)ccc1c23,40.0,,,
1732543,65.5,%,Imax,CHEMBL3234034,CCN1C(=O)c2cccc3c(S(=O)(=O)Nc4ccc(N5CCOCC5)cc4)ccc1c23,60.0,71.0,,
1732751,59.0,%,Imax,CHEMBL3234240,O=C1Nc2ccc(S(=O)(=O)Nc3ccc(N4CCOCC4)cc3)c3cccc1c23,54.0,64.0,,
1732752,63.0,%,Imax,CHEMBL3234241,CCN1C(=O)c2cccc3c(S(=O)(=O)NCCN4CCOCC4)ccc1c23,63.0,,,
1732753,30.0,%,Imax,CHEMBL3234242,O=C1Nc2ccc(S(=O)(=O)Nc3ccc(-c4ccccc4)cc3)c3cccc1c23,20.0,40.0,,
1732754,55.5,%,Imax,CHEMBL3234243,CCN1C(=O)c2cccc3c(S(=O)(=O)Nc4cccc(-c5ccccc5)c4)ccc1c23,53.0,58.0,,
1732755,50.0,%,Imax,CHEMBL3234244,CCN1C(=O)c2cccc3c(S(=O)(=O)NC4CCN(Cc5ccccc5)CC4)ccc1c23,50.0,,,
1732756,25.0,%,Imax,CHEMBL3234245,CCN1C(=O)c2cccc3c(S(=O)(=O)Nc4ccccc4C(=O)c4ccccc4)ccc1c23,20.0,30.0,,
1732757,65.0,%,Imax,CHEMBL3234246,O=C1Nc2ccc(S(=O)(=O)Nc3ccc(Oc4ccccc4)cc3)c3cccc1c23,60.0,70.0,,
1732758,56.5,%,Imax,CHEMBL3234247,CCN1C(=O)c2cccc3c(S(=O)(=O)Nc4ccc(/N=N/c5ccccc5)cc4)ccc1c23,54.0,59.0,,
1732759,62.5,%,Imax,CHEMBL3234248,COc1ccc(NC(=O)c2ccc(NS(=O)(=O)c3ccc4c5c(cccc35)C(=O)N4)cc2)cc1,60.0,65.0,,
1732760,79.5,%,Imax,CHEMBL3234249,CCN1C(=O)c2cccc3c(S(=O)(=O)Nc4cccc(NC(=O)OC(C)(C)C)c4)ccc1c23,79.0,80.0,,
1732761,50.0,%,Imax,CHEMBL3234250,CCN1C(=O)c2cccc3c(S(=O)(=O)NC4CCN(C(=O)OC(C)(C)C)CC4)ccc1c23,50.0,,,
1732762,69.5,%,Imax,CHEMBL3234251,CCN1C(=O)c2cccc3c(S(=O)(=O)Nc4ccc(C(C)=O)cc4)ccc1c23,64.0,75.0,,
1732763,58.5,%,Imax,CHEMBL3234252,CCN1C(=O)c2cccc3c(S(=O)(=O)NC4CCN(C(C)=O)CC4)ccc1c23,44.0,73.0,,
1732764,35.5,%,Imax,CHEMBL3234253,CCN1C(=O)c2cccc3c(S(=O)(=O)NCC4CCN(C(C)=O)CC4)ccc1c23,27.0,44.0,,
1732765,20.0,%,Imax,CHEMBL3234254,CCN1C(=O)c2cccc3c(S(=O)(=O)Nc4ccccc4C(C)=O)ccc1c23,10.0,30.0,,
1732766,64.5,%,Imax,CHEMBL3234255,CCN1C(=O)c2cccc3c(S(=O)(=O)Nc4cccc(C(C)=O)c4)ccc1c23,62.0,67.0,,
1732767,66.0,%,Imax,CHEMBL3234256,CCN1C(=O)c2cccc3c(S(=O)(=O)Nc4ccc(NC(C)=O)cc4)ccc1c23,65.0,67.0,,
1732768,67.5,%,Imax,CHEMBL3234257,CCN1C(=O)c2cccc3c(S(=O)(=O)Nc4ccccc4C(C)(C)C)ccc1c23,65.0,70.0,,
1732769,15.0,%,Imax,CHEMBL3234258,CCN1C(=O)c2cccc3c(S(=O)(=O)Nc4cccc(C(C)(C)C)c4)ccc1c23,10.0,20.0,,
1732770,71.5,%,Imax,CHEMBL3234259,CCN1C(=O)c2cccc3c(S(=O)(=O)Nc4ccc(OC)c(OC)c4)ccc1c23,71.0,72.0,,
1732771,30.0,%,Imax,CHEMBL3234260,CCN1C(=O)c2cccc3c(S(=O)(=O)NCc4ccc(OC)cc4)ccc1c23,30.0,,,
1732772,10.0,%,Imax,CHEMBL3234261,CCN1C(=O)c2cccc3c(S(=O)(=O)Nc4cc(C(N)=O)ccc4OC)ccc1c23,10.0,,,
1732773,64.5,%,Imax,CHEMBL3234262,CCN1C(=O)c2cccc3c(S(=O)(=O)NCc4nc(C)cc(C(F)(F)F)n4)ccc1c23,62.0,67.0,,
1732774,59.5,%,Imax,CHEMBL3234263,CCN1C(=O)c2cccc3c(S(=O)(=O)NCc4cc(Cl)ccc4Cl)ccc1c23,53.0,66.0,,
1732775,45.0,%,Imax,CHEMBL3234264,CCN1C(=O)c2cccc3c(S(=O)(=O)NCc4ccccc4Cl)ccc1c23,40.0,50.0,,
1732776,35.0,%,Imax,CHEMBL3234265,CCN1C(=O)c2cccc3c(S(=O)(=O)NCc4ccc(F)c(Cl)c4)ccc1c23,30.0,40.0,,
1732777,10.0,%,Imax,CHEMBL3234266,Nc1nonc1-c1nc2ccccc2n1CC(=O)N/N=C/c1cn(Cc2ccc(Cl)cc2Cl)c2ccccc12,10.0,,,
1732778,30.0,%,Imax,CHEMBL3234267,COc1ccc(-c2nnc(SCC(=O)NCCc3ccc(S(N)(=O)=O)cc3)nc2-c2ccc(OC)cc2)cc1,20.0,40.0,,
1732779,15.0,%,Imax,CHEMBL3234268,CC(=O)c1ccc(NC(=O)[C@@H](C)Sc2nnc(CNc3cccc(C(F)(F)F)c3)n2-c2ccccc2)cc1,10.0,20.0,,
1732780,10.0,%,Imax,CHEMBL3234269,COC(=O)c1c(NC(=O)c2cc3nc(-c4ccc(C)c(C)c4)cc(C(F)(F)F)n3n2)sc(C(N)=O)c1C,10.0,,,
1732781,15.0,%,Imax,CHEMBL3234270,Cc1cc(/C=C2\SC(=O)N(C(C)c3ccccc3C#N)C2=O)c(C)n1-c1ccc(S(N)(=O)=O)cc1,10.0,20.0,,
1732782,25.0,%,Imax,CHEMBL3234271,NS(=O)(=O)c1ccc(-c2ccc(/C=C3/C(=O)N(c4ccc(S(N)(=O)=O)cc4)NC3C(F)(F)F)o2)cc1,20.0,30.0,,
1732783,10.0,%,Imax,CHEMBL3234272,NC(=O)c1ccc(NC(=O)c2cccc(COc3ccc(Cl)cc3)c2)cc1,10.0,,,
1732784,15.0,%,Imax,CHEMBL3234273,NS(=O)(=O)c1ccc(NC(=O)c2ccc(COc3ccccc3Cl)o2)cc1,10.0,20.0,,
1732785,10.0,%,Imax,CHEMBL3234274,COc1ccc(/C=N/c2ccc(-c3ccc(/N=C/c4ccc(OC)c(O)c4)c(C)c3)cc2C)cc1O,10.0,,,
1732786,20.0,%,Imax,CHEMBL3234275,COc1cc(/C=C2/N=C(SCC(=O)Nc3ccc(S(N)(=O)=O)cc3)N(c3ccccc3)C2=O)cc(OC)c1OC,10.0,30.0,,
1732787,15.0,%,Imax,CHEMBL3234276,COc1cc(CNn2nnnc2N)cc(Cl)c1OCc1ccccc1F,10.0,20.0,,
1732788,10.0,%,Imax,CHEMBL3234277,CCC(C)(C)C1CCc2nc3sc(C(=O)Nc4ccc(S(N)(=O)=O)cc4)c(N)c3cc2C1,10.0,,,
1732789,10.0,%,Imax,CHEMBL3234278,C=CCn1c(CCCN2C(=O)c3cccc4cccc(c34)C2=O)nnc1SCC(=O)Nc1ccc(S(N)(=O)=O)cc1,10.0,,,
1732790,10.0,%,Imax,CHEMBL3234279,COc1cccc2c1C(=O)c1c(O)c3c(c(O)c1C2=O)C[C@@](O)(C(=O)COC(C)=O)C[C@@H]3O,10.0,,,
1732791,10.0,%,Imax,CHEMBL3234280,CCCC1CC(=O)Oc2cc(OCC(=O)Nc3ccc(S(N)(=O)=O)cc3)c(Cl)cc21,10.0,,,
1732792,10.0,%,Imax,CHEMBL3234281,Cc1c(CCC(=O)N2CCC(C(N)=O)CC2)c(=O)oc2cc3occ(-c4ccc(F)cc4)c3cc12,10.0,,,
1732793,10.0,%,Imax,CHEMBL3234282,NS(=O)(=O)c1ccc(CCNCc2ccc(OCc3ccccc3Cl)cc2)cc1,10.0,,,
1732794,10.0,%,Imax,CHEMBL3234283,NS(=O)(=O)c1ccc(CCNCc2ccc(-c3cccc(Cl)c3)o2)cc1,10.0,,,
1732795,10.0,%,Imax,CHEMBL3234284,Oc1cccc([C@@H](O)CNCc2ccc(OCc3ccc(Cl)cc3Cl)cc2)c1,10.0,,,
1732796,46.0,%,Imax,CHEMBL3234285,CCN1C(=O)c2cccc3c(S(=O)(=O)Nc4cccc(S(N)(=O)=O)c4)ccc1c23,42.0,50.0,,
1780730,85.5,%,Imax,CHEMBL3314014,CCS(=O)(=O)c1ccc(CC(=O)Nc2nc(-c3cccc(C#N)c3)c(Oc3ccc(Cl)cc3C(F)(F)F)s2)cc1,61.0,110.0,,
1780732,98.0,%,Imax,CHEMBL3314016,CCS(=O)(=O)c1ccc(CC(=O)Nc2ccc(-c3ccccc3OC(F)(F)F)c(Cl)c2)cc1,98.0,,,
1780733,107.0,%,Imax,CHEMBL3314017,CCS(=O)(=O)c1ccc(CC(=O)Nc2cc(Cl)c(-c3ccccc3OC(F)F)c(Cl)c2)cc1,107.0,,,
1780734,120.0,%,Imax,CHEMBL3314018,CCS(=O)(=O)c1ccc(CC(=O)Nc2cccc(-c3cc(Cl)ccc3Cl)c2)cc1,120.0,,,
1780747,176.0,%,Imax,CHEMBL3314031,CCn1c2ccccc2c2cc(NC(=O)CC(C)CC(=O)Nc3ccc(C#N)c(Cl)c3)ccc21,176.0,,,
1958122,68.5,%,Imax,CHEMBL3605077,CCS(=O)(=O)c1ccc(CC(=O)Nc2nc(-c3cc(Cl)ccc3Cl)c(C)s2)cc1,58.0,79.0,,
1958123,95.5,%,Imax,CHEMBL3605078,CCc1sc(NC(=O)Cc2ccc(S(=O)(=O)CC)cc2)nc1-c1cc(Cl)ccc1Cl,76.0,115.0,,
1958124,56.0,%,Imax,CHEMBL3605079,CCS(=O)(=O)c1ccc(CC(=O)Nc2nc(-c3cc(Cl)ccc3Cl)c(-c3ccccc3)s2)cc1,56.0,,,
1958125,46.0,%,Imax,CHEMBL3605080,CCS(=O)(=O)c1ccc(CC(=O)Nc2nc(-c3ccccc3)c(-c3ccccc3)s2)cc1,46.0,,,
1958126,85.0,%,Imax,CHEMBL3605081,CCS(=O)(=O)c1ccc(CC(=O)Nc2nc(-c3ccccc3)c(Oc3ccccc3Cl)s2)cc1,58.0,112.0,,
1958127,76.5,%,Imax,CHEMBL3605082,CCS(=O)(=O)c1ccc(CC(=O)Nc2nc(-c3ccccc3)c(Oc3ccccc3C(F)(F)F)s2)cc1,52.0,101.0,,
1958128,49.0,%,Imax,CHEMBL3605083,CCS(=O)(=O)c1ccc(CC(=O)Nc2nc(-c3ccccc3)c(Oc3ccccc3OC)s2)cc1,49.0,,,
1958129,61.0,%,Imax,CHEMBL3605084,CCS(=O)(=O)c1ccc(CC(=O)Nc2nc(-c3ccccc3)c(Oc3ccc(Cl)cc3)s2)cc1,31.0,91.0,,
1958130,88.5,%,Imax,CHEMBL3605085,CCS(=O)(=O)c1ccc(CC(=O)Nc2nc(-c3ccccc3)c(Oc3ccc(C(F)(F)F)cc3)s2)cc1,60.0,117.0,,
1958131,71.0,%,Imax,CHEMBL3605086,CCS(=O)(=O)c1ccc(CC(=O)Nc2nc(-c3ccccc3)c(Oc3ccc(OC)cc3)s2)cc1,45.0,97.0,,
1958132,86.0,%,Imax,CHEMBL3605087,CCS(=O)(=O)c1ccc(CC(=O)Nc2nc(-c3ccc(Cl)cc3)c(Oc3ccccc3)s2)cc1,57.0,115.0,,
1958133,79.0,%,Imax,CHEMBL3605088,CCS(=O)(=O)c1ccc(CC(=O)Nc2nc(-c3cccc(Cl)c3)c(Oc3ccccc3)s2)cc1,52.0,106.0,,
1958134,80.0,%,Imax,CHEMBL3605089,CCS(=O)(=O)c1ccc(CC(=O)Nc2nc(-c3cccc(Cl)c3)c(Oc3ccccc3C(F)(F)F)s2)cc1,53.0,107.0,,
1958135,69.0,%,Imax,CHEMBL3605090,CCS(=O)(=O)c1ccc(CC(=O)Nc2nc(-c3cccc(C#N)c3)c(Oc3ccccc3C(F)(F)F)s2)cc1,40.0,98.0,,
1958136,102.5,%,Imax,CHEMBL3605091,CCS(=O)(=O)c1ccc(CC(=O)Nc2nc(-c3cccc(CN(C)C)c3)c(Oc3ccccc3C(F)(F)F)s2)cc1.O=C(O)C(F)(F)F,85.0,120.0,,
1958137,95.0,%,Imax,CHEMBL3605092,CCS(=O)(=O)c1ccc(CC(=O)Nc2nc(-c3cccc(C#N)c3)c(Oc3ccc(C(F)(F)F)cc3Cl)s2)cc1,79.0,111.0,,
1960244,80.0,%,Imax,CHEMBL3609381,CCS(=O)(=O)c1ccc(CC(=O)Nc2nc(-c3cc(Cl)ccc3Cl)co2)cc1,80.0,,,
1960245,105.0,%,Imax,CHEMBL3609382,CCS(=O)(=O)c1ccc(CC(=O)Nc2csc(-c3cc(Cl)ccc3Cl)n2)cc1,105.0,,,
1960246,116.0,%,Imax,CHEMBL3609383,CCS(=O)(=O)c1ccc(CC(=O)Nc2cc(-c3cc(Cl)ccc3Cl)cs2)cc1,116.0,,,
1960248,120.0,%,Imax,CHEMBL3609385,CCS(=O)(=O)c1ccc(CC(=O)Nc2ccc(-c3cc(Cl)ccc3Cl)s2)cc1,120.0,,,
1960251,107.0,%,Imax,CHEMBL3609388,CCS(=O)(=O)c1ccc(CC(=O)Nc2ccc(-c3cc(Cl)ccc3Cl)cc2)cc1,107.0,,,
1960252,90.0,%,Imax,CHEMBL3609389,CCS(=O)(=O)c1ccc(CC(=O)Nc2ccc(-c3ccccc3)cc2)cc1,90.0,,,
1960253,109.0,%,Imax,CHEMBL3609390,CCS(=O)(=O)c1ccc(CC(=O)Nc2ccc(-c3ccccc3)c(Cl)c2)cc1,109.0,,,
1960254,100.0,%,Imax,CHEMBL3609391,CCS(=O)(=O)c1ccc(CC(=O)Nc2ccc(-c3ccccc3Cl)c(Cl)c2)cc1,100.0,,,
1960255,106.0,%,Imax,CHEMBL3609392,CCS(=O)(=O)c1ccc(CC(=O)Nc2ccc(-c3ccccc3C(F)(F)F)c(Cl)c2)cc1,106.0,,,
1960256,120.0,%,Imax,CHEMBL3609393,CCS(=O)(=O)c1ccc(CC(=O)Nc2ccc(-c3ccccc3OC(C)C)c(Cl)c2)cc1,120.0,,,
1960257,117.0,%,Imax,CHEMBL3609394,CCS(=O)(=O)c1ccc(CC(=O)Nc2ccc(-c3ccccc3CN(C)C)c(Cl)c2)cc1,117.0,,,
1960258,106.0,%,Imax,CHEMBL3609395,CCS(=O)(=O)c1ccc(CC(=O)Nc2ccc(-c3ncccc3C(F)(F)F)c(Cl)c2)cc1,106.0,,,
1960259,115.0,%,Imax,CHEMBL3609396,CCS(=O)(=O)c1ccc(CC(=O)Nc2ccc(-c3cccn3C)c(Cl)c2)cc1,115.0,,,
1960260,113.0,%,Imax,CHEMBL3609397,CCS(=O)(=O)c1ccc(CC(=O)Nc2ccc(-c3ccccc3OC(F)(F)F)cc2)cc1,113.0,,,
1960261,106.0,%,Imax,CHEMBL3609398,CCS(=O)(=O)c1ccc(CC(=O)Nc2ccc(-c3ccccc3OC(F)(F)F)nc2)cc1,106.0,,,
1960262,112.0,%,Imax,CHEMBL3609399,CCS(=O)(=O)c1ccc(CC(=O)Nc2ccc(-c3ccccc3OC(F)(F)F)c(C)c2)cc1,112.0,,,
1960263,113.0,%,Imax,CHEMBL3609400,CCS(=O)(=O)c1ccc(CC(=O)Nc2ccc(-c3ccccc3OC(F)(F)F)c(C(F)(F)F)c2)cc1,113.0,,,
1960264,101.0,%,Imax,CHEMBL3609401,CCS(=O)(=O)c1ccc(CC(=O)Nc2ccc(-c3ccccc3OC(F)(F)F)c(C(C)=O)c2)cc1,101.0,,,
1960265,68.0,%,Imax,CHEMBL3609402,CCS(=O)(=O)c1ccc(CC(=O)Nc2ccc(-c3ccccc3OC(F)(F)F)c(C(=O)O)c2)cc1,68.0,,,
1960266,96.0,%,Imax,CHEMBL3609403,CCS(=O)(=O)c1ccc(CC(=O)Nc2ccc(-c3ccccc3OC(F)(F)F)c(-c3ccno3)c2)cc1,96.0,,,
1960267,112.0,%,Imax,CHEMBL3609404,CCS(=O)(=O)c1ccc(CC(=O)Nc2ccc(-c3ccccc3OC(F)(F)F)c(-c3cncnc3)c2)cc1,112.0,,,
1960268,96.0,%,Imax,CHEMBL3609405,CCS(=O)(=O)c1ccc(CC(=O)Nc2cc(Cl)c(-c3ccccc3OC(F)(F)F)c(C#N)c2)cc1,96.0,,,
1960269,93.0,%,Imax,CHEMBL3609406,CCS(=O)(=O)c1ccc(CC(=O)Nc2cc(C)c(-c3ccccc3OC(F)(F)F)c(Cl)c2)cc1,93.0,,,
1960270,112.0,%,Imax,CHEMBL3609407,CCS(=O)(=O)c1ccc(CC(=O)Nc2cc(Cl)c(-c3ccccc3OC(F)(F)F)c(Cl)c2)cc1,97.0,127.0,,
1960271,96.0,%,Imax,CHEMBL3609408,CS(=O)(=O)c1ccc(CC(=O)Nc2cc(Cl)c(-c3ccccc3OC(F)(F)F)c(Cl)c2)cc1,96.0,,,
1960272,108.0,%,Imax,CHEMBL3609409,NS(=O)(=O)c1ccc(CC(=O)Nc2cc(Cl)c(-c3ccccc3OC(F)(F)F)c(Cl)c2)cc1,108.0,,,
1960273,94.0,%,Imax,CHEMBL3609410,CCS(=O)(=O)c1ccc(CC(=O)Nc2cc(Cl)c(-c3ccccc3C#N)c(Cl)c2)cc1,94.0,,,
1960274,96.0,%,Imax,CHEMBL3609411,CCS(=O)(=O)c1ccc(CC(=O)Nc2cc(Cl)c(-c3ccc(F)cc3C#N)c(Cl)c2)cc1,96.0,,,
1960275,101.0,%,Imax,CHEMBL3609412,CS(=O)(=O)c1ccc(CC(=O)Nc2ccc(-c3ccc(Cl)cc3OC(F)(F)F)c(F)c2)cc1,101.0,,,
1960276,92.0,%,Imax,CHEMBL3609413,Cc1cc(NC(=O)Cc2ccc(S(C)(=O)=O)cc2)ccc1-c1ccc(Cl)cc1OC(F)(F)F,92.0,,,
1960277,98.0,%,Imax,CHEMBL3609414,CS(=O)(=O)c1ccc(CC(=O)Nc2ccc(-c3ccc(Cl)cc3OC(F)(F)F)c(Cl)c2)cc1,98.0,,,
1960278,99.0,%,Imax,CHEMBL3609415,CCS(=O)(=O)c1ccc(CC(=O)Nc2ccc(-c3ccc(Cl)cc3OC(F)(F)F)c(Cl)c2)cc1,99.0,,,
2082448,57.5,%,Imax,CHEMBL3797260,Cc1ccc(S(=O)(=O)N(CC(=O)Nc2ccc(F)cc2F)c2cccc(C(F)(F)F)c2)cc1,54.0,61.0,,
2082449,61.5,%,Imax,CHEMBL3798394,Cc1ccc(S(=O)(=O)N(CC(=O)O)c2cccc(C(F)(F)F)c2)cc1,35.0,88.0,,
2082450,51.5,%,Imax,CHEMBL3797522,Cc1ccc(S(=O)(=O)N(CC(=O)Nc2nc(C)cs2)c2cccc(C(F)(F)F)c2)cc1,26.0,77.0,,
2082451,37.0,%,Imax,CHEMBL3797861,Cc1ccc(S(=O)(=O)N(CC(=O)Nc2ccc(OCc3ccccc3)cc2)c2cccc(C(F)(F)F)c2)cc1,37.0,,,
2082452,69.0,%,Imax,CHEMBL3799931,Cc1ccc(S(=O)(=O)N(CC(=O)NCc2ccc(F)cc2)c2cccc(C(F)(F)F)c2)cc1,64.0,74.0,,
2082453,76.0,%,Imax,CHEMBL3797484,CC(=O)N1CCN(C(=O)CN(c2cccc(C(F)(F)F)c2)S(=O)(=O)c2ccc(C)cc2)CC1,67.0,85.0,,
2082454,27.0,%,Imax,CHEMBL3798965,Cc1ccc(S(=O)(=O)N(CC(=O)NC2CCCCC2)c2cccc(C(F)(F)F)c2)cc1,27.0,,,
2082456,86.0,%,Imax,CHEMBL3798836,Cc1ccc(S(=O)(=O)N(CC(=O)NCc2ccc(O)cc2)c2cccc(C(F)(F)F)c2)cc1,74.0,98.0,,
2082457,83.0,%,Imax,CHEMBL3799866,Cc1ccc(S(=O)(=O)N(CC(=O)NCc2ccncc2)c2cccc(C(F)(F)F)c2)cc1,67.0,99.0,,
2082458,68.0,%,Imax,CHEMBL3800363,Cc1ccc(CNC(=O)CN(c2cccc(C(F)(F)F)c2)S(=O)(=O)c2ccc(C)cc2)cc1,68.0,,,
2082459,56.0,%,Imax,CHEMBL3799245,COC(=O)c1ccc(CNC(=O)CN(c2cccc(C(F)(F)F)c2)S(=O)(=O)c2ccc(C)cc2)cc1,56.0,,,
2082460,71.0,%,Imax,CHEMBL3798227,Cc1ccc(S(=O)(=O)N(CC(=O)Nc2ccc(F)cc2)c2cccc(C(F)(F)F)c2)cc1,50.0,92.0,,
2082461,69.0,%,Imax,CHEMBL3798627,COC(=O)c1ccc(NC(=O)CN(c2cccc(C(F)(F)F)c2)S(=O)(=O)c2ccc(C)cc2)cc1,55.0,83.0,,
2082462,27.5,%,Imax,CHEMBL3800387,COC(=O)c1ccccc1NC(=O)CN(c1cccc(C(F)(F)F)c1)S(=O)(=O)c1ccc(C)cc1,23.0,32.0,,
2082463,40.0,%,Imax,CHEMBL3798358,COC(=O)c1cccc(NC(=O)CN(c2cccc(C(F)(F)F)c2)S(=O)(=O)c2ccc(C)cc2)c1,40.0,,,
2082464,89.0,%,Imax,CHEMBL3799459,Cc1ccc(S(=O)(=O)N(CC(=O)Nc2cccc(C(=O)O)c2)c2cccc(C(F)(F)F)c2)cc1,89.0,,,
2082465,85.5,%,Imax,CHEMBL3799786,Cc1ccc(S(=O)(=O)N(CC(=O)Nc2ccc(C#N)cc2)c2cccc(C(F)(F)F)c2)cc1,73.0,98.0,,
2082466,81.5,%,Imax,CHEMBL3800071,Cc1ccc(S(=O)(=O)N(CC(=O)Nc2ccc(C(N)=O)cc2)c2cccc(C(F)(F)F)c2)cc1,64.0,99.0,,
2082467,65.5,%,Imax,CHEMBL3798862,CC(=O)c1ccc(NC(=O)CN(c2cccc(C(F)(F)F)c2)S(=O)(=O)c2ccc(C)cc2)cc1,65.0,66.0,,
2082468,91.0,%,Imax,CHEMBL3797968,Cc1ccc(S(=O)(=O)N(CC(=O)Nc2ccc(O)cc2)c2cccc(C(F)(F)F)c2)cc1,83.0,99.0,,
2082470,59.5,%,Imax,CHEMBL3799613,COc1ccc(NC(=O)CN(c2cccc(C(F)(F)F)c2)S(=O)(=O)c2ccc(C)cc2)cc1OC,46.0,73.0,,
2082471,48.0,%,Imax,CHEMBL3799700,Cc1ccc(S(=O)(=O)N(CC(=O)Nc2ccc(C(O)(C(F)(F)F)C(F)(F)F)cc2)c2cccc(C(F)(F)F)c2)cc1,18.0,78.0,,
2082472,76.5,%,Imax,CHEMBL3800208,Cc1ccc(S(=O)(=O)N(CC(=O)Nc2ccc(C#N)cc2)c2ccc(C(F)(F)F)cc2)cc1,57.0,96.0,,
2082473,78.5,%,Imax,CHEMBL3798333,Cc1ccc(S(=O)(=O)N(CC(=O)Nc2ccc(C#N)cc2)c2ccc(C#N)cc2)cc1,70.0,87.0,,
2082474,76.0,%,Imax,CHEMBL3798928,Cc1ccc(S(=O)(=O)N(CC(=O)Nc2ccc(C#N)cc2)c2ccc(F)cc2)cc1,63.0,89.0,,
2082475,78.0,%,Imax,CHEMBL3799398,Cc1ccc(S(=O)(=O)N(CC(=O)Nc2ccc(C#N)cc2)c2ccc(Cl)c(Cl)c2)cc1,58.0,98.0,,
2082476,81.0,%,Imax,CHEMBL3800238,Cc1ccc(N(CC(=O)Nc2ccc(C#N)cc2)S(=O)(=O)c2ccc(F)cc2)cc1,71.0,91.0,,
2082477,78.5,%,Imax,CHEMBL3797671,Cc1ccc(N(CC(=O)Nc2ccc(C#N)cc2)S(=O)(=O)Cc2ccc(F)cc2)cc1,78.0,79.0,,
2082478,71.0,%,Imax,CHEMBL3798354,Cc1ccc(N(CC(=O)Nc2ccc(C#N)cc2)S(=O)(=O)Cc2ccccc2)cc1,71.0,,,
2280625,152.0,%,Imax,CHEMBL4202474,CCn1c(C)c(C)c2cc(C(=O)NCc3ccc(S(=O)(=O)CC)cc3)ccc21,152.0,,,
2281153,93.0,%,Imax,CHEMBL4203002,CCS(=O)(=O)c1ccc(CNC(=O)c2ccc3[nH]c4ccccc4c3c2)cc1,93.0,,,
2284286,161.0,%,Imax,CHEMBL4206135,CCn1c2ccc(Cl)cc2c2cc(C(=O)NCc3ccc(S(=O)(=O)CC)cc3)ccc21,161.0,,,
2284802,112.0,%,Imax,CHEMBL4206651,CCn1c2ccc(C)cc2c2cc(C(=O)NCc3ccc(S(=O)(=O)CC)cc3)ccc21,112.0,,,
2285509,141.0,%,Imax,CHEMBL4207358,CCn1c2c(c3cc(C(=O)NCc4ccc(S(=O)(=O)CC)cc4)ccc31)CCC2,141.0,,,
2285946,126.0,%,Imax,CHEMBL4207795,CCS(=O)(=O)c1ccc(CNC(=O)c2ccc3c(c2)c2ccccc2n3C(C)C)cc1,126.0,,,
2287728,103.0,%,Imax,CHEMBL4209577,CCn1c2ccc(C(=O)NCc3ccc(S(=O)(=O)CC)cc3)cc2c2ncccc21,103.0,,,
2287810,134.0,%,Imax,CHEMBL4209659,CCn1ccc2cc(C(=O)NCc3ccc(S(=O)(=O)CC)cc3)ccc21,134.0,,,
2288260,61.0,%,Imax,CHEMBL4210109,CCn1c2ccccc2c2cc(NC(=O)CNC(=O)Cc3ccc(S(=O)(=O)CC)cc3)ccc21,61.0,,,
2289176,149.0,%,Imax,CHEMBL4211025,CCn1c2ccc(F)cc2c2cc(C(=O)NCc3ccc(S(=O)(=O)CC)cc3)ccc21,149.0,,,
2289750,158.0,%,Imax,CHEMBL4211599,CCn1c2ccccc2c2cc(C(=O)NCc3ccc(S(=O)(=O)CC)cn3)ccc21,158.0,,,
2289869,151.0,%,Imax,CHEMBL4211718,CCn1c2c(c3cc(C(=O)NCc4ccc(S(=O)(=O)CC)cc4)ccc31)CCCC2,151.0,,,
2290845,115.0,%,Imax,CHEMBL4212694,CCS(=O)(=O)c1ccc(CNC(=O)c2ccc3c(c2)c2ccccc2n3CC2CC2)cc1,115.0,,,
2290949,150.0,%,Imax,CHEMBL4212798,CCCn1c2ccccc2c2cc(C(=O)NCc3ccc(S(=O)(=O)CC)cc3)ccc21,150.0,,,
2291138,156.0,%,Imax,CHEMBL4212987,CCn1c2ccccc2c2cc(NC(=O)Cc3ccc(S(=O)(=O)CC)cc3)ccc21,156.0,,,
2291165,161.0,%,Imax,CHEMBL4213014,CCn1c2ccccc2c2cc(C(=O)NCc3ccc(S(=O)(=O)NC)cc3)ccc21,161.0,,,
2292129,82.0,%,Imax,CHEMBL4213978,CCS(=O)(=O)c1ccc(CNC(=O)c2ccc3c(c2)c2ccccc2n3CC2CCC2)cc1,82.0,,,
2292638,32.0,%,Imax,CHEMBL4214487,CCS(=O)(=O)c1ccc(CNC(=O)c2ccc3c(c2)c2ccccc2n3CC2CCCCC2)cc1,32.0,,,
2293182,61.0,%,Imax,CHEMBL4215031,CCn1c2ccccc2c2cc(NC(=O)NCc3ccc(S(=O)(=O)CC)cc3)ccc21,61.0,,,
2294720,140.0,%,Imax,CHEMBL4216569,CCS(=O)(=O)c1ccc(CNC(=O)c2ccc3c(c2)c2ccccc2n3C)cc1,140.0,,,
2294903,153.0,%,Imax,CHEMBL4216752,CCn1c2ccccc2c2cc(C(=O)NCc3ccc(S(=O)(=O)CC)cc3)ccc21,153.0,,,
2296098,169.0,%,Imax,CHEMBL4217947,CCCS(=O)(=O)c1ccc(CNC(=O)c2ccc3c(c2)c2ccccc2n3CC)cc1,169.0,,,
2296530,167.0,%,Imax,CHEMBL4218379,CCn1c2ccccc2c2cc(C(=O)NCc3ccc(S(C)(=O)=O)cc3)ccc21,167.0,,,
2297055,91.0,%,Imax,CHEMBL4218904,CCS(=O)(=O)c1ccc(CNC(=O)c2ccc3c(c2)c2ccccc2n3CC(C)C)cc1,91.0,,,
2318354,90.0,%,Imax,CHEMBL4278903,CC(C)C(=O)N1CCC(c2cn(C)c3ncc(NC(=O)c4cccc(C#N)c4)c(C(F)(F)F)c23)CC1,90.0,,,
2323319,96.0,%,Imax,CHEMBL4283871,N#Cc1cccc(C(=O)Nc2ccc3[nH]cc(C4CCN(C(=O)C5CCCC5)CC4)c3c2)c1,96.0,,,
2331175,90.0,%,Imax,CHEMBL4291727,Cn1cc(C2CCN(C(=O)C3CCCC3)CC2)c2cc(NC(=O)c3cccc(C#N)c3)ccc21,90.0,,,
