,SMILES,target
1,ClCC(Cl)(Cl)Cl,-2.18
2,CC(Cl)(Cl)Cl,-2
3,ClC(Cl)C(Cl)Cl,-1.74
4,ClCC(Cl)Cl,-1.48
5,FC(F)(Cl)C(F)(Cl)Cl,-3.04
6,CC(Cl)Cl,-1.29
7,ClC(=C)Cl,-1.64
8,CCOC(C)OCC,-0.43
9,Clc1ccc(Cl)c(Cl)c1Cl,-4.57
10,C1CCc2ccccc2C1,-4.37
11,Clc1cc(Cl)c(Cl)c(Cl)c1,-4.63
12,Clc1cccc(Cl)c1Cl,-4
13,Cc1cccc(C)c1C,-3.2
14,Brc1cc(Br)c(Br)cc1Br,-6.98
15,Clc1cc(Cl)c(Cl)cc1Cl,-5.56
16,Cc1cc(C)c(C)cc1C,-4.59
17,c1(Br)c(Br)cc(Br)cc1,-4.5
18,Clc1ccc(Cl)c(Cl)c1,-3.59
19,Cc1ccc(C)c(C)c1,-3.31
20,Oc1ccccc1O,0.62
21,Brc1ccccc1Br,-3.5
22,BrCCBr,-1.68
23,Clc1ccccc1Cl,-3.05
24,ClCCCl,-1.06
25,CC(Cl)CCl,-1.6
26,FC(F)(Cl)C(F)(F)Cl,-2.74
27,CCOCCOCC,-0.77
28,CCc1ccccc1CC,-3.28
29,O=N(=O)c1ccccc1N(=O)=O,-3.1
30,CC1CO1,-0.59
31,Brc1cc(Br)cc(Br)c1,-5.6
32,Clc1cc(Cl)cc(Cl)c1,-4.48
33,Cc1cc(C)cc(C)c1,-3.4
34,O=N(=O)c1cc(cc(c1)N(=O)=O)N(=O)=O,-2.89
35,Oc1cccc(O)c1,0.81
36,C=CC=C,-1.87
37,Brc1cccc(Br)c1,-3.54
38,Clc1cccc(Cl)c1,-3.04
39,ClCCCCl,-1.62
40,CCNC(=S)NCC,-1.46
41,Fc1cccc(F)c1,-2
42,Cc1cc(C)c2ccccc2c1,-4.29
43,O=N(=O)c1cccc(c1)N(=O)=O,-2.29
44,Oc1ccc(O)cc1,-0.17
45,C1C=CCC=C1,-2.06
46,Brc1ccc(Br)cc1,-4.07
47,Clc1ccc(Cl)cc1,-3.27
48,CCc1ccc(CC)cc1,-3.75
49,Fc1ccc(F)cc1,-1.97
50,Cc1ccc(C)c2ccccc12,-4.14
51,O=N(=O)c1ccc(cc1)N(=O)=O,-3.39
52,C=CCC=C,-2.09
53,Cc1cccc2c(C)cccc12,-4.679
54,C=CCCC=C,-2.68
55,c1cnc2c(c1)ccc3ncccc23,-2.68
56,CC12CCC(CC1)C(C)(C)O2,-1.74
57,CC1(O)CCC2C3CCC4=CC(=O)CCC4(C)C3CCC21C,-3.999
58,Nc2cccc3nc1ccccc1cc23 ,-4.22
59,CC(C)CBr,-2.43
60,CCCCBr,-2.37
61,CCCCCCCBr,-4.43
62,CCCCCCBr,-3.81
63,Brc1cccc2ccccc12,-4.35
64,CCCCCCCCBr,-5.06
65,CCCCCBr,-3.08
66,CCCBr,-1.73
67,CCCCO,0
68,CCC=C,-1.94
69,CCC#C,-1.24
70,ClCCBr,-1.32
71,ClCC(C)C,-2
72,CCCCCl,-2.03
73,CCCCCCCCl,-4
74,CCCCCCCl,-3.12
75,Clc1cccc2ccccc12,-3.93
76,CCCCCCl,-2.73
77,CCCCl,-1.47
78,CCCCCCCCCCO,-3.63
79,CCCCCCCCC=C,-5.51
80,CCCCCCCCCCCCO,-4.8
81,CCc1cccc2ccccc12,-4.17
82,CCCCCCCO,-1.81
83,CCCCCC=C,-3.73
84,CCCCCC#C,-3.01
85,CCCCCCCCCCCCCCCCO,-7
86,CCCCCCO,-1.24
87,CCCCC=C,-3.23
88,CCCC(O)C=C,-0.59
89,CCCCC#C,-2.36
90,CCCCI,-2.96
91,CCCCCCCI,-4.81
92,Ic1cccc2ccccc12,-4.55
93,CCCI,-2.29
94,CC1=CCCCC1,-3.27
95,Cc1cccc2c1Cc3ccccc32,-5.22
96,Cc1cccc2ccccc12,-3.7
97,Cc1cccc2c1ccc3ccccc32,-5.85
98,Cn1ccc(=O)[nH]c1=O,-0.807
99,Oc1cccc2ccccc12,-2.22
100,Nc1cccc2ccccc12,-1.92
101,O=N(=O)c1cccc2ccccc12,-3.54
102,CCCN(=O)=O,-0.8
103,CCCCCCCCCO,-3.01
104,CCCCCCCC=C,-5.05
105,CCCCCCCC#C,-4.24
106,CCCCCCCCCCCCCCCCCCO,-8.4
107,CCCCCCCCO,-2.39
108,CCCCCCC=C,-4.44
109,CCCCCCC#C,-3.66
110,CCCCCCCCCCCCCCCO,-6.35
111,CCCCCO,-0.6
112,CCCC=C,-2.68
113,CCCC#C,-1.64
114,CC(O)c1ccccc1,-0.92
115,CCCO,0.62
116,CCCCCCCCCCCCCCO,-5.84
117,Clc1c(Cl)c(Cl)c(c(Cl)c1Cl)c2c(Cl)c(Cl)c(Cl)c(Cl)c2Cl ,-11.6
118,Clc1cc(c(Cl)c(Cl)c1Cl)c2cc(Cl)c(Cl)c(Cl)c2Cl,-9.16
119,Clc1ccc(c(Cl)c1Cl)c2ccc(Cl)c(Cl)c2Cl ,-8.01
120,Clc1cc(Cl)c(Cl)c(c1Cl)c2c(Cl)c(Cl)cc(Cl)c2Cl ,-9.15
121,Clc1cccc(c1Cl)c2c(Cl)c(Cl)cc(Cl)c2Cl ,-8.6
122,Clc1cccc(c1Cl)c2cccc(Cl)c2Cl,-7.28
123,Clc1ccc(c(Cl)c1)c2c(Cl)c(Cl)c(Cl)c(Cl)c2Cl,-7.92
124,Clc1ccc(Cl)c(c1)c2c(Cl)c(Cl)c(Cl)c(Cl)c2Cl,-8.94
125,Clc1ccc(Cl)c(c1)c2cc(Cl)c(Cl)c(Cl)c2Cl,-7.68
126,Clc1cc(Cl)c(cc1Cl)c2cccc(Cl)c2Cl ,-7.21
127,Clc1ccc(c(Cl)c1)c2c(Cl)ccc(Cl)c2Cl ,-7.43
128,Clc1ccc(Cl)c(c1)c2c(Cl)c(Cl)cc(Cl)c2Cl ,-7.42
129,Clc1ccc(Cl)c(c1)c2cccc(Cl)c2Cl ,-6.47
130,CC(C)C(C)(C)C,-4.36
131,Clc1cc(Cl)c(cc1Cl)c2cc(Cl)c(Cl)cc2Cl ,-8.56
132,Clc1cc(Cl)c(c(Cl)c1)c2c(Cl)cc(Cl)cc2Cl ,-8.71
133,Clc1ccc(c(Cl)c1)c2cc(Cl)ccc2Cl ,-6.57
134,Clc1cc(Cl)c(c(Cl)c1)c2c(Cl)cccc2Cl,-7.32
135,CC(C)CC(C)(C)C,-4.74
136,CC(C)CCC(C)(C)C,-5.05
137,Clc1cccc(Cl)c1c2c(Cl)cccc2Cl ,-7.39
138,CCC(C)(C)CO,-1.04
139,CCC(C)(C)C,-3.55
140,CCCC(C)(C)C,-4.36
141,CCCC(C)(C)CO,-1.52
142,CC(C)(C)CO,-0.4
143,Clc1ccccc1c2ccccc2Cl ,-5.27
144,Clc1ccc(cc1Cl)c2cc(Cl)c(Cl)c(Cl)c2Cl ,-7.82
145,Clc1ccc(c(Cl)c1Cl)c2c(Cl)cc(Cl)c(Cl)c2Cl ,-7.66
146,Clc1ccc(c(Cl)c1)c2cc(Cl)c(Cl)c(Cl)c2Cl ,-7.39
147,Clc1ccc(c(Cl)c1)c2ccc(Cl)c(Cl)c2Cl ,-7.8
148,Clc2c(Cl)c(Cl)c(c1ccccc1)c(Cl)c2Cl ,-7.92
149,Clc1ccc(Cl)c(c1)c2ccc(Cl)c(Cl)c2,-7.25
150,Oc1cc(Cl)c(Cl)c(Cl)c1Cl,-3.15
151,Oc1c(Cl)cc(Cl)c(Cl)c1Cl,-3.1
152,Clc1ccc(cc1)c2cccc(Cl)c2Cl ,-6.29
153,Clc1ccc(cc1)c2cccc(Cl)c2Cl ,-6.26
154,Oc1ccc(Cl)c(Cl)c1Cl,-2.67
155,CC(C)C(C)C(C)C,-4.8
156,Oc1c(Cl)c(Cl)cc(Cl)c1Cl,-3.37
157,Clc1cccc(c1)c2cc(Cl)ccc2Cl ,-6.01
158,Oc1cc(Cl)cc(Cl)c1Cl,-2.67
159,Oc1c(Cl)ccc(Cl)c1Cl,-2.64
160,O=N(=O)c1c(Cl)c(Cl)ccc1,-3.48
161,Oc1cccc(Cl)c1Cl,-1.3
162,CC(=C)C(=C)C,-2.4
163,CC(C)C(C)C,-3.65
164,Cc1cc2ccccc2cc1C,-4.72
165,CCC(C)C(C)C,-4.28
166,Cc1cccnc1C,0.38
167,Clc1ccc(cc1)c2cc(Cl)ccc2Cl ,-6.27
168,Clc1ccc(cc1)c2cc(Cl)ccc2Cl ,-6.25
169,Oc1cc(Cl)c(Cl)cc1Cl,-2.21
170,Clc1ccc(cc1)c2c(Cl)cccc2Cl ,-6.14
171,Oc1c(Cl)cc(Cl)cc1Cl,-2.34
172,Cc1cc(C)c(O)c(C)c1,-2.05
173,Cc1c(cc(cc1N(=O)=O)N(=O)=O)N(=O)=O,-3.22
174,Oc1ccc(Cl)cc1Cl,-1.55
175,CC(C)CC(C)(C)O,-0.92
176,CC(C)C(O)C(C)C,-1.22
177,CC(C)C(=O)C(C)C,-1.3
178,CC(C)CC(C)C,-4.26
179,Cc1ccc(O)c(C)c1,-1.19
180,Cc1ccnc(C)c1,0.38
181,Cc1ccc(cc1N(=O)=O)N(=O)=O,-2.82
182,Clc1ccc(cc1)c2ccccc2Cl ,-5.28
183,Clc1ccc(cc1)c2ccccc2Cl ,-5.25
184,Oc1c(Cl)cccc1Cl,-1.79
185,Cc1ccc2cc(C)ccc2c1,-4.89
186,Cc1cccc(C)c1O,-1.29
187,Cc1cccc(C)n1,0.45
188,Cc1c(cccc1N(=O)=O)N(=O)=O,-3
189,Clc1cccc(Cl)c1c2ccccc2 ,-5.21
190,c2c(C)cc1nc(C)ccc1c2 ,-1.94
191,Nc3ccc2cc1ccccc1cc2c3 ,-5.17
192,c1c(Br)ccc2ccccc12 ,-4.4
193,Brc1ccc2ccccc2c1,-4.4
194,CC(C)Br,-1.59
195,Cc1ccccc1Br,-2.23
196,CCC(=O)C,0.52
197,CC=CC=O,0.32
198,CCCCOCCO,-0.42
199,CCC(C)(C)Cl,-2.51
200,COc1ccccc1Cl,-2.46
201,Clc1ccccc1c2ccccc2,-4.54
202,CCC(C)Cl,-1.96
203,Clc1ccc2ccccc2c1,-4.14
204,Oc1ccccc1Cl,-1.06
205,CC(C)Cl,-1.41
206,Cc1ccccc1Cl,-3.52
207,NC(N)=NC#N ,-0.31
208,CCCCCCCCC(=O)C,-3.3
209,CCc1ccccn1,0.51
210,CCC(CC)CO,-1.17
211,CCCCC(CC)CO,-2.11
212,CCCC=C(CC)C=O,-2.46
213,CCC(CC)C=O,-1.52
214,CCCCC(CC)C=O,-2.13
215,CCc1ccc2ccccc2c1,-4.29
216,CCc1ccccc1C,-3.21
217,CCCCCC(C)O,-1.55
218,CCCCCC(=O)C,-1.45
219,CCCCC(C)O,-0.89
220,CCCCC(=O)C,-0.8
221,Oc2ncc1nccnc1n2,-1.947
222,Oc1ccccn1,1.02
223,CC(C)I,-2.09
224,CC(C)c1ccccc1C,-3.76
225,COc2ncc1nccnc1n2,-1.11
226,CC=C(C)C,-2.56
227,CC(=C)C=C,-2.03
228,CCC(=C)C,-2.73
229,CCCC(=C)C,-3.03
230,CCCCCC(C)(C)O,-1.72
231,CCCCC(C)(C)O,-1.08
232,CCCC(C)(C)O,-0.49
233,CCC(O)C(C)C,-0.7
234,Cc1ccc2cc3ccccc3cc2c1,-6.96
235,CCC(C)(C)O,0.15
236,CCC(C)C,-3.18
237,CCC(C)CO,-0.47
238,CCCCCC(C)C,-5.08
239,Cc1ccc2ccccc2c1,-3.77
240,CCCC(C)C,-3.74
241,CCCC(C)CO,-1.11
242,Cc1ccc2c(ccc3ccccc32)c1,-5.84
243,Cc1ccccc1O,-0.62
244,CC(C)CO,0.1
245,CC(C)C,-2.55
246,CC(=C)C,-2.33
247,Cc2ncc1nccnc1n2,-0.12
248,CC1CCCO1,0.11
249,Oc1ccc2ccccc2c1,-2.28
250,CC(C)N(=O)=O,-0.62
251,CCCCCCCC(C)O,-2.74
252,CCCCCCCC(=O)C,-2.58
253,CCCCCCC(C)O,-2.09
254,CCCCCCC(=O)C,-2.05
255,CCCC(C)O,-0.29
256,CCCC(=O)C,-0.19
257,OCCOc1ccccc1,-0.7
258,CC(C)O,0.43
259,O=C1CCCN1,1.07
260,CCCCCCCCCC(C)O,-2.94
261,CC(C)(C)CCO,-0.5
262,CC(O)C(C)(C)C,-0.62
263,CC(=O)C(C)(C)C,-0.72
264,CCC(C)(C)CC,-4.23
265,O=N(=O)c1cc(Cl)c(Cl)cc1,-3.2
266,Oc1ccc(Cl)c(Cl)c1,-1.25
267,Cc1ccc(O)cc1C,-1.38
268,Cc1ccncc1C,0.36
269,Clc1ccc(cc1Cl)c2ccccc2 ,-6.39
270,Oc1cc(Cl)cc(Cl)c1,-1.34
271,Cc1cc(C)cc(O)c1,-1.4
272,Cc1cncc(C)c1,0.38
273,O=C1N(COC(=O)CCC)C(=O)C(N1)(c2ccccc2)c3ccccc3,-5.071
274,COc1cccc(Cl)c1,-2.78
275,c1c(Cl)cccc1c2ccccc2,-4.88
276,Oc1cccc(Cl)c1,-0.7
277,ClCCC#N ,-0.29
278,O=C1N(COC(=O)C)C(=O)C(N1)(c2ccccc2)c3ccccc3,-4.47
279,CCC(O)(CC)CC,-0.85
280,CCCCC(O)CC,-1.47
281,O=C1N(COC(=O)CCCCCC)C(=O)C(N1)(c2ccccc2)c3ccccc3,-6.301
282,CCCC(O)CC,-0.8
283,CCCC(=O)CC,-0.83
284,O=C1N(COC(=O)CCCCC)C(=O)C(N1)(c2ccccc2)c3ccccc3,-5.886
285,CCC#CCC,-1.99
286,CC(C)C=C,-2.73
287,CC(C)C(C)O,-0.18
288,CC(C)C(=O)C,-0.12
289,CCC(C)CCO,-0.72
290,CCC(C)CCO,-0.71
291,CCC(C)C(=O)C,-0.67
292,CCCCC(C)(O)CC,-1.6
293,CCCC(C)(O)CC,-0.98
294,CCC(C)(O)CC,-0.36
295,CC(C)CCO,-0.51
296,c1cc(C)cc2c1c3cc4cccc5CCc(c45)c3cc2,-7.92
297,CCCCC(C)CC,-5.16
298,Cc1c[nH]c2ccccc12 ,-2.42
299,CCC(C)CC,-3.68
300,Cc1cccc(O)c1,-0.68
301,CCCCCC(O)CC,-1.98
302,O=C1N(COC(=O)CCCCCCC)C(=O)C(N1)(c2ccccc2)c3ccccc3,-6.523
303,CCC(O)CC,-0.24
304,CCC(=O)CC,-0.28
305,O=C1N(COC(=O)CCCC)C(=O)C(N1)(c2ccccc2)c3ccccc3,-4.678
306,O=C1N(COC(=O)CC)C(=O)C(N1)(c2ccccc2)c3ccccc3,-4.907
307,Clc1ccc(cc1)c2ccc(Cl)cc2 ,-6.56
308,Oc1ccc(Br)cc1,-1.09
309,Cc1ccc(Br)cc1,-3.19
310,COc1ccc(Cl)cc1,-2.78
311,Oc1ccc(Cl)cc1,-0.7
312,Cc1ccc(Cl)cc1,-3.08
313,CCc1ccc(C)cc1,-3.11
314,CCCC(O)CCC,-1.4
315,CCCC(=O)CCC,-1.3
316,c1(O)cc(O)ccc1CCCCCC,-2.59
317,Oc1ccncc1,1.02
318,CC(C)c1ccc(C)cc1,-3.77
319,COc1ncnc2nccnc12 ,-1.11
320,CC(C)CC(C)O,-0.8
321,CC(C)CC(=O)C,-0.74
322,Cc1ccc(cc1)c2ccccc2,-4.62
323,CC(C)CCCO,-1.14
324,Cc1ncnc2nccnc12,-0.466
325,CC(=O)Nc1ccc(cc1)N(=O)=O,-2.692
326,OCCCC=C,-0.15
327,O=C1NC(=O)NC(=O)C1(CC)CC=C(C)C,-2.253
328,O=C1NC(=O)NC(=O)C1(C(C)C)CC=C(C)C,-2.593
329,O=C1NC(=O)NC(=O)C1(CC=C)CC=C,-2.077
330,O=C1NC(=O)NC(=O)C1(C(C)C)C(C)C,-2.766
331,O=C1NC(=O)NC(=O)C1(C)C,-1.742
332,Oc2ccc1CCCCc1c2 ,-1.99
333,Cc1c(C)c2c3ccccc3ccc2c4ccccc14,-7.01
334,O=C1NC(=O)NC(=O)C1(CC)CC=C,-1.614
335,O=C1NC(=O)NC(=O)C1(C(C)C)CC=C,-1.708
336,O=C1NC(=O)NC(=O)C1(C)CC=C,-1.16
337,O=C1NC(=O)NC(=O)C1(CC=C)c1ccccc1,-2.369
338,O=C1NC(=O)NC(=O)C1(CC)CCC(C)C,-2.658
339,O=C1NC(=O)NC(=O)C1(CC)C(C)C,-2.148
340,O=C1NC(=O)NC(=O)C1(CC)c1ccccc1,-2.322
341,Fc1c[nH]c(=O)[nH]c1=O ,-1.077
342,Oc1cccc2ncccc12 ,-2.54
343,O=C1NC(=O)NC(=O)C1(C)CC,-1.228
344,c1cccc2c3c(C)cc4ccccc4c3ccc12,-6.59
345,Nc1c(C)c[nH]c(=O)n1 ,-1.458
346,CCCCC(=O)CCCC,-2.58
347,Nc3cc2c1ccccc1ccc2c4ccccc34 ,-6.2
348,Oc2ccc1ncccc1c2 ,-2.16
349,COc2cnc1ncncc1n2,-1.139
350,Cc1cc2c3ccccc3ccc2c4ccccc14,-6.57
351,Cc1c2ccccc2c(C)c3ccc4ccccc4c13,-7.02
352,COc2cnc1cncnc1n2,-0.91
353,Cc2cnc1cncnc1n2,-0.854
354,Oc1cccc2cccnc12 ,-2.42
355,Cc1c2ccccc2c(C)c3ccccc13,-6.57
356,c3ccc2c(O)c1ccccc1cc2c3 ,-4.73
357,Cc1c2ccccc2cc3ccccc13,-5.89
358,COP(=S)(OC)Oc1ccc(Sc2ccc(OP(=S)(OC)OC)cc2)cc1,-6.237
359,C1Cc2cccc3cccc1c23,-4.63
360,C1=Cc2cccc3cccc1c23,-3.96
361,COP(=O)(NC(C)=O)SC ,0.54
362,CC(=O)N,1.58
363,CC(=O)Nc1ccccc1,-1.33
364,CC(=O)Nc1nnc(s1)S(N)(=O)=O ,-2.36
365,CC#N,0.26
366,CC(=O)c1ccccc1,-1.28
367,CC(=O)N(S(=O)c1ccc(N)cc1)c2onc(C)c2C ,-3.59
368,c3ccc2nc1ccccc1cc2c3,-3.67
369,C=CC=O,0.57
370,C=CC#N,0.15
371,Nc1ncnc2nc[nH]c12 ,-2.12
372,CC34CC(=O)C1C(CCC2=CC(=O)CCC12C)C3CCC4(=O) ,-3.48
373,CCc1cccc(CC)c1N(COC)C(=O)CCl ,-3.26
374,CC13CCC(=O)C=C1CCC4C2CCC(C(=O)CO)C2(CC(O)C34)C=O ,-3.85
375,ClC1=C(Cl)C2(Cl)C3C4CC(C=C4)C3C1(Cl)C2(Cl)Cl,-6.307
376,NC(=O)NC1NC(=O)NC1=O ,-1.6
377,C=CCS(=O)SCC=C,-0.83
378,O=c1[nH]cnc2[nH]ncc12 ,-2.266
379,O=C1NC(=O)C(=O)C(=O)N1 ,-1.25
380,C1(=O)NC(=O)NC(=O)C1(O)C2(O)C(=O)NC(=O)NC2(=O),-1.99
381,CN(C)c1nc(nc(n1)N(C)C)N(C)C,-3.364
382,CCNc1nc(NC(C)C)nc(SC)n1,-3.04
383,OCC3OC(OCC2OC(OC(C#N)c1ccccc1)C(O)C(O)C2O)C(O)C(O)C3O ,-0.77
384,CNC(=O)Oc1ccc(N(C)C)c(C)c1,-2.36
385,CN(C)c2c(C)n(C)n(c1ccccc1)c2=O ,-0.364
386,Nc1nccs1 ,-0.36
387,CN(C=Nc1ccc(C)cc1C)C=Nc2ccc(C)cc2C,-5.47
388,Nc1nc[nH]n1,0.522
389,CCC1(CCC(C)C)C(=O)NC(=O)NC1=O,-2.468
390,Cc2c(N)c(=O)n(c1ccccc1)n2C,-0.624
391,COc1ccc(cc1)C(O)(C2CC2)c3cncnc3 ,-2.596
392,CC34CCC1C(CCC2=CC(=O)CCC12C)C3CCC4=O,-3.69
393,CC12CCC(O)CC1CCC3C2CCC4(C)C3CCC4=O,-4.402
394,COc1ccc(C=CC)cc1,-3.13
395,Nc1ccccc1,-0.41
396,COP(=S)(OC)SCC(=O)N(C(C)C)c1ccc(Cl)cc1,-4.432
397,COc1ccccc1,-1.85
398,c1ccc2cc3ccccc3cc2c1,-6.35
399,O=C1c2ccccc2C(=O)c3ccccc13,-5.19
400,Cc1cc(=O)n(c2ccccc2)n1C,0.715
401,CCCC1C(=O)N3N(C1=O)c2cc(C)ccc2N=C3N(C)C ,-3.538
402,OC4=C(C1CCC(CC1)c2ccc(Cl)cc2)C(=O)c3ccccc3C4=O,-5.931
403,CCNc1nc(NC(C)C)nc(OC)n1,-2.084
404,CCNc1nc(Cl)nc(NC(C)C)n1,-3.85
405,CCN(CC)C(=O)CSc1ccc(Cl)nn1,-1.716
406,N(=Nc1ccccc1)c2ccccc2,-4.45
407,CNC(=O)C=C(C)OP(=O)(OC)OC,0.651
408,ClCC#CCOC(=O)Nc1cccc(Cl)c1,-4.37
409,O=C1NC(=O)NC(=O)C1(CC)CC,-2.4
410,NS(=O)(=O)c3cc2c(NC(Cc1ccccc1)NS2(=O)=O)cc3C(F)(F)F,-3.59
411,CCCCN(CC)c1c(cc(cc1N(=O)=O)C(F)(F)F)N(=O)=O,-5.53
412,CCOC(=O)CCN(SN(C)C(=O)Oc1cccc2CC(C)(C)Oc21)C(C)C,-4.71
413,c1c(NC(=O)c2ccccc2(I))cccc1,-4.21
414,CCCCNC(=O)n1c(NC(=O)OC)nc2ccccc12,-4.883
415,CC(C)OP(=S)(OC(C)C)SCCNS(=O)(=O)c1ccccc1,-4.2
416,O=Cc1ccccc1,-1.19
417,NC(=O)c1ccccc1,-0.96
418,c1ccccc1,-1.64
419,c1ccccc1C(O)c2ccccc2,-2.55
420,O=C(Cn1ccnc1N(=O)=O)NCc2ccccc2,-2.81
421,C1c2ccccc2c3ccc4ccccc4c13,-6.68
422,c1ccc2c(c1)cc3ccc4cccc5ccc2c3c45,-8.699
423,c1ccc2c(c1)c3cccc4c3c2cc5ccccc54,-8.23
424,C1c2ccccc2c3cc4ccccc4cc13,-8.04
425,c1ccc2c(c1)c3cccc4ccc5cccc2c5c43,-7.8
426,c1ccc2c3c(ccc2c1)c4cccc5cccc3c45,-8
427,c1ccc2cc3c4cccc5cccc(c3cc2c1)c45,-8.49
428,c1cc2ccc3ccc4ccc5cccc6c(c1)c2c3c4c56,-9.018
429,CCOC(=O)c1ccc(N)cc1,-2.616
430,OC(C(=O)c1ccccc1)c2ccccc2,-2.85
431,N#Cc1ccccc1,-1
432,O=C(c1ccccc1)c2ccccc2,-3.12
433,c2ccc1scnc1c2 ,-1.5
434,c2ccc1[nH]nnc1c2,-0.78
435,c2ccc1ocnc1c2,-1.16
436,ClCc1ccccc1,-2.39
437,FC(F)(F)c1ccccc1,-2.51
438,NC(=O)NCc1ccccc1 ,-0.95
439,CCCCC(=O)OC3(C(C)CC4C2CCC1=CC(=O)C=CC1(C)C2(F)C(O)CC34C)C(=O)CO,-4.71
440,C(Cc1ccccc1)c2ccccc2,-4.62
441,c1ccc(cc1)c2ccccc2,-4.345
442,c2ccc1nc(ccc1c2)c4ccc3ccccc3n4 ,-5.4
443,CC1(C)C2CCC1(C)C(O)C2,-2.32
444,CCC(C)n1c(=O)[nH]c(C)c(Br)c1=O ,-2.523
445,OC(CC(c1ccccc1)c3c(O)c2ccccc2oc3=O)c4ccc(cc4)c5ccc(Br)cc5 ,-4.445
446,Brc1ccccc1,-2.55
447,ClCBr,-0.89
448,BrC(Cl)Cl,-1.54
449,CCBr,-1.09
450,CBr,-0.79
451,COP(=S)(OC)Oc1cc(Cl)c(Br)cc1Cl,-6.09
452,CC(C)OC(=O)C(O)(c1ccc(Br)cc1)c2ccc(Br)cc2 ,-4.93
453,Oc1c(Br)cc(C#N)cc1Br ,-3.33
454,c1ccccc1n2ncc(N)c(Br)c2(=O),-3.127
455,CCCCc1c(C)nc(NCC)nc1OS(=O)(=O)N(C)C ,-4.16
456,O=C1NC(=O)NC(=O)C1(CC)C(C)CC,-2.39
457,c1(C(C)(C)C)cc(C(C)(C)C)cc(OC(=O)NC)c1,-4.24
458,CCCCOCN(C(=O)CCl)c1c(CC)cccc1CC ,-4.19
459,CCC(C)C1(CC(Br)=C)C(=O)NC(=O)NC1=O ,-2.647
460,CCCCOC(=O)c1ccc(N)cc1,-3.082
461,CCC(C)O,0.47
462,CCCC,-2.57
463,CCCCS,-2.18
464,CCCCC1(CC)C(=O)NC(=O)NC1=O,-1.661
465,CN1CC(O)N(C1=O)c2nnc(s2)C(C)(C)C,-1.877
466,CC(C#C)N(C)C(=O)Nc1ccc(Cl)cc1,-3.9
467,CCCCOC=O,-1.37
468,CCSC(=O)N(CC(C)C)CC(C)C,-3.68
469,CCCCc1ccccc1,-4.06
470,CCCC=O,-0.01
471,Cn1cnc2n(C)c(=O)n(C)c(=O)c12,-0.876
472,CC1(C)C2CCC1(C)C(=O)C2,-1.96
473,CCCCCC=O,-1.3
474,ClC(Cl)C(Cl)(Cl)SN2C(=O)C1CC=CCC1C2=O ,-5.4
475,O=C(Nc1ccccc1)Nc2ccccc2,-3.15
476,CNC(=O)Oc1cccc2ccccc12,-3.224
477,c1ccc2c(c1)[nH]c3ccccc32,-5.27
478,c1c(NC(=O)OC(C)C(=O)NCC)cccc1,-1.83
479,CNC(=O)Oc1cccc2CC(C)(C)Oc12,-2.8
480,CCOP(=S)(OCC)SCSc1ccc(Cl)cc1,-5.736
481,CC1=C(SCCO1)C(=O)Nc2ccccc2,-3.14
482,CCC(Br)(CC)C(=O)NC(N)=O,-2.68
483,c1(O)c(C)ccc(C(C)C)c1,-2.08
484,CC(=C)C1CC=C(C)C(=O)C1,-2.06
485,OCC(O)C2OC1OC(OC1C2O)C(Cl)(Cl)Cl ,-1.84
486,OCC(NC(=O)C(Cl)Cl)C(O)c1ccc(cc1)N(=O)=O,-2.111
487,CCN(CC)c1nc(Cl)nc(n1)N(CC)CC,-4.411
488,CON(C)C(=O)Nc1ccc(Br)c(Cl)c1,-3.924
489,CC(OC(=O)Nc1cccc(Cl)c1)C#C,-2.617
490,ClC1CC2C(C1Cl)C3(Cl)C(=C(Cl)C2(Cl)C3(Cl)Cl)Cl,-6.86
491,ClC2=C(Cl)C3(Cl)C1C=CCC1C2(Cl)C3(Cl)Cl ,-5.64
492,CN(C)C=Nc1ccc(Cl)cc1C,-2.86
493,CCOC(=O)c1ccccc1S(=O)(=O)NN(C=O)c2nc(Cl)cc(OC)n2,-4.576
494,NC(=O)CCl ,-0.02
495,ClCC#N,-0.092
496,Clc1ccccc1,-2.38
497,ClC(Br)Br,-1.9
498,ClCC,-1.06
499,ClC=C,-1.75
500,CC(C)OC(=O)Nc1cccc(Cl)c1,-3.38
501,ClC(Cl)(Cl)N(=O)=O,-2
502,c1ccc(Cl)cc1C(c2ccc(Cl)cc2)(O)C(=O)OC(C)C,-4.53
503,c1(C#N)c(Cl)c(C#N)c(Cl)c(Cl)c(Cl)1,-5.64
504,NS(=O)(=O)c2cc1c(N=CNS1(=O)=O)cc2Cl ,-3.05
505,CN(C)C(=O)Nc1ccc(C)c(Cl)c1,-3.46
506,CN(C)C(=O)Nc2ccc(Oc1ccc(Cl)cc1)cc2,-4.89
507,CCOP(=S)(OCC)Oc1nc(Cl)c(Cl)cc1Cl ,-5.67
508,c2(Cl)c(Cl)c(Cl)c1nccnc1c2(Cl) ,-5.43
509,NS(=O)(=O)c1cc(ccc1Cl)C2(O)NC(=O)c3ccccc23,-3.451
510,CN(C)C(=O)Nc1ccc(C)c(Cl)c1,-3.483
511,Clc2ccc1oc(=O)[nH]c1c2,-2.831
512,C1Cc2c3c1cccc3cc4c2ccc5ccccc54,-7.85
513,c1ccc2c(c1)ccc3c4ccccc4ccc23,-8.057
514,Cl\C=C/Cl,-1.3
515,C/C1CCCCC1\C,-4.3
516,CC/C=C\C,-2.54
517,CC(C)=CCCC(C)=CC(=O),-2.06
518,CC1(C)CON(Cc2ccccc2Cl)C1=O,-2.338
519,Clc1ccccc1C2=NCC(=O)Nc3ccc(cc23)N(=O)=O,-3.499
520,c1cc2ccc3ccc4ccc5ccc6ccc1c7c2c3c4c5c67,-9.332
521,CC12CC(O)C3C(CCC4=CC(=O)CCC34C)C2CCC1C(=O)CO,-3.24
522,CC12CC(=O)C3C(CCC4=CC(=O)CCC34C)C2CCC1(O)C(=O)CO,-3.11
523,CC(=O)OCC(=O)C3(O)CCC4C2CCC1=CC(=O)CCC1(C)C2C(=O)CC34C ,-4.21
524,CC(=O)CC(c1ccc(Cl)cc1)c2c(O)c3ccccc3oc2=O,-5.839
525,CCOP(=S)(OCC)Oc2ccc1oc(=O)c(Cl)c(C)c1c2,-5.382
526,O=c2c(C3CCCc4ccccc43)c(O)c1ccccc1o2 ,-2.84
527,CCNc1nc(Cl)nc(NC(C)(C)C#N)n1,-3.15
528,CCSC(=O)N(CC)C1CCCCC1 ,-3.4
529,CCC1(C(=O)NC(=O)NC1=O)C2=CCCCC2 ,-2.17
530,O=C2NC(=O)C1(CCC1)C(=O)N2,-1.655
531,C1CCCCCC1,-3.51
532,OC1CCCCCC1,-0.88
533,C1CCC=CCC1,-3.18
534,O=C2NC(=O)C1(CCCCCC1)C(=O)N2 ,-3.168
535,C1CCCCC1,-3.1
536,OC1CCCCC1,-0.44
537,O=C1CCCCC1,-0.6
538,C1CCC=CC1,-2.59
539,CC1CC(C)C(=O)C(C1)C(O)CC2CC(=O)NC(=O)C2 ,-1.13
540,O=C2NC(=O)C1(CCCCC1)C(=O)N2,-3.06
541,C1CCCCCCC1,-4.15
542,OC1CCCCCCC1,-1.29
543,O=C2NC(=O)C1(CCCCCCC1)C(=O)N2,-2.982
544,C1CCCC1,-2.64
545,C1CC=CC1,-2.1
546,O=C2NC(=O)C1(CCCC1)C(=O)N2,-2.349
547,O=C2NC(=O)C1(CC1)C(=O)N2 ,-1.886
548,CN(C)C(=O)NC1CCCCCCC1,-2.218
549,CC1(C)C(C=C(Cl)Cl)C1C(=O)OC(C#N)c2ccc(F)c(Oc3ccccc3)c2,-7.337
550,CC1(C)C(C=C(Cl)C(F)(F)F)C1C(=O)OC(C#N)c2cccc(Oc3ccccc3)c2,-8.176
551,CC1(C)C(C=C(Cl)Cl)C1C(=O)OC(C#N)c2cccc(Oc3ccccc3)c2,-8.017
552,Nc1cc[nH]c(=O)n1 ,-1.155
553,CC23Cc1cnoc1C=C2CCC4C3CCC5(C)C4CCC5(O)C#C,-5.507
554,Nc1ccc(cc1)S(=O)(=O)c2ccc(N)cc2,-3.094
555,ClC(Cl)C(c1ccc(Cl)cc1)c2ccc(Cl)cc2,-7.2
556,ClC(Cl)=C(c1ccc(Cl)cc1)c2ccc(Cl)cc2,-6.9
557,Clc1ccc(cc1)C(c2ccc(Cl)cc2)C(Cl)(Cl)Cl,-7.15
558,C1CCC2CCCCC2C1,-5.19
559,CCCCSP(=O)(SCCCC)SCCCC,-5.14
560,CC1(C)C(C=C(Br)Br)C1C(=O)OC(C#N)c2cccc(Oc3ccccc3)c2,-8.402
561,CC12CCC3C(CCC4=CC(=O)CCC34C)C2CCC1C(=O)CO,-3.45
562,CC(=O)OCC(=O)C3CCC4C2CCC1=CC(=O)CCC1(C)C2CCC34C ,-4.63
563,CCOC(=O)Nc2cccc(OC(=O)Nc1ccccc1)c2 ,-4.632
564,CC1CC2C3CCC4=CC(=O)C=CC4(C)C3(F)C(O)CC2(C)C1(O)C(=O)CO,-3.59
565,CC4CC3C2CCC1=CC(=O)C=CC1(C)C2(F)C(O)CC3(C)C4(O)C(=O)COC(C)=O ,-4.9
566,CC2(C)C1CCC(C)(C1)C2=O,-1.85
567,CCCCC(CC)COC(=O)c1ccccc1C(=O)OCC(CC)CCCC,-6.96
568,CCOP(=S)(OCC)SC(CCl)N1C(=O)c2ccccc2C1=O,-6.34
569,CCOP(=S)(OCC)SC(CCl)N2C(=O)c1ccccc1C2=O,-6.34
570,CC(C)N(C(C)C)C(=O)SCC(=CCl)Cl,-4.286
571,CN2C(=O)CN=C(c1ccccc1)c3cc(Cl)ccc23,-3.754
572,CCOP(=S)(OCC)Oc1cc(C)nc(n1)C(C)C,-3.64
573,o1c2ccccc2c3ccccc13,-4.6
574,c1ccc2c(c1)sc3ccccc23,-4.38
575,BrCBr,-1.17
576,CCCCOCCCC,-1.85
577,CCCCOC(=O)CCCCCCCCC(=O)OCCCC,-3.896
578,CCCCOC(=O)c1ccccc1C(=O)OCCCC ,-4.4
579,COP(=S)(OC)Oc1ccc(cc1Cl)N(=O)=O,-4.31
580,ClCCl,-0.63
581,Oc1ccc(Cl)cc1Cc2cc(Cl)ccc2O,-3.953
582,OC(c1ccc(Cl)cc1)(c2ccc(Cl)cc2)C(Cl)(Cl)Cl,-5.666
583,ClC4=C(Cl)C5(Cl)C3C1CC(C2OC12)C3C4(Cl)C5(Cl)Cl,-6.29
584,CC=C(C(=CC)c1ccc(O)cc1)c2ccc(O)cc2,-4.95
585,ClC1=C(Cl)C(Cl)(C(=C1Cl)Cl)C2(Cl)C(=C(Cl)C(=C2Cl)Cl)Cl,-7.278
586,CCOCC,-0.09
587,CCOC(=O)c1ccccc1C(=O)OCC,-2.35
588,CCSCC,-1.34
589,CCSSCC,-2.42
590,CCC(=C(CC)c1ccc(O)cc1)c2ccc(O)cc2 ,-4.07
591,COc2ccc(Oc1ccc(NC(=O)N(C)C)cc1)cc2,-4.16
592,Fc1cccc(F)c1C(=O)NC(=O)Nc2ccc(Cl)cc2,-6.02
593,CC1OC(CC(O)C1O)OC2C(O)CC(OC2C)OC8C(O)CC(OC7CCC3(C)C(CCC4C3CCC5(C)C(CCC45O)C6=CC(=O)OC6)C7)OC8C ,-5.293
594,CC1OC(CC(O)C1O)OC2C(O)CC(OC2C)OC8C(O)CC(OC7CCC3(C)C(CCC4C3CC(O)C5(C)C(CCC45O)C6=CC(=O)OC6)C7)OC8C ,-4.081
595,CCCCCCOC(=O)c1ccccc1C(=O)OCCCCCC,-6.144
596,ICI,-2.34
597,c1(C(=O)OCCCCCC(C)(C))c(C(=O)OCCCCCC(C)(C))cccc1,-6.637
598,CC(C)OC(C)C,-1.1
599,CC(C)SC(C)C,-2.24
600,CCN(CC)C(=O)C(=CCOP(=O)(OC)OC)Cl,0.523
601,CN(C)C(=O)Nc1ccc(c(Cl)c1)n2nc(oc2=O)C(C)(C)C,-4.328
602,CN(C)C(=O)OC1=CC(=O)CC(C)(C)C1 ,-0.85
603,CCCCc1c(C)nc(nc1O)N(C)C ,-2.24
604,COCOC,0.48
605,COC(=O)c1ccccc1C(=O)OC,-1.66
606,CSC,-0.45
607,CSSC,-1.44
608,CCN(CC)c1c(cc(c(N)c1N(=O)=O)C(F)(F)F)N(=O)=O,-5.47
609,CCC(C)c1cc(cc(N(=O)=O)c1O)N(=O)=O ,-3.38
610,OC1C(O)C(O)C(O)C(O)C1O,0.35
611,CCCSCCC,-2.58
612,CCCCCCCCOC(=O)c1ccccc1C(=O)OCCCCCCCC ,-5.115
613,C1C(O)CCC2(C)CC3CCC4(C)C5(C)CC6OCC(C)CC6OC5CC4C3C=C21,-7.32
614,CNC(=O)Oc1ccccc1C2OCCO2,-1.57
615,CN(C)C(=O)C(c1ccccc1)c2ccccc2 ,-2.98
616,O(c1ccccc1)c2ccccc2,-3.96
617,N(c1ccccc1)c2ccccc2,-3.504
618,C(c1ccccc1)c2ccccc2,-4.08
619,CCCOCCC,-1.62
620,CCN(CC)C(=S)SSC(=S)N(CC)CC,-4.86
621,CCOP(=S)(OCC)SCCSCC,-4.23
622,CCOP(=S)(OCC)N2C(=O)c1ccccc1C2=O,-3.35
623,CN(C)C(=O)Nc1ccc(Cl)c(Cl)c1,-3.8
624,CC1=CCC(CC1)C(C)=C,-4.26
625,Cc1cc(cc(N(=O)=O)c1O)N(=O)=O,-1.456
626,CCOc1ccc(NC(N)=O)cc1,-2.17
627,Cn2c(=O)n(C)c1ncn(CC(O)CO)c1c2=O,-0.17
628,CCCCCCCCCCCCCCCCCCCC,-8.172
629,ClC4=C(Cl)C5(Cl)C3C1CC(C2OC12)C3C4(Cl)C5(Cl)Cl,-6.18
630,CC34CCC1C(CCC2CC(O)CCC12C)C3CCC4=O,-4.16
631,CC45CCC2C(CCC3CC1SC1CC23C)C4CCC5O,-5.41
632,CC34CCc1c(ccc2cc(O)ccc12)C3CCC4=O,-5.24
633,CC34CCC1C(=CCc2cc(O)ccc12)C3CCC4=O,-5.282
634,Oc2cc(O)c1C(=O)CC(Oc1c2)c3ccc(O)c(O)c3,-3.62
635,OCC(O)C(O)CO,0.7
636,CC12CCC3C(CCc4cc(O)ccc34)C2CCC1O,-5.03
637,c1(OC)ccc(CC=C)cc1,-2.92
638,CC34CCC1C(CCc2cc(O)ccc12)C3CC(O)C4O ,-4.955
639,CC12CCC3C(CCc4cc(O)ccc34)C2CCC1=O,-3.955
640,CCN(CC(C)=C)c1c(cc(cc1N(=O)=O)C(F)(F)F)N(=O)=O,-6.124
641,CC,-1.36
642,CCS,-0.6
643,CCO,1.1
644,CC34CCC1C(CCc2cc(O)ccc12)C3CCC4(O)C#C ,-4.3
645,CCSCc1ccccc1OC(=O)NC ,-2.09
646,CCOP(=S)(OCC)SCSP(=S)(OCC)OCC,-5.54
647,CCCCc1c(C)nc(NCC)[nH]c1=O,-3.028
648,CC12CCC(=O)C=C1CCC3C2CCC4(C)C3CCC4(O)C#C ,-5.66
649,CCOC2Oc1ccc(OS(C)(=O)=O)cc1C2(C)C,-3.42
650,CCOC2Oc1ccc(OS(C)(=O)=O)cc1C2(C)C,-3.42
651,CCOc2ccc1nc(sc1c2)S(N)(=O)=O ,-3.81
652,CCOC(=O)C,-0.04
653,CCOC(=O)c1ccccc1,-2.32
654,CCCCCOC(=O)CC,-1.28
655,CCOC(=O)C=Cc1ccccc1,-3
656,CCCCCCCCCC(=O)OCC,-4.1
657,CCOC=O,0.15
658,CCCCCCC(=O)OCC,-2.74
659,CCCCCC(=O)OCC,-2.35
660,CCCCCCCCC(=O)OCC,-3.8
661,CCCCCCCC(=O)OCC,-3.39
662,CCCOC(=O)CCC,-1.75
663,CCOC(=O)CC,-0.66
664,CCCOCC,-0.66
665,CCOC=C,-0.85
666,CCc1ccccc1,-2.77
667,CCC1CCCCC1,-4.25
668,C=C,-0.4
669,CCOC(=O)c1ccc(N)cc1,-2.1
670,CCOC(=O)c1ccc(O)cc1,-2.35
671,C#C,0.29
672,CCOc1ccc(cc1)C(C)(C)COCc3cccc(Oc2ccccc2)c3,-8.6
673,CCOC(=O)c1cncn1C(C)c2ccccc2,-4.735
674,COc1cc(cc(OC)c1O)C6C2C(COC2=O)C(OC4OC3COC(C)OC3C(O)C4O)c7cc5OCOc5cc67,-3.571
675,CC12CCC(CC1)C(C)(C)O2 ,-1.64
676,COc1cc(CC=C)ccc1O,-1.56
677,OC(c1ccc(Cl)cc1)(c2cncnc2)c3ccccc3Cl,-4.38
678,Cc1occc1C(=O)Nc2ccccc2,-3.3
679,COP(=S)(OC)Oc1ccc(N(=O)=O)c(C)c1,-4.04
680,CN(C)C(=O)SCCCCOc1ccccc1,-3.927
681,CCOC(=O)NCCOc2ccc(Oc1ccccc1)cc2,-4.7
682,CC1(C)C(C(=O)OC(C#N)c2cccc(Oc3ccccc3)c2)C1(C)C,-6.025
683,CCOP(=S)(OCC)Oc1ccc(cc1)S(C)=O ,-2.3
684,COP(=S)(OC)Oc1ccc(SC)c(C)c1,-4.57
685,CN(C)C(=O)Nc1ccccc1,-1.6
686,OC(Cn1cncn1)(Cn2cncn2)c3ccc(F)cc3F ,-1.8
687,CC(C)C(C(=O)OC(C#N)c1cccc(Oc2ccccc2)c1)c3ccc(OC(F)F)cc3,-6.876
688,Nc1nc(=O)[nH]cc1F,-0.972
689,CC34CC(O)C1(F)C(CCC2=CC(=O)CCC12C)C3CCC4(O)C(=O)CO ,-3.43
690,CC1CC2C3CC(F)C4=CC(=O)C=CC4(C)C3(F)C(O)CC2(C)C1(O)C(=O)CO,-5.613
691,CCN(Cc1c(F)cccc1Cl)c2c(cc(cc2N(=O)=O)C(F)(F)F)N(=O)=O,-6.78
692,CN(C)C(=O)Nc1cccc(c1)C(F)(F)F,-3.43
693,c1ccc2c(c1)c3cccc4cccc2c34,-6
694,C1c2ccccc2c3ccccc13,-5
695,Fc1ccccc1,-1.8
696,CC1CC2C3CCC(O)(C(=O)C)C3(C)CC(O)C2(F)C4(C)C=CC(=O)C=C14,-4.099
697,CN(C)C(=O)Nc1cccc(c1)C(F)(F)F,-3.32
698,Cn2cc(c1ccccc1)c(=O)c(c2)c3cccc(c3)C(F)(F)F,-4.445
699,FC(F)(F)c1cccc(c1)N2CC(CCl)C(Cl)C2=O,-4.047
700,OC(Cn1cncn1)(c2ccc(F)cc2)c3ccccc3F,-3.37
701,CC(C)C(Nc1ccc(cc1Cl)C(F)(F)F)C(=O)OC(C#N)c2cccc(Oc3ccccc3)c2,-8.003
702,CNC(=O)Oc1cccc(N=CN(C)C)c1,-2.34
703,COP(=S)(OC)SCC(=O)N(C)C=O,-1.995
704,OCC1OC(O)(CO)C(O)C1O,0.64
705,c1ccoc1,-0.82
706,O=Cc1ccco1,-0.1
707,c1c(O)C2C(=O)C3cc(O)ccC3OC2cc1(OC),-2.943
708,OCC(O)COC(=O)c1ccccc1Nc2ccnc3cc(Cl)ccc23,-4.571
709,OCC1OC(O)C(O)C(O)C1O,0.74
710,CCC1(CCC(=O)NC1=O)c2ccccc2 ,-2.337
711,OCC(O)CO,1.12
712,CC(=O)OCC(COC(=O)C)OC(=O)C,-0.6
713,COC1=CC(=O)CC(C)C13Oc2c(Cl)c(OC)cc(OC)c2C3=O,-3.246
714,COc1ccccc1O ,-1.96
715,Nc2nc1[nH]cnc1c(=O)[nH]2 ,-3.583
716,FC(F)(F)C(Cl)Br ,-1.71
717,c1cc(O)c(O)c2OCC3(O)CC4=CC(=O)C(O)=CC4=C3c21,-2.7
718,ClC1C=CC2C1C3(Cl)C(=C(Cl)C2(Cl)C3(Cl)Cl)Cl,-6.317
719,CCCCCCC,-4.53
720,ClC(=C(Cl)C(=C(Cl)Cl)Cl)Cl,-4.92
721,ClC(Cl)(Cl)C(Cl)(Cl)Cl,-3.67
722,CCCCCCCCCCCCCCCCCCCCCCCCCC,-8.334
723,CCCCCCCCCCCCCCCC,-8.4
724,Cc1c(C)c(C)c(C)c(C)c1C,-5.23
725,CCCCCC,-3.84
726,CCC(C(CC)c1ccc(O)cc1)c2ccc(O)cc2,-4.43
727,CCCCCCc1ccccc1,-5.21
728,O=C1CNC(=O)N1 ,-0.4
729,N(Nc1ccccc1)c2ccccc2 ,-2.92
730,c1ccccc1C(O)C(O)c2ccccc2,-1.93
731,NS(=O)(=O)c2cc1c(NCNS1(=O)=O)cc2Cl ,-2.63
732,CC12CC(O)C3C(CCC4=CC(=O)CCC34C)C2CCC1(O)C(=O)CO,-3.09
733,CC(=O)OCC(=O)C1(O)CCC2C3CCC4=CC(=O)CCC4(C)C3C(O)CC21C,-4.88
734,OC1C=CC2C1C3(Cl)C(=C(Cl)C2(Cl)C3(Cl)Cl)Cl ,-5.46
735,CC(=O)C1(O)CCC2C3CCC4=CC(=O)CCC4(C)C3CCC21C,-3.817
736,O=c1[nH]cnc2nc[nH]c12 ,-2.296
737,C1Cc2ccccc2C1,-3.04
738,CC2Cc1ccccc1N2NC(=O)c3ccc(Cl)c(c3)S(N)(=O)=O ,-3.586
739,c2ccc1[nH]ncc1c2 ,-2.16
740,c2ccc1[nH]ccc1c2,-1.52
741,c2ccc1NCCc1c2 ,-1.04
742,OCC1OC(C(O)C1O)n2cnc3c(O)ncnc23,-1.23
743,Ic1ccccc1,-3.01
744,CCI,-1.6
745,COP(=S)(OC)Oc1cc(Cl)c(I)cc1Cl,-6.62
746,CI,-1
747,Oc1c(I)cc(C#N)cc1I,-3.61
748,CCN(CC)c1nc(Cl)nc(NC(C)C)n1,-3.785
749,CCOP(=S)(OCC)Oc1nc(Cl)n(n1)C(C)C,-3.658
750,CC(C)COC(=O)C,-1.21
751,CC(C)COC=O,-1.01
752,CC(C)Cc1ccccc1,-4.12
753,C1N(C(=O)NCC(C)C)C(=O)NC1,-2.15
754,Cc1cc(no1)C(=O)NNCc2ccccc2,-2.461
755,CCOP(=S)(NC(C)C)Oc1ccccc1C(=O)OC(C)C,-4.194
756,Nc1nc(O)nc2nc[nH]c12 ,-3.401
757,c1nccc(C(=O)NN)c1,0.009
758,CC(C)CCOC(=O)C,-1.92
759,CC(C)CCOC=O,-1.52
760,CC1=CC(=O)CC(C)(C)C1 ,-1.06
761,CNC(=O)Oc1ccccc1C(C)C,-2.863
762,CCCN(CCC)c1c(cc(cc1N(=O)=O)C(C)C)N(=O)=O,-6.49
763,CC(C)OC(=O)C,-0.55
764,CC(C)OC=O,-0.63
765,CC(C)c1ccccc1,-3.27
766,CC(C)c1ccc(NC(=O)N(C)C)cc1,-3.536
767,c1ccc2cnccc2c1,-1.45
768,CN(C)C(=O)Nc1cccc(OC(=O)NC(C)(C)C)c1 ,-2.93
769,CC(=O)CCC1C(=O)N(N(C1=O)c2ccccc2)c3ccccc3,-3.27
770,ClC1(C(=O)C2(Cl)C3(Cl)C14Cl)C5(Cl)C2(Cl)C3(Cl)C(Cl)(Cl)C45Cl,-5.259
771,COc2c1occc1c(OC)c3c(=O)cc(C)oc23 ,-3.021
772,OCC1OC(OC2C(O)C(O)C(O)OC2CO)C(O)C(O)C1O,-0.244
773,C1OC(O)C(O)C(O)C1O,0.39
774,O=c2[nH]c1CCCc1c(=O)n2C3CCCCC3,-4.594
775,CC(C)=CCCC(O)(C)C=C,-1.99
776,ClC1C(Cl)C(Cl)C(Cl)C(Cl)C1Cl,-4.64
777,CON(C)C(=O)Nc1ccc(Cl)c(Cl)c1,-3.592
778,OC3N=C(c1ccccc1Cl)c2cc(Cl)ccc2NC3=O,-3.604
779,CCC(C)C(=O)OC2CC(C)C=C3C=CC(C)C(CCC1CC(O)CC(=O)O1)C23 ,-6.005
780,CCOC(=O)CC(SP(=S)(OC)OC)C(=O)OCC,-3.37
781,CCOC(=O)CC(=O)OCC,-0.82
782,OCC1OC(OC2C(O)C(O)C(O)OC2CO)C(O)C(O)C1O,0.358
783,OCC(O)C(O)C(O)C(O)CO ,0.06
784,Nc1cccc(Cl)c1,-1.37
785,Clc1cccc(Br)c1,-3.21
786,Clc1cccc(I)c1,-3.55
787,Clc1cccc(c1)N(=O)=O,-2.77
788,COC(=O)Nc2nc1ccc(cc1[nH]2)C(=O)c3ccccc3,-3.88
789,CCOC(=O)N(C)C(=O)CSP(=S)(OCC)OCC,-2.518
790,c1c(OC)c(OC)C2C(=O)OCC2c1,-1.899
791,CC(=O)C3(C)CCC4C2C=C(C)C1=CC(=O)CCC1(C)C2CCC34C,-5.27
792,CN(C(=O)COc1nc2ccccc2s1)c3ccccc3,-4.873
793,CC(=O)Nc1cc(NS(=O)(=O)C(F)(F)F)c(C)cc1C,-3.24
794,CC(=O)OC3(CCC4C2C=C(C)C1=CC(=O)CCC1(C)C2CCC34C)C(C)=O ,-5.35
795,CC2=CC(=O)c1ccccc1C2=O ,-3.03
796,CC(C)C1CCC(C)CC1O ,-2.53
797,CC(C)C1CCC(C)CC1=O,-2.35
798,CCCC(C)(COC(N)=O)COC(N)=O ,-1.807
799,Sc2nc1ccccc1s2 ,-3.18
800,COCC(=O)N(C(C)C(=O)OC)c1c(C)cccc1C ,-1.601
801,C,-0.9
802,CO,1.57
803,Cc1ccccc1n3c(C)nc2ccccc2c3=O,-2.925
804,CCC1(CC)C(=O)NC(=O)N(C)C1=O ,-2.23
805,Cn2c(=O)on(c1ccc(Cl)c(Cl)c1)c2=O,-2.82
806,COc1ccccc1OCC(O)COC(N)=O,-0.985
807,COC(C)(C)CCCC(C)CC=CC(C)=CC(=O)OC(C)C,-5.19
808,COCCCNc1nc(NC(C)C)nc(SC)n1,-2.928
809,COc2c1occc1cc3ccc(=O)oc23 ,-3.664
810,COc1ccc(cc1)C(c2ccc(OC)cc2)C(Cl)(Cl)Cl,-6.89
811,COC(=O)C,0.46
812,COC(=O)C=C,-0.22
813,COC(=O)c1ccccc1,-1.85
814,CCCCOC,-0.99
815,CCCOC(=O)CC,-0.82
816,CCCCCCCCCC(=O)OC,-4.69
817,COC=O,0.58
818,COC(=O)c1cc(O)c(O)c(O)c1 ,-1.24
819,CCCCCC(=O)OC,-1.87
820,CNN,1.34
821,CCCCCCCCCCCC(=O)OC,-4.69
822,COC(=O)c1cccnc1 ,-0.46
823,CCCCCCCCC(=O)OC,-3.38
824,CCCCCCCC(=O)OC,-3.17
825,CCCC(=O)OCC,-1.36
826,CCC(=O)OC,-0.14
827,CCCOC,-0.39
828,COC(C)(C)C,-0.24
829,CC1CCCCC1,-3.85
830,CC1CCCC1,-3.3
831,CN(C(=O)NC(C)(C)c1ccccc1)c2ccccc2,-3.35
832,COC(=O)c1ccc(O)cc1,-1.827
833,CC(=O)OC3(C)CCC4C2CCC1=CC(=O)CCC1(C)C2CCC34C ,-5.284
834,Cc1cc(=O)[nH]c(=S)[nH]1,-2.436
835,CCc1cccc(C)c1N(C(C)COC)C(=O)CCl ,-2.73
836,CC2Nc1cc(Cl)c(cc1C(=O)N2c3ccccc3C)S(N)(=O)=O ,-3.78
837,c1ccccc1(OC(=O)NC),-1.803
838,COc1ccc(NC(=O)N(C)C)cc1Cl,-2.564
839,Cc1ncc(N(=O)=O)n1CCO ,-1.26
840,CSc1nnc(c(=O)n1N)C(C)(C)C,-2.253
841,Cc1ncc(N(=O)=O)n1CCO,-1.22
842,Fc1cccc(Br)c1,-2.67
843,Nc1cc(nc(N)n1=O)N2CCCCC2 ,-1.989
844,ClC1(C2(Cl)C3(Cl)C4(Cl)C5(Cl)C1(Cl)C3(Cl)Cl)C5(Cl)C(Cl)(Cl)C24Cl,-6.8
845,Cc1cccc(N)c1,-0.85
846,Nc1cccc(c1)N(=O)=O,-2.19
847,Oc1cccc(c1)N(=O)=O,-1.01
848,Cc1cccc(c1)N(=O)=O,-2.44
849,CON(C)C(=O)Nc1ccc(Cl)cc1,-2.57
850,COC(=O)c1ccccc1OC2OC(COC3OCC(O)C(O)C3O)C(O)C(O)C2O,-0.742
851,CN(C)C(=O)Nc1ccc(Cl)cc1,-2.89
852,Oc1ccc(c(O)c1)c3oc2cc(O)cc(O)c2c(=O)c3O ,-3.083
853,Cc1cccc(C)c1,-2.82
854,CCN(CC)c1ccccc1,-3.03
855,CN(C)C(=O)C,1.11
856,CN(C)c1ccccc1,-1.92
857,COP(=O)(OC)OC(Br)C(Cl)(Cl)Br,-2.28
858,CCN(CC)C(=O)C(C)Oc1cccc2ccccc12 ,-3.57
859,c1ccc2cc3cc4ccccc4cc3cc2c1,-8.6
860,c1ccc2ccccc2c1,-3.6
861,CCCCN(C)C(=O)Nc1ccc(Cl)c(Cl)c1,-4.77
862,CC(C)=CCC/C(C)=C\CO,-2.46
863,CCNc1ccccc1,-1.7
864,Cc3ccnc4N(C1CC1)c2ncccc2C(=O)Nc34 ,-3.19
865,Oc1ccc(Cl)cc1C(=O)Nc2ccc(cc2Cl)N(=O)=O,-4.7
866,NC(=O)c1cccnc1 ,0.61
867,COC(=O)C1=C(C)NC(=C(C1c2ccccc2N(=O)=O)C(=O)OC)C ,-4.76
868,ON=Cc1ccc(o1)N(=O)=O ,-2.19
869,CN2C(=O)CN=C(c1ccccc1)c3cc(ccc23)N(=O)=O,-3.796
870,O=C1NCCN1c2ncc(s2)N(=O)=O,-3.22
871,CCN(CC)c1c(cc(c(N)c1N(=O)=O)C(F)(F)F)N(=O)=O,-3.561
872,Clc1cccc(n1)C(Cl)(Cl)Cl,-3.76
873,O=C3CN=C(c1ccccc1)c2cc(ccc2N3)N(=O)=O,-3.796
874,O=N(=O)c1ccccc1,-1.8
875,CCN(=O)=O,-0.22
876,Clc2ccc(Oc1ccc(cc1)N(=O)=O)c(Cl)c2,-5.46
877,O=C2CN(N=Cc1ccc(o1)N(=O)=O)C(=O)N2 ,-3.38
878,O=N(=O)OCC(CON(=O)=O)ON(=O)=O ,-2.22
879,CN(=O)=O,0.26
880,CNc1ccccc1,-1.28
881,CCCCCCCCC,-5.88
882,OC(C1=CC2C5C(C1C2=C(c3ccccc3)c4ccccn4)C(=O)NC5=O)(c6ccccc6)c7ccccn7 ,-3.931
883,CN(C)C(=O)NC1CC2CC1C3CCCC23,-3.171
884,CC(=O)OC3(CCC4C2CCC1=CC(=O)CCC1C2CCC34C)C#C,-4.8
885,CC34CCC1C(CCC2=CC(=O)CCC12O)C3CCC4(O)C#C,-4.57
886,CNc2cnn(c1cccc(c1)C(F)(F)F)c(=O)c2Cl,-4.046
887,ClC(Cl)C(c1ccc(Cl)cc1)c2ccccc2Cl ,-6.51
888,Nc1ccccc1O,-0.72
889,Nc1ccccc1Cl,-1.52
890,Clc1ccccc1Br,-3.19
891,Clc1ccccc1I,-3.54
892,Clc1ccccc1N(=O)=O,-2.55
893,CCCCCCCC,-5.24
894,CCOC(=O)N,0.85
895,Fc1ccccc1Br,-2.7
896,NC(=O)c1ccccc1O,-1.82
897,COc1ccccc1O,-1.96
898,Nc1ccccc1N(=O)=O,-1.96
899,COc1ccccc1N(=O)=O,-1.96
900,Oc1ccccc1N(=O)=O,-1.74
901,Cc1ccccc1N(=O)=O,-2.33
902,CCCN(CCC)c1c(cc(cc1N(=O)=O)S(N)(=O)=O)N(=O)=O,-5.16
903,c1cc2ccc(OC)c(CC=C(C)(C))c2oc1=O ,-4.314
904,Cc1ccccc1N,-2.21
905,CC(C)Oc1cc(c(Cl)cc1Cl)n2nc(oc2=O)C(C)(C)C,-5.696
906,CNC(=O)ON=C(SC)C(=O)N(C)C,0.106
907,OC3N=C(c1ccccc1)c2cc(Cl)ccc2NC3=O ,-3.952
908,CC1=C(C(=O)Nc2ccccc2)S(=O)(=O)CCO1,-2.281
909,Cc1ccccc1C,-2.8
910,CCCCC1C(=O)N(N(C1=O)c2ccc(O)cc2)c3ccccc3 ,-3.73
911,Nc1ccc(cc1)c2ccc(N)cc2,-2.7
912,ClC(Cl)C(c1ccc(Cl)cc1)c2ccc(Cl)cc2 ,-7.2
913,ClC(Cl)=C(c1ccc(Cl)cc1)c2ccc(Cl)cc2,-6.9
914,Nc1ccc(O)cc1,-0.8
915,O=C1NC(=O)C(=O)N1 ,-0.4
916,CCOP(=S)(OCC)Oc1ccc(cc1)N(=O)=O,-4.66
917,Nc1ccc(cc1)c2ccc(N)cc2,-2.7
918,CC(=O)Nc1ccc(Br)cc1,-3.083
919,Brc1ccc(I)cc1,-4.56
920,CC(=O)Nc1ccc(Cl)cc1,-2.843
921,Nc1ccc(Cl)cc1,-1.66
922,Clc1ccc(Br)cc1,-3.63
923,Clc1ccc(I)cc1,-4.03
924,Clc1ccc(cc1)N(=O)=O,-2.92
925,Cc1ccc(O)cc1,-0.73
926,CCCCN(CC)C(=O)SCCC,-3.53
927,Clc1ccc(CN(C2CCCC2)C(=O)Nc3ccccc3)cc1,-5.915
928,Clc1cc(Cl)c(Cl)c(Cl)c1Cl,-5.65
929,ClC(Cl)C(Cl)(Cl)Cl,-2.6
930,Oc1c(Cl)c(Cl)c(Cl)c(Cl)c1Cl,-4.28
931,Cc1cc(C)c(C)c(C)c1C,-4
932,CCCCC,-3.18
933,O=C1NC(=O)NC(=O)C1(CC)C(C)CCC,-2.39
934,CCCCCOC(=O)C,-1.89
935,CCCCC(=O)OCC,-2.25
936,CCCCCc1ccccc1,-4.64
937,CCCCCC1CCCC1,-6.08
938,Cc1cc(ccc1NS(=O)(=O)C(F)(F)F)S(=O)(=O)c2ccccc2,-3.8
939,CC1(C)C(C=C(Cl)Cl)C1C(=O)OCc2cccc(Oc3ccccc3)c2,-6.291
940,c1cc2cccc3c4cccc5cccc(c(c1)c23)c54,-8.804
941,CC(=O)Nc1ccc(F)cc1,-1.78
942,CCOc1ccc(NC(=O)C)cc1,-2.35
943,c1ccc2c(c1)ccc3ccccc32,-5.26
944,c1ccc2c(c1)cnc3ccccc23 ,-2.78
945,CCOc1ccccc1,-2.33
946,COC(=O)Nc1cccc(OC(=O)Nc2cccc(C)c2)c1,-4.805
947,CCC1(C(=O)NC(=O)NC1=O)c2ccccc2 ,-2.322
948,c1ccccc1O,0
949,Oc1ccc(cc1)C2(OC(=O)c3ccccc23)c4ccc(O)cc4 ,-2.9
950,CC(C)=CC3C(C(=O)OCc2cccc(Oc1ccccc1)c2)C3(C)C ,-5.24
951,CCCCC1C(=O)N(N(C1=O)c2ccccc2)c3ccccc3 ,-3.81
952,NNc1ccccc1,0.07
953,OCc1ccccc1,-0.4
954,NC(=S)Nc1ccccc1,-1.77
955,O=C1NC(=O)C(N1)(c2ccccc2)c3ccccc3,-4.097
956,CCOP(=S)(OCC)SCSCC,-4.11
957,CCOP(=S)(OCC)SCn1c(=O)oc2cc(Cl)ccc12,-5.233
958,CCOP(=S)(OCC)ON=C(C#N)c1ccccc1,-4.862
959,c1cC2C(=O)NC(=O)C2cc1,-2.932
960,O=C1NC(=O)c2ccccc12 ,-2.61
961,N#Cc1ccccc1C#N,-2.38
962,CC(=O)Nc1ccc(O)cc1,-1.03
963,Oc1ccc(C=O)cc1,-0.96
964,c1ccc2c(c1)ccc3c2ccc4c5ccccc5ccc43,-7.87
965,O=C(C=CC=Cc2ccc1OCOc1c2)N3CCCCC3,-3.46
966,O=Cc2ccc1OCOc1c2 ,-1.63
967,CCCOP(=S)(OCCC)SCC(=O)N1CCCCC1C,-4.15
968,CN(C)C(=O)Oc1nc(nc(C)c1C)N(C)C,-1.95
969,CN2C(=C(O)c1ccccc1S2(=O)=O)C(=O)Nc3ccccn3 ,-4.16
970,COc1ccc(C=O)cc1,-1.49
971,Cc1ccc(N)cc1,-1.21
972,Nc1ccc(cc1)N(=O)=O,-2.37
973,COc1ccc(cc1)N(=O)=O,-2.41
974,Oc1ccc(cc1)N(=O)=O,-0.74
975,Cc1ccc(cc1)N(=O)=O,-2.49
976,Oc1ccc(cc1)c2ccccc2,-3.48
977,CC34CCC1C(CC=C2CC(O)CCC12C)C3CCC4=O,-4.12
978,CC12CC(O)C3C(CCC4=CC(=O)C=CC34C)C2CCC1(O)C(=O)CO,-3.18
979,CC(=O)OCC(=O)C3(O)CCC4C2CCC1=CC(=O)C=CC1(C)C2C(O)CC34C ,-4.37
980,CC(=O)C3CCC4C2CC=C1CC(O)CCC1(C)C2CCC34C ,-4.65
981,CCC1(C(=O)NCNC1=O)c2ccccc2,-2.64
982,CCC1(C(C)C)C(=O)NC(=O)NC1=O ,-2.21
983,CC12CC2(C)C(=O)N(C1=O)c3cc(Cl)cc(Cl)c3,-4.8
984,CC(=O)C1CCC2C3CCC4=CC(=O)CCC4(C)C3CCC12C,-4.42
985,COc1nc(NC(C)C)nc(NC(C)C)n1,-2.478
986,CSc1nc(NC(C)C)nc(NC(C)C)n1,-4.1
987,CC(C)N(C(=O)CCl)c1ccccc1 ,-2.48
988,CCC,-1.94
989,CCC(=O)Nc1ccc(Cl)c(Cl)c1,-3
990,CC(C)Nc1nc(Cl)nc(NC(C)C)n1,-4.43
991,CCNP(=S)(OC)OC(=CC(=O)OC(C)C)C,-3.408
992,CCCC1COC(Cn2cncn2)(O1)c3ccc(Cl)cc3Cl,-3.493
993,CCC=O,0.58
994,CCC#N,0.28
995,CNC(=O)Oc1ccccc1OC(C)C,-2.05
996,CCCOC(=O)C,-0.72
997,CCCC(=O)OC,-1.92
998,CCCOC=O,-0.49
999,CCCCC(=O)OC,-1.34
1000,CCCc1ccccc1,-3.37
1001,CCCC1CCCC1,-4.74
1002,CC=C,-1.08
1003,CCCOC(C)C,-1.34
1004,CC#C,-0.41
1005,CC(C)(C)c1ccc(O)cc1,-2.41
1006,c2cnc1ncncc1n2,0.02
1007,c1ccc(cc1)c2ccc(cc2)c3ccccc3,-7.11
1008,Cc1ccc(cc1)S(=O)(=O)N,-1.74
1009,Cc1ccc(C)cc1,-2.77
1010,CC1=C(CCCO1)C(=O)Nc2ccccc2 ,-2.56
1011,NC(=O)c1cnccn1,-0.667
1012,Nc2cnn(c1ccccc1)c(=O)c2Cl,-2.878
1013,c1cc2ccc3cccc4ccc(c1)c2c34,-6.176
1014,c1ccnnc1,1.1
1015,c1ccncc1,0.76
1016,c1cncnc1,1.1
1017,CN(C)C(=O)Oc1cc(C)nn1c2ccccc2,-2.09
1018,CCC2NC(=O)c1cc(c(Cl)cc1N2)S(N)(=O)=O,-3.29
1019,c1ccc2ncccc2c1,-1.3
1020,ClC(Cl)CC(=O)NC2=C(Cl)C(=O)c1ccccc1C2=O,-5.03
1021,Clc1c(Cl)c(Cl)c(N(=O)=O)c(Cl)c1Cl,-5.82
1022,OCC1OC(CO)(OC2OC(COC3OC(CO)C(O)C(O)C3O)C(O)C(O)C2O)C(O)C1O,-0.41
1023,CCC1(C(=O)NC(=O)NC1=O)C2=CCC3CCC2C3,-2.696
1024,CCN2c1ncccc1N(C)C(=O)c3cccnc23 ,-2.62
1025,C1SC(=S)NC1(=O),-1.77
1026,Cc3cc2nc1c(=O)[nH]c(=O)nc1n(CC(O)C(O)C(O)CO)c2cc3C,-3.685
1027,CCCOC(=O)c1ccc(N)cc1,-2.452
1028,COP(=S)(OC)Oc1cc(Cl)c(Cl)cc1Cl,-5.72
1029,COc5cc4OCC3Oc2c1CC(Oc1ccc2C(=O)C3c4cc5OC)C(C)=C ,-4.42
1030,CC(C)NC(=O)N1CC(=O)N(C1=O)c2cc(Cl)cc(Cl)c2,-4.376
1031,O2c1ccccc1N(C)C(=O)c3cccnc23 ,-3.672
1032,O2c1ccc(N)cc1N(C)C(=O)c3cc(C)ccc23 ,-3.928
1033,CCN2c1nc(Cl)ccc1N(C)C(=O)c3cccnc23 ,-4.114
1034,CCN2c1nc(C)cc(C(F)(F)F)c1NC(=O)c3cccnc23 ,-4.207
1035,CCN2c1nc(C)cc(C)c1NC(=O)c3cccnc23 ,-4.554
1036,CCN2c1ncccc1N(C)C(=S)c3cccnc23 ,-4.634
1037,CCN2c1ccccc1N(C)C(=S)c3cccnc23 ,-4.706
1038,CCN2c1ccccc1N(C)C(=O)c3ccccc23 ,-4.749
1039,CCN2c1ncccc1N(CC)C(=O)c3cccnc23 ,-2.86
1040,C2c1ccccc1N(CCF)C(=O)c3ccccc23 ,-4.799
1041,CCN2c1cc(N(C)C)cc(C)c1NC(=O)c3cccnc23 ,-4.871
1042,CCN2c1cc(OC)cc(C)c1NC(=O)c3cccnc23 ,-5.153
1043,CCN2c1cc(Cl)ccc1NC(=O)c3cccnc23 ,-5.36
1044,O2c1cc(C)ccc1N(C)C(=O)c3cc(N)cnc23 ,-3.043
1045,CCN2c1ccccc1N(C)C(=O)c3cccnc23 ,-3.324
1046,CCN2c1nc(N(C)(CCO))ccc1NC(=O)c3cccnc23 ,-3.36
1047,C2c1ccccc1N(CCF)C(=O)c3ccccc23 ,-3.535
1048,O2c1ccccc1N(CC)C(=O)c3ccccc23 ,-3.68
1049,OCC2OC(Oc1ccccc1CO)C(O)C(O)C2O,-0.85
1050,NC(=O)c1ccccc1O,-1.836
1051,c1ccccc1NC(=O)c2c(O)cccc2,-3.59
1052,CC3C2CCC1(C)C=CC(=O)C(=C1C2OC3=O)C,-3.09
1053,O=C1NC(=O)NC(=O)C1(C(C)CCC)CC=C,-2.356
1054,CC1CCCCC1NC(=O)Nc2ccccc2,-4.11
1055,CCNc1nc(Cl)nc(NCC)n1 ,-4.55
1056,CSc1nc(nc(n1)N(C)C)N(C)C,-2.676
1057,OCC(O)C(O)C(O)C(O)CO,1.09
1058,CSCS(=O)CC(CO)NC(=O)C=Cc1c(C)[nH]c(=O)[nH]c1=O,-1.981
1059,CC(=O)SC4CC1=CC(=O)CCC1(C)C5CCC2(C)C(CCC23CCC(=O)O3)C45,-4.173
1060,CCCCOc1ccc(C(=O)OCC)c(c1)N(CC)CC ,-3.84
1061,CC34CCC1C(CCC2CC(=O)CCC12C)C3CCC4O ,-4.743
1062,COP(=O)(OC)OC(=CCl)c1cc(Cl)c(Cl)cc1Cl,-4.522
1063,C=Cc1ccccc1,-2.82
1064,C1OC1c2ccccc2 ,-1.6
1065,O=C1CCC(=O)N1,0.3
1066,OCC2OC(OC1(CO)OC(CO)C(O)C1O)C(O)C(O)C2O ,0.79
1067,NC(=N)NS(=O)(=O)c1ccc(N)cc1 ,-1.99
1068,CCN(CC)C(=S)SCC(Cl)=C,-3.39
1069,Nc1ccc(cc1)S(N)(=O)=O,-1.34
1070,CCC(C)C1(CC=C)C(=O)NC(=O)NC1=O,-2.016
1071,CC(C)(C)c1ccccc1,-3.66
1072,C/C=C/C=O,0.32
1073,Fc1cccc(F)c1C(=O)NC(=O)Nc2cc(Cl)c(F)c(Cl)c2F ,-7.28
1074,Cc1[nH]c(=O)n(c(=O)c1Cl)C(C)(C)C,-2.484
1075,CCOP(=S)(OCC)SCSC(C)(C)C,-4.755
1076,CCNc1nc(NC(C)(C)C)nc(OC)n1,-3.239
1077,CCNc1nc(NC(C)(C)C)nc(SC)n1,-4
1078,CC12CCC3C(CCC4=CC(=O)CCC34C)C2CCC1O,-4.02
1079,CC(=O)OC3CCC4C2CCC1=CC(=O)CCC1(C)C2CCC34C ,-5.184
1080,CCC(=O)OC3CCC4C2CCC1=CC(=O)CCC1(C)C2CCC34C ,-5.37
1081,BrC(Br)(Br)Br,-3.14
1082,ClC(=C(Cl)Cl)Cl,-2.54
1083,COc1c(O)c(Cl)c(Cl)c(Cl)c1Cl ,-4.02
1084,ClC(Cl)(Cl)Cl,-2.31
1085,CCCCCCCCCCCCCC,-7.96
1086,Cc1c(F)c(F)c(COC(=O)C2C(C=C(Cl)C(F)(F)F)C2(C)C)c(F)c1F,-7.321
1087,C1CCOC1,0.49
1088,C1CCOCC1,-0.03
1089,CN(C)C(=O)N(C)C ,0.94
1090,O=C1N(C2CCC(=O)NC2=O)C(=O)c3ccccc13,-2.676
1091,Cn1cnc2n(C)c(=O)[nH]c(=O)c12 ,-2.523
1092,Cn1c(=O)n(C)c2nc[nH]c2c1=O,-1.39
1093,CS(=O)(=O)c1ccc(cc1)C(O)C(CO)NC(=O)C(Cl)Cl ,-2.154
1094,CCCC(C)C1(CC=C)C(=O)NC(=S)NC1=O ,-3.46
1095,c1ccccc1SC,-2.39
1096,CNC(=O)ON=C(CSC)C(C)(C)C ,-1.62
1097,CCSCCSP(=S)(OC)OC,-3.091
1098,CCCC(C)C1(CC)C(=O)NC(=S)NC1=O ,-3.36
1099,c1ccsc1,-1.33
1100,Sc1ccccc1,-2.12
1101,Sc1nccc(=O)[nH]1 ,-2.273
1102,NC(=S)N,0.32
1103,CN(C)C(=S)SSC(=S)N(C)C ,-3.9
1104,Cc1c[nH]c(=O)[nH]c1=O ,-1.506
1105,CC(C)c1ccc(C)cc1O,-2.22
1106,Cc1ccccc1,-2.21
1107,CC(C)(C)Cc1ccccc1,-4.15
1108,C/C1CCC(\C)CC1,-4.47
1109,CCCC/C=C/C,-3.82
1110,CC/C=C/C,-2.54
1111,CC(C)(C)C(=O)C(Oc1ccc(Cl)cc1)n2cncn2,-3.61
1112,CC(C)N(C(C)C)C(=O)SCC(Cl)=C(Cl)Cl,-4.88
1113,CC34CC(O)C1(F)C(CCC2=CC(=O)C=CC12C)C3CC(O)C4(O)C(=O)CO,-3.68
1114,CC5(C)OC4CC3C2CCC1=CC(=O)C=CC1(C)C2(F)C(O)CC3(C)C4(O5)C(=O)CO ,-4.31
1115,CC(=O)OCC(=O)C3(O)C(CC4C2CCC1=CC(=O)C=CC1(C)C2(F)C(O)CC34C)OC(C)=O ,-4.13
1116,Nc3nc(N)c2nc(c1ccccc1)c(N)nc2n3,-2.404
1117,Cc3nnc4CN=C(c1ccccc1Cl)c2cc(Cl)ccc2n34,-4.09
1118,BrC(Br)Br,-1.91
1119,NS(=O)(=O)c2cc1c(NC(NS1(=O)=O)C(Cl)Cl)cc2Cl ,-2.68
1120,COP(=O)(OC)C(O)C(Cl)(Cl)Cl,-0.22
1121,NS(=O)(=O)c2cc1c(NC(NS1(=O)=O)C(Cl)Cl)cc2Cl ,-2.68
1122,ClC(Cl)(Cl)C#N,-2.168
1123,ClC=C(Cl)Cl,-1.96
1124,ClC(Cl)Cl,-1.17
1125,CCOP(=S)(CC)Oc1cc(Cl)c(Cl)cc1Cl,-5.752
1126,Oc1cc(Cl)ccc1Oc2ccc(Cl)cc2Cl,-4.46
1127,Cc1ccc(OP(=O)(Oc2cccc(C)c2)Oc3ccccc3C)cc1,-6.01
1128,Cc2cccc3sc1nncn1c23 ,-2.07
1129,CCNc1nc(Cl)nc(n1)N(CC)CC,-4.06
1130,CCOP(=O)(OCC)OCC,0.43
1131,CCCN(CCC)c1c(cc(cc1N(=O)=O)C(F)(F)F)N(=O)=O,-5.68
1132,ClC(Cl)(Cl)C(NC=O)N1C=CN(C=C1)C(NC=O)C(Cl)(Cl)Cl ,-4.19
1133,COc2cc1c(N)nc(nc1c(OC)c2OC)N3CCN(CC3)C(=O)OCC(C)(C)O ,-3.638
1134,c1ccc2c(c1)c3ccccc3c4ccccc24,-6.726
1135,Nc1ncnc2n(ccc12)C3OC(CO)C(O)C3O ,-1.95
1136,O=c1cc[nH]c(=O)[nH]1 ,-1.488
1137,NC(=O)N,0.96
1138,O=c2[nH]c(=O)c1[nH]c(=O)[nH]c1[nH]2 ,-3.93
1139,CCCCC=O,-0.85
1140,CNC(=O)C(C)SCCSP(=O)(OC)(OC),1.144
1141,CC1(OC(=O)N(C1=O)c2cc(Cl)cc(Cl)c2)C=C,-4.925
1142,CC(=O)CC(c1ccccc1)c3c(O)c2ccccc2oc3=O ,-3.893
1143,Cc1cccc(C)c1NC(=O)c2cc(c(Cl)cc2O)S(N)(=O)=O,-3.79
1144,CNC(=O)Oc1cc(C)cc(C)c1,-2.581
