,SMILES,Standard Value,STD_value,target_
0,Brc1ccc2ncnc(Nc3ccc(N4CCOCC4)cc3)c2c1,[116132.0],0,116132
1,C#CCn1cc(/C=N/NC(=O)COc2cccc3cccnc23)c2ccccc21,[16271.0],0,16271
2,C#CCn1cc(/C=N/NC(=O)c2cc3ccccc3o2)c2ccccc21,[116147.0],0,116147
3,C#C[C@]1(O)CC[C@H]2[C@@H]3CCC4=C/C(=N/O)CC[C@@H]4[C@H]3CC[C@@]21CC,[25100.0],0,25100
4,C(=N/OCc1ccc(Oc2ccccc2)cc1)\c1c(-c2ccc3ccccc3c2)nc2occn12,[1100.0],0,1100
5,C(=N/OCc1ccccc1)\c1c(-c2ccc3ccccc3c2)nc2occn12,[7300.0],0,7300
6,C/C(=C\CC/C(C)=C/CC[C@]1(C)CCc2cc(O)cc(C)c2O1)CC/C=C(\C)C(=O)O,[1300.0],0,1300
7,C/C(=C\CC/C(C)=C/CC[C@]1(C)CCc2cc(O[C@@H]3O[C@H](C(=O)[O-])[C@@H](O)[C@H](O)[C@H]3O)cc(C)c2O1)CC/C=C(\C)C(=O)[O-].[Na+].[Na+],[17000.0],0,17000
8,C/C(=C\c1ccc2c(c1)N(S(=O)(=O)c1c(OCCO)nn3c1CCCC3)C[C@H](CCC(=O)O)O2)c1c(F)cccc1Cl,[10000.0],0,10000
9,C/C(=C\c1ccc2c(c1)N(S(=O)(=O)c1ccc(F)c(C(F)(F)F)c1)C[C@H](CCC(=O)O)O2)c1c(F)cccc1Cl,[6000.0],0,6000
10,C/C(=C\c1ccc2c(c1)N(S(=O)(=O)c1ccc(F)c(C3CC3)c1)C[C@H](CCC(=O)O)O2)c1c(F)cccc1Cl,[6700.0],0,6700
11,C/C(=C\c1ccc2c(c1)N(S(=O)(=O)c1cccc(C(F)(F)F)c1)C[C@H](CCC(=O)O)O2)c1c(Cl)cccc1Cl,[10000.0],0,10000
12,C/C(=C\c1ccc2c(c1)N(S(=O)(=O)c1cccc(C(F)(F)F)c1)C[C@H](CCC(=O)O)O2)c1c(F)cccc1Cl,[10000.0],0,10000
13,C/C(=C\c1ccc2c(c1)N(S(=O)(=O)c1cccc(C(F)(F)F)c1)C[C@H](CCC(=O)O)O2)c1ccccc1,[10000.0],0,10000
14,C/C(=C\c1ccc2c(c1)N(S(=O)(=O)c1cccc(C(F)(F)F)c1)C[C@H](CCC(=O)O)O2)c1ccccc1C,[5000.0],0,5000
15,C/C(=C\c1ccc2c(c1)N(S(=O)(=O)c1cccc(C(F)(F)F)c1)C[C@H](CCC(=O)O)O2)c1ccccc1C(F)(F)F,[10000.0],0,10000
16,C/C(=C\c1ccc2c(c1)N(S(=O)(=O)c1cccc(C(F)(F)F)c1)C[C@H](CCC(=O)O)O2)c1ccccc1Cl,[10000.0],0,10000
17,C/C(=C\c1ccc2c(c1)N(S(=O)(=O)c1cccc(OC(F)F)c1)C[C@H](CCC(=O)O)O2)c1c(F)cccc1Cl,[9100.0],0,9100
18,C/C(=N/Nc1ccc(F)cc1)c1ccc(Cl)s1,[116193.0],0,116193
19,C/C(=N\NC(=O)c1cccnc1)c1ccc(-n2ccnc2)cc1,[116205.0],0,116205
20,C/C=C1/C(=O)C[C@H]2[C@@H]3CCC4=CC(=O)CC[C@]4(C)[C@H]3CC[C@]12C,[2500.0],0,2500
21,C=C1[C@@H](O)CC[C@@]2(C)[C@H]1CCC1=C3CC[C@H]([C@H](C)CCC=C(C)C)[C@@]3(C)CC[C@@H]12,[21000.0],0,21000
22,C=CC(=O)N(C)CCOc1c(N)ncnc1-c1cc(F)cc(NC(=O)c2ccc(C3CC3)cc2F)c1C,[5480.0],0,5480
23,C=CCOC(c1ccc(C2(S(=O)(=O)c3ccc(F)cc3)CCCC2)cc1)(C(F)(F)F)C(F)(F)F,[371.0],0,371
24,C=CC[C@@H]1/C=C(\C)C[C@H](C)C[C@H](OC)[C@H]2O[C@@](O)(C(=O)C(=O)N3CCCC[C@H]3C(=O)O[C@H](/C(C)=C/[C@@H]3CC[C@@H](O)[C@H](OC)C3)[C@H](C)[C@@H](O)CC1=O)[C@H](C)C[C@@H]2OC,[5000.0],0,5000
25,CC(/C=C/c1cccc([N+](=O)[O-])c1)=N/NC(=O)c1cccnc1,[116131.0],0,116131
26,CC(=O)N1CC(C(=O)N2CC[C@](c3ccc(C(OCc4c(F)cccc4F)(C(F)(F)F)C(F)(F)F)cc3)(S(=O)(=O)c3ccc(F)cc3)C2)C1,[1150.0],0,1150
27,CC(=O)N1CCC(C(=O)N2CC[C@](c3ccc(C(F)(C(F)(F)F)C(F)(F)F)cc3)(S(=O)(=O)c3ccc(F)cc3)C2)CC1,"[50000.0, 50000.0]",0,50000
28,CC(=O)N1CCC(C(=O)N2CC[C@](c3ccc(C(O)(C(F)(F)F)C(F)(F)F)cc3)(S(=O)(=O)c3ccc(F)cc3)C2)CC1,"[7810.0, 7810.0]",0,7810
29,CC(=O)N1CCC(C(=O)N2CC[C@](c3ccc(C(OCc4c(F)cccc4F)(C(F)(F)F)C(F)(F)F)cc3)(S(=O)(=O)c3ccc(F)cc3)C2)CC1,[50000.0],0,50000
30,CC(=O)N1CCC(C(=O)N2C[C@@H](c3ccc(C(F)(C(F)(F)F)C(F)(F)F)cc3)[C@@](C)(c3ccc(F)cc3)C2)CC1,[50000.0],0,50000
31,CC(=O)N1CCC(C(=O)N2C[C@@H](c3ccc(C(O)(C(F)(F)F)C(F)(F)F)cc3)[C@@](C)(c3ccc(F)cc3)C2)CC1,[1080.0],0,1080
32,CC(=O)N1CCC(C(=O)N2C[C@H](c3ccc(C(O)(C(F)(F)F)C(F)(F)F)cc3)[C@](C)(c3ccccc3)C2)CC1,[1250.0],0,1250
33,CC(=O)N1CCC(C)(C(=O)N2CC[C@](c3ccc(C(OCc4c(F)cccc4F)(C(F)(F)F)C(F)(F)F)cc3)(S(=O)(=O)c3ccc(F)cc3)C2)CC1,[630.0],0,630
34,CC(=O)N1CCC(O)(C(=O)N2CC[C@](c3ccc(C(OCc4c(F)cccc4F)(C(F)(F)F)C(F)(F)F)cc3)(S(=O)(=O)c3ccc(F)cc3)C2)CC1,[50000.0],0,50000
35,CC(=O)N1CCC(c2ccc(C(O)(C(F)(F)F)C(F)(F)F)cc2)(S(=O)(=O)c2ccc(F)cc2)C1,[480.0],0,480
36,CC(=O)N1CCN(C(=O)N2CC[C@@](c3ccc(C(O)(C(F)(F)F)C(F)(F)F)cc3)(S(=O)(=O)c3ccc(F)cc3)C2)CC1,[5140.0],0,5140
37,CC(=O)N1CCN(C(=O)N2CC[C@](c3ccc(C(F)(C(F)(F)F)C(F)(F)F)cc3)(S(=O)(=O)c3ccc(F)cc3)C2)CC1,"[50000.0, 50000.0]",0,50000
38,CC(=O)N1CCN(C(=O)N2CC[C@](c3ccc(C(O)(C(F)(F)F)C(F)(F)F)cc3)(S(=O)(=O)c3ccc(F)cc3)C2)CC1,"[4930.0, 4930.0]",0,4930
39,CC(=O)N1CCN(C(=O)N2CC[C@](c3ccc(C(OCc4c(F)cccc4C#N)(C(F)(F)F)C(F)(F)F)cc3)(S(=O)(=O)c3ccc(F)cc3)C2)CC1,[1230.0],0,1230
40,CC(=O)N1CCN(C(=O)N2CC[C@](c3ccc(C(OCc4c(F)cccc4F)(C(F)(F)F)C(F)(F)F)cc3)(S(=O)(=O)c3ccc(F)cc3)C2)CC1,[50000.0],0,50000
41,CC(=O)N1CCN(c2ccc(CN(C(C)C)S(=O)(=O)Cc3ccccc3)cc2)CC1,[10000.0],0,10000
42,CC(=O)N1CCN(c2ccc(CN(C3CCC3)S(=O)(=O)Cc3ccccc3)cc2)CC1,[10000.0],0,10000
43,CC(=O)N1CCN(c2ccc(CN(CC(C)C)S(=O)(=O)Cc3ccccc3)cc2)CC1,[10000.0],0,10000
44,CC(=O)N1CCN(c2ccc(CN(CC(F)(F)F)S(=O)(=O)Cc3ccccc3)cc2)CC1,[10000.0],0,10000
45,CC(=O)N1CC[C@@H](C(=O)N2CC[C@](c3ccc(C(OCc4c(F)cccc4F)(C(F)(F)F)C(F)(F)F)cc3)(S(=O)(=O)c3ccc(F)cc3)C2)C1,[50000.0],0,50000
46,CC(=O)N1CC[C@H](C(=O)N2CC[C@](c3ccc(C(OCc4c(F)cccc4F)(C(F)(F)F)C(F)(F)F)cc3)(S(=O)(=O)c3ccc(F)cc3)C2)C1,[50000.0],0,50000
47,CC(=O)N1C[C@@H](c2ccc(C(O)(C(F)(F)F)C(F)(F)F)cc2)[C@@](C)(c2ccccc2)C1,[361.0],0,361
48,CC(=O)Nc1cc(-c2ccc(Cl)cc2)n[nH]1,[74718.0],0,74718
49,CC(=O)Nc1cc(-c2cnc(N(C)C(=O)c3c(F)cccc3Cl)c(N3CCCCC3)c2)n(C(C)C)n1,[5400.0],0,5400
50,CC(=O)Nc1ccc(-c2nnc(C3(c4ccc(Cl)cc4)CCC3)n2C)c(Cl)c1,[30000.0],0,30000
51,CC(=O)Nc1ccc(-c2nnc(C3(c4ccc(Cl)cc4)CCC3)n2C)cc1,[30000.0],0,30000
52,CC(=O)Nc1ccc2cc3ccc(NC(C)=O)cc3nc2c1,[116003.0],0,116003
53,CC(=O)Nc1cccc(OCC(=O)Nc2ccc(F)cc2)c1,[116106.0],0,116106
54,CC(=O)Nc1cccc2c1C(=O)N(c1ccc(C)cc1)C2=O,[116228.0],0,116228
55,CC(=O)Nc1nc(C(C)C)c(-c2cnc(N(C)C(=O)c3c(F)cccc3Cl)c(N3CCCCC3)c2)s1,[400.0],0,400
56,CC(=O)Nc1nccc(-c2sc(C3CCN(C4CC4)CC3)nc2-c2cccc(NS(=O)(=O)c3cc(F)ccc3F)c2F)n1,[10800.0],0,10800
57,CC(=O)Nc1nccc(-c2sc(CCCN)nc2-c2cccc(NS(=O)(=O)c3cc(F)ccc3F)c2F)n1,[30000.0],0,30000
58,CC(=O)Nc1sc2c(c1-c1nc3ccccc3s1)CCN(C(C)C)C2.Cl,[116135.0],0,116135
59,CC(=O)c1ccc(N(CC(F)(F)F)S(=O)(=O)c2ccccc2)cc1,[10000.0],0,10000
60,CC(=O)c1ccc(NC(=O)c2cc(Cl)nc3ccccc23)cc1,[116133.0],0,116133
61,CC(=O)c1noc(C)c1C(=O)Nc1nccs1,[116075.0],0,116075
62,CC(=O)n1cc(/C=N/NC(=O)c2sc(C)nc2C)c2ccccc21,[116147.0],0,116147
63,CC(C)(C(=O)O)c1cccn2c(C3(c4ccc(Cl)cc4)CC3)nnc12,[50000.0],0,50000
64,CC(C)(C)Cc1c[nH]c(CC(C)(O)c2ccc(-c3ccc(F)cn3)cc2)n1,[25000.0],0,25000
65,CC(C)(C)NC(=O)C(c1ccccn1)n1ccc2cc(C(C)(C)C(=O)NC(C)(C)C)ccc21,[600.0],0,600
66,CC(C)(C)NC(=O)Cn1c(-c2cc(C(F)(F)F)cc(C(F)(F)F)c2)cc2cc(C(C)(C)C(=O)NC(C)(C)C)ccc21,[10760.0],0,10760
67,CC(C)(C)NC(=O)Cn1c(-c2cc(F)cc(C(F)(F)F)c2)cc2cc(C(C)(C)C(=O)NC(C)(C)C)ccc21,[30000.0],0,30000
68,CC(C)(C)NC(=O)Cn1c(-c2ccc(F)cc2)cc2cc(C(C)(C)C(=O)NC(C)(C)C)ccc21,[30000.0],0,30000
69,CC(C)(C)NC(=O)Cn1c(-c2ccc(F)cc2F)cc2cc(C(C)(C)C(=O)NC(C)(C)C)ccc21,[940.0],0,940
70,CC(C)(C)NC(=O)Cn1c(-c2ccc(OC(F)(F)F)cc2)cc2cc(C(C)(C)C(=O)NC(C)(C)C)ccc21,[30000.0],0,30000
71,CC(C)(C)NC(=O)Cn1c(-c2cccc(OC(F)(F)F)c2)cc2cc(C(C)(C)C(=O)NC(C)(C)C)ccc21,[30000.0],0,30000
72,CC(C)(C)NC(=O)Cn1c(-c2ccccc2)cc2cc(C(C)(C)C(=O)NC(C)(C)C)ccc21,[1810.0],0,1810
73,CC(C)(C)NC(=O)Cn1c(-c2ccccc2OC(F)(F)F)cc2cc(C(C)(C)C(=O)NC(C)(C)C)ccc21,[30000.0],0,30000
74,CC(C)(C)NC(=O)Cn1c(C(=O)NC(C)(C)C)cc2cc(C(C)(C)C(=O)NC(C)(C)C)ccc21,[6640.0],0,6640
75,CC(C)(C)NC(=O)Cn1c(C(C)(C)C)cc2cc(C(C)(C)C(=O)NC(C)(C)C)ccc21,[570.0],0,570
76,CC(C)(C)OC(=O)N1CC[C@@H]2[C@@H](c3ccsc3)Nc3c(ccc4c3CCCC4)[C@@H]21,[3700.0],0,3700
77,CC(C)(C)OC(=O)N1CC[C@@H]2[C@H](c3ccco3)Nc3c(ccc4c3CCCC4)[C@@H]21,[1500.0],0,1500
78,CC(C)(C)OC(=O)N1CC[C@@H]2[C@H](c3ccsc3)Nc3c(ccc4c3CCCC4)[C@@H]21,[8400.0],0,8400
79,CC(C)(C)OC(=O)N1CC[C@@H]2[C@H]1c1ccc3c(c1N[C@H]2c1ccsc1)CCCC3,[1200.0],0,1200
80,CC(C)(C)OC(=O)N1CC[C@H]2[C@@H](c3ccsc3)Nc3c(ccc4c3CCCC4)[C@H]21,[3200.0],0,3200
81,CC(C)(C)c1ccc(S(=O)(=O)N2Cc3ccc(C(F)(F)F)nc3Nc3cccc(-c4cccnc4)c32)cc1,[1800.0],0,1800
82,CC(C)(C)c1ccc(S(=O)(=O)N2Cc3ccc(C(F)(F)F)nc3Nc3cccc(-c4ncon4)c32)cc1,[11800.0],0,11800
83,CC(C)(C)c1ccc(S(=O)(=O)N2Cc3ccc(C(F)(F)F)nc3Nc3cccc(-c4noc(=O)[nH]4)c32)cc1,[1900.0],0,1900
84,CC(C)(C)c1ccc(S(=O)(=O)N2Cc3ccc(C(F)(F)F)nc3Nc3cccc(-c4noc(C(C)(C)O)n4)c32)cc1,[10000.0],0,10000
85,CC(C)(C)c1ccc(S(=O)(=O)N2Cc3ccc(C(F)(F)F)nc3Nc3cccc(-c4noc(CO)n4)c32)cc1,[3500.0],0,3500
86,CC(C)(C)c1ccc(S(=O)(=O)N2Cc3ccc(C(F)(F)F)nc3Nc3cccc(C4CCNCC4)c32)cc1,[6600.0],0,6600
87,CC(C)(C)c1ccc(S(=O)(=O)Nc2ccc3c(c2)ncn3Cc2ccccc2)cc1,[42.0],0,42
88,CC(C)(C)c1nc(-c2cc(Cl)cc(NS(=O)(=O)c3cc(F)ccc3F)c2F)c(-c2ccnc(N)n2)s1,[81.4],0,81.4
89,CC(C)(C)c1nc(-c2cccc(NS(=O)(=O)c3c(F)cccc3F)c2F)c(-c2ccnc(N)n2)s1,"[87.2, 87.0]",0.1,87.1
90,CC(C)(C)c1nc(C23CCC(CN(C(=O)C45CC(F)(C4)C5)c4cccc(-c5nc(C6CC6)no5)c4)(CC2)CC3)no1,[50000.0],0,50000
91,CC(C)(C)c1nc(C23CCC(CN(C(=O)C45CC(F)(C4)C5)c4cccc(-c5nnc(C6CC6)o5)c4)(CC2)CC3)no1,[6000.0],0,6000
92,CC(C)(C)c1noc(C23CCC(CN(C(=O)C45CC(F)(C4)C5)c4cccc(-c5nc(C6CC6)no5)c4)(CC2)CC3)n1,[50000.0],0,50000
93,CC(C)(C1CCN(C(=O)c2cc(F)ccc2S(C)(=O)=O)CC1)S(=O)(=O)c1cccc(C(F)(F)F)c1,[2500.0],0,2500
94,CC(C)(C1CCN(C(=O)c2ccc(S(C)(=O)=O)cc2OC(F)(F)F)CC1)S(=O)(=O)c1cccc(C(F)(F)F)c1,[30000.0],0,30000
95,CC(C)(CCO)c1cccn2c(C3(c4ccc(Cl)cc4)CC3)nnc12,[1300.0],0,1300
96,CC(C)(C[C@H]1CN(S(=O)(=O)c2cccc(C(F)(F)F)c2)c2cc(-c3cc(F)cc(OC(F)F)c3)ccc2O1)C(=O)O,[8000.0],0,8000
97,CC(C)(C[C@H]1CN(S(=O)(=O)c2cccc(C(F)(F)F)c2)c2cc(-c3cc(F)ccc3F)ccc2O1)C(=O)O,[10000.0],0,10000
98,CC(C)(C[C@H]1CN(S(=O)(=O)c2cccc(C(F)(F)F)c2)c2cc(-c3cccc(Cl)c3F)ccc2O1)C(=O)O,[10000.0],0,10000
99,CC(C)(O)C(=O)N[C@@H]1CC[C@@]2(S(=O)(=O)c3ccc(F)cc3)c3ccc(C(F)(C(F)(F)F)C(F)(F)F)cc3CC[C@@H]12,[5000.0],0,5000
100,CC(C)(O)CC(=O)NCC1CN(S(=O)(=O)c2ccc(F)cc2)c2ccc(C(O)(C(F)(F)F)C(F)(F)F)cc2S1,[520.0],0,520
101,CC(C)(O)CCc1cccn2c(C3(c4ccc(Cl)cc4)CC3)nnc12,[3600.0],0,3600
102,CC(C)(O)CN1C(=O)[C@H](F)C[C@H]1C(=O)N1CC[C@@]2(S(=O)(=O)c3ccc(F)cc3)c3ccc(C(F)(C(F)(F)F)C(F)(F)F)cc3CC[C@@H]12,[50000.0],0,50000
103,CC(C)(O)CNC(=O)CC1CCc2cc(C(O)(C(F)(F)F)C(F)(F)F)ccc2N1S(=O)(=O)c1ccc(F)cc1,[2000.0],0,2000
104,CC(C)(O)CNC(=O)CC1CN(S(=O)(=O)c2ccc(F)cc2)c2ccc(C(O)(C(F)(F)F)C(F)(F)F)cc2S1,[175.0],0,175
105,CC(C)(O)CNC(=O)CC1Cc2cc(C(O)(C(F)(F)F)C(F)(F)F)ccc2N(S(=O)(=O)c2ccc(F)cc2)C1,"[300.0, 270.0]",15,285
106,CC(C)(O)CNC(=O)C[C@@H]1CCc2cc(C(O)(C(F)(F)F)C(F)(F)F)ccc2N1S(=O)(=O)c1ccc(F)cc1,[1830.0],0,1830
107,CC(C)(O)CNC(=O)C[C@@H]1CN(S(=O)(=O)c2ccc(F)cc2)c2ccc(C(O)(C(F)(F)F)C(F)(F)F)cc2S1,[228.0],0,228
108,CC(C)(O)CNC(=O)C[C@H]1CCc2cc(C(O)(C(F)(F)F)C(F)(F)F)ccc2N1S(=O)(=O)c1ccc(F)cc1,[2860.0],0,2860
109,CC(C)(O)CNC(=O)C[C@H]1CN(S(=O)(=O)c2ccc(F)cc2)c2ccc(C(O)(C(F)(F)F)C(F)(F)F)cc2S1,[144.0],0,144
110,CC(C)(O)[C@H](F)CNC(=O)C[C@@H]1CCc2cc(C(O)(C(F)(F)F)C(F)(F)F)ccc2N1S(=O)(=O)c1ccc(F)cc1,[2000.0],0,2000
111,CC(C)(O)c1ccc(-c2cccc(N(CC34CCC(c5noc(C(C)(C)F)n5)(CC3)CC4)C(=O)[C@H]3C[C@@](C)(O)C3)c2)cc1,[50000.0],0,50000
112,CC(C)(O)c1ccc(-c2cccc(N(CC34CCC(c5noc(C(C)(C)F)n5)(CC3)CC4)C(=O)[C@H]3C[C@](O)(C(F)(F)F)C3)c2)cc1,[50000.0],0,50000
113,CC(C)(O)c1cccn2c(C3(c4ccc(Cl)cc4)CC3)nnc12,[50000.0],0,50000
114,CC(C)(O)c1cn(-c2ccc(-c3cc(F)c(CO)c(S(C)(=O)=O)c3)cc2)c(C(C)(C)c2cccc(F)c2Cl)n1,[3000.0],0,3000
115,CC(C)(O)c1cn(-c2ccc(-c3cc(F)c(CO)c(S(C)(=O)=O)c3)cc2F)c(C(C)(C)c2c(Cl)cccc2Cl)n1,[1000.0],0,1000
116,CC(C)(O)c1nc(-c2cccc3c2N(S(=O)(=O)c2ccc(C(F)(F)F)cc2)Cc2ccc(C(F)(F)F)nc2N3)no1,[30000.0],0,30000
117,CC(C)(O)c1nc(-c2cccc3c2N(S(=O)(=O)c2ccc(OC(F)(F)F)cc2)Cc2ccc(C(F)(F)F)nc2N3)no1,[30000.0],0,30000
118,CC(C)(O)c1nc(-c2cccc3c2N(S(=O)(=O)c2ccc(OC(F)F)cc2)Cc2ccc(C(F)(F)F)nc2N3)no1,[10000.0],0,10000
119,CC(C)CN(Cc1ccccc1C(F)(F)F)S(=O)(=O)c1ccc(NC2CCN(S(C)(=O)=O)CC2)cc1,[10000.0],0,10000
120,CC(C)CN(Cc1ccccc1C(F)(F)F)S(=O)(=O)c1ccc(OC2CCN(S(C)(=O)=O)CC2)cn1,[10000.0],0,10000
121,CC(C)CN(c1ccc(C#N)cc1)S(=O)(=O)c1ccc(OC2CCN(S(C)(=O)=O)CC2)cc1,[10000.0],0,10000
122,CC(C)CN(c1ccc(F)cc1)S(=O)(=O)c1ccc(OC2CCN(S(C)(=O)=O)CC2)cc1,[10000.0],0,10000
123,CC(C)CN(c1ccccc1C(F)(F)F)S(=O)(=O)c1ccc(NC2CCN(S(C)(=O)=O)CC2)cc1,[10000.0],0,10000
124,CC(C)N(C)Cc1cccc(F)c1CNc1cc(F)c(S(=O)(=O)Nc2cscn2)c(F)c1,[4100.0],0,4100
125,CC(C)[C@@H](NC(=O)CCC(C)(C)O)C(=O)N1CC[C@](O)(c2ccc(Cl)cc2)C(C)(C)C1,[25000.0],0,25000
126,CC(C)[C@@H](NC(=O)C[C@@H](C)O)C(=O)N1CC[C@](O)(c2ccc(Cl)cc2)C(C)(C)C1,[7800.0],0,7800
127,CC(C)[C@@H](NC(=O)NCC(C)(C)O)C(=O)N1CC[C@](O)(c2ccc(Cl)cc2)C(C)(C)C1,[25000.0],0,25000
128,CC(C)[C@@H](NC(=O)NC[C@@H](C)O)C(=O)N1CC[C@](O)(c2ccc(Cl)cc2)C(C)(C)C1,[25000.0],0,25000
129,CC(C)[C@@H](NC(=O)NC[C@H](C)O)C(=O)N1CC[C@](O)(c2ccc(Cl)cc2)C(C)(C)C1,[25000.0],0,25000
130,CC(C)[C@@H](NC(=O)N[C@@H]1CC[C@@H](O)C1)C(=O)N1CC[C@](O)(c2ccc(Cl)cc2)C(C)(C)C1,[50000.0],0,50000
131,CC(C)[C@@H](NC(=O)N[C@@H]1CC[C@H](O)C1)C(=O)N1CC[C@](O)(c2ccc(Cl)cc2)C(C)(C)C1,[50000.0],0,50000
132,CC(C)[C@@H](NC(=O)N[C@H]1CC[C@@H](O)C1)C(=O)N1CC[C@](O)(c2ccc(Cl)cc2)C(C)(C)C1,[19000.0],0,19000
133,CC(C)[C@@H](NC(=O)N[C@H]1CC[C@H](O)C1)C(=O)N1CC[C@](O)(c2ccc(Cl)cc2)C(C)(C)C1,[5700.0],0,5700
134,CC(C)[C@@H](NC(=O)[C@@H]1CCC[C@@H]1N)C(=O)N1CC[C@](O)(c2ccc(Cl)cc2)C(C)(C)C1,[8500.0],0,8500
135,CC(C)[C@@H](NC(=O)[C@@H]1CCC[C@@H]1O)C(=O)N1CC[C@](O)(c2ccc(Cl)cc2)C(C)(C)C1,[1400.0],0,1400
136,CC(C)[C@H](C)CC[C@@H](C)[C@H]1CCC2=C3CC[C@H]4[C@H](C)[C@H](O)CC[C@]4(C)[C@H]3CC[C@@]21C,[18000.0],0,18000
137,CC(C)c1cc(-c2ccc(C(F)(F)F)cc2CN2C(=O)O[C@H](c3cc(C(F)(F)F)cc(C(F)(F)F)c3)[C@@H]2C)c(Cl)cc1F,[7500.0],0,7500
138,CC(C)c1ccc(-c2ccc3c(c2)N(S(=O)(=O)c2cccc(C(F)(F)F)c2)C[C@H](CCC(=O)O)O3)cc1,[10000.0],0,10000
139,CC(C)c1ccc(S(=O)(=O)N2Cc3ccc(C(F)(F)F)nc3Nc3cccc(-c4noc(C(C)(C)O)n4)c32)cc1,[2400.0],0,2400
140,CC(C)c1cccn2c(C3(c4ccc(Cl)cc4)CC3)nnc12,[1000.0],0,1000
141,CC(C)c1nc(CN(C)C(=O)N[C@H](C(=O)N[C@@H](Cc2ccccc2)C[C@H](O)[C@H](Cc2ccccc2)NC(=O)OCc2cncs2)C(C)C)cs1,[4000.0],0,4000
142,CC(C)c1onc(-c2c(Cl)cccc2Cl)c1COc1ccc(N(C)Cc2ccc(C(=O)O)cc2)c(C(F)(F)F)n1,[1282000.0],0,1282000
143,CC(O)(c1ccc(C2(S(=O)(=O)c3ccc(F)cc3)CCCC2)cc1)C(F)(F)F,[239.0],0,239
144,CC(O)(c1ccc(N(CC(F)(F)F)S(=O)(=O)c2ccccc2)cc1)C(F)(F)F,[501.19],0,501.19
145,CC(O)c1ccc(N(CC(F)(F)F)S(=O)(=O)c2ccccc2)cc1,[10000.0],0,10000
146,CC(c1ccc(C2(S(=O)(=O)c3ccc(F)cc3)CCCC2)cc1)(C(F)(F)F)C(F)(F)F,[752.0],0,752
147,CC/C(=C(/CC)c1ccc(OC)cc1)c1ccc(OC)cc1,[10500.0],0,10500
148,CC1(C(=O)N2CC[C@](c3ccc(C(F)(C(F)(F)F)C(F)(F)F)cc3)(S(=O)(=O)c3ccc(F)cc3)C2)CCS(=O)(=O)CC1,[50000.0],0,50000
149,CC1(C)CCC(C)(C)c2cc(-c3nc4sccn4c3/C=N/OCc3ccc(Cl)c(Cl)c3)ccc21,[3600.0],0,3600
150,CC1(C)CCN(S(=O)(=O)c2ccc(F)cc2)c2ccc(C(O)(C(F)(F)F)C(F)(F)F)cc21,[36.0],0,36
151,CC1(C)CCN1Cc1cccc(F)c1CNc1cc(F)c(S(=O)(=O)Nc2cscn2)c(F)c1,[11800.0],0,11800
152,CC1(C)CCN1Cc1cccc(F)c1CNc1cc(F)c(S(=O)(=O)Nc2cscn2)cc1Cl,[4800.0],0,4800
153,CC1(C)CCc2cc(S(=O)(=O)N(CC(=O)O)C3(c4cccc(-c5cc(Cl)cc(Cl)c5)c4)CCC3)ccc2O1,[3000.0],0,3000
154,CC1(C)CN2CCC[C@]2(CNc2cc(F)c(S(=O)(=O)Nc3nccs3)cc2Cl)C1,[5600.0],0,5600
155,CC1(C)Cc2c(c(C(=O)Nc3ccc(F)c(C(F)(F)F)c3)cc3nc(Nc4c(F)cccc4Cl)[nH]c23)O1,[2460.0],0,2460
156,CC1(C)OCCn2c1nc(C(=O)NCc1ccc(F)cc1)c(O)c2=O,[50000.0],0,50000
157,CC1(C)S[C@@H]2[C@H](N3C(=O)[C@@H](c4ccccc4)NC3(C)C)C(=O)N2[C@H]1C(=O)[O-].[K+],[6300.0],0,6300
158,CC1(O)C2CC3CC(C2)C(CC(=O)N2CC(O)C2)(c2ccc(F)cc2)C1C3,[50000.0],0,50000
159,CC1CCN(S(=O)(=O)c2ccc(F)cc2)c2ccc(C(O)(C(F)(F)F)C(F)(F)F)cc21,[16.0],0,16
160,CCC(=O)N(c1ccccc1)C1CCN(CCc2ccccc2)CC1,"[31600.0, 31600.0, 31600.0]",0,31600
161,CCC(=O)NC(=S)Nc1ccc(NC(=O)c2ccco2)c(Cl)c1,[116135.0],0,116135
162,CCC(=O)Nc1cc(OC)c(NC(=O)c2ccccc2)cc1OC,[116159.0],0,116159
163,CCC(Nc1nnc(-c2ccc(OC)cc2)o1)[C@H]1CC[C@@H](c2ccnc3c(F)cc(F)cc32)CC1,[550.0],0,550
164,CCC(Nc1nnc(-c2ccc(OC)cc2)o1)[C@H]1CC[C@@H](c2ccnc3ccc(C(F)(F)F)cc32)CC1,[1060.0],0,1060
165,CCC(Nc1nnc(-c2ccc(OC)cc2)o1)[C@H]1CC[C@@H](c2ccnc3ccc(F)cc32)CC1,[940.0],0,940
166,CCC(Nc1nnc(-c2ccc(OC)cc2)o1)[C@H]1CC[C@H](Oc2ccnc3ccccc23)CC1,[50000.0],0,50000
167,CCC(O)(c1ccc(C2(S(=O)(=O)c3ccc(F)cc3)CCCC2)cc1)C(F)(F)F,[48.0],0,48
168,CCC(c1nc2ncc(Cl)cc2[nH]1)[C@H]1CC[C@@H](c2ccnc3ccc(C(F)(F)F)cc32)CC1,[1190.0],0,1190
169,CCC1(C(=O)N2CC[C@](c3ccc(C(F)(C(F)(F)F)C(F)(F)F)cc3)(S(=O)(=O)c3ccc(F)cc3)C2)CCS(=O)(=O)CC1,[5200.0],0,5200
170,CCCC(=O)Nc1nn(C)c2nc3cc(C)ccc3cc12,[80577.0],0,80577
171,CCCC(O)(c1ccc(N(CC(F)(F)F)S(=O)(=O)c2ccccc2)cc1)C(F)(F)F,[158.49],0,158.49
172,CCCCCCCCCC(CC)c1ccc(S(=O)(=O)[O-])cc1.[Na+],[15800.0],0,15800
173,CCCCCCCCCCCCCCCC[N+](C)(C)CCN(Cc1ccc(OC)cc1)c1ncccn1.[Br-],"[11200.0, 11200.0]",0,11200
174,CCCCCCn1cnc2cc(NS(=O)(=O)c3c(C)c(C)c(C)c(C)c3C)ccc21,[13.0],0,13
175,CCCCCCn1cnc2cc(NS(=O)(=O)c3ccccc3Cl)ccc21,[55.0],0,55
176,CCCCN(Cc1cc(Cl)c(O)c(Cl)c1)c1ccc(C(O)(C(F)(F)F)C(F)(F)F)cc1,[250.0],0,250
177,CCCCN(c1ccc([Si](C)(C)O)cc1)S(=O)(=O)c1ccccc1,[6500.0],0,6500
178,CCCC[C@H](NC(=O)C1CN(C)C1)c1ncc(-c2cc3ccccc3nc2OC)[nH]1,[30000.0],0,30000
179,CCCC[C@H](NC(=O)Cc1c[nH]c2ccc(OC)cc12)c1ncc(-c2cc3ccccc3nc2OC)[nH]1,[2500.0],0,2500
180,CCCC[C@H](NC(=O)Cc1c[nH]c2ccccc12)c1ncc(-c2cc3ccccc3nc2OC)[nH]1,[4400.0],0,4400
181,CCCC[C@H](NC(=O)[C@H](C)c1c(C)[nH]c2ccc(O)cc12)c1ncc(-c2cc3ccccc3nc2OC)[nH]1,[1900.0],0,1900
182,CCCC[C@H](NC(=O)[C@H](C)c1c(C)[nH]c2ccc(OC)cc12)c1ncc(-c2cc3ccccc3nc2OC)[nH]1,[2900.0],0,2900
183,CCCC[C@H](NC(=O)[C@H](CN)c1c(C)[nH]c2ccc(O)cc12)c1ncc(-c2cc3ccccc3nc2OC)[nH]1,[30000.0],0,30000
184,CCCC[C@H](NC(=O)[C@H](CN)c1c(C)[nH]c2ccc(OC)cc12)c1ncc(-c2cc3ccccc3nc2OC)[nH]1,[15000.0],0,15000
185,CCCCc1cc2c(c(NC(C)=O)n1)c(=O)oc1ccccc12,[88714.0],0,88714
186,CCCCc1nc(=O)cc(O)n1-c1c(C)cccc1OC,[14000.0],0,14000
187,CCCN(CC1CC1)c1nc(C)nc(Nc2c(Cl)cc(Cl)cc2Cl)c1Cl,[4950.0],0,4950
188,CCCNc1nc(Cl)nc(Nc2ccc(Cl)cc2)n1,[48063.0],0,48063
189,CCCSc1nc(=O)cc(O)n1-c1ccccc1OC,[50000.0],0,50000
190,CCCc1ccc(S(=O)(=O)Nc2ccc3c(c2)ncn3Cc2ccccc2)cc1,[52.0],0,52
191,CCCc1cnc(N2CCC(Oc3ccn(-c4ccc(S(C)(=O)=O)cc4F)c(=O)c3)CC2)nc1,[50000.0],0,50000
192,CCCc1nn(C)c(C(=O)Nc2cccc3ccccc23)c1Cl,[39328.0],0,39328
193,CCCn1c(C)c(C(=O)c2cccc3ccccc23)c2ccccc21,[2640.0],0,2640
194,CCN(/N=C/c1ccc(Cl)cc1)c1cc(=O)n(C)c(=O)[nH]1,[78478.0],0,78478
195,CCN(C)C1=N[C@@H]2[C@@H](O)[C@H](O)[C@@H](CO)O[C@@H]2S1,[30000.0],0,30000
196,CCN(c1ccc(C(O)(C(F)(F)F)C(F)(F)F)cc1)S(=O)(=O)c1ccccc1,[39.0],0,39
197,CCN(c1ccc([Si](C)(C)O)cc1)S(=O)(=O)c1ccccc1,[1900.0],0,1900
198,CCN1CC2CC(C1)N2C(=O)[C@]12C[C@H]1c1cc(OC)ccc1-c1c(C3CCCCC3)c3ccc(C(=O)NS(=O)(=O)N(C)C)cc3n1C2,[50000.0],0,50000
199,CCN1CC2CCC(C1)N2C(=O)C12CC1c1cc(OC)ccc1-c1c(C3CCCCC3)c3ccc(C(=O)NS(=O)(=O)N(C)C)cc3n1C2,[50000.0],0,50000
200,CCNC(=O)N1C[C@@H](c2ccc(C(O)(C(F)(F)F)C(F)(F)F)cc2)[C@@](C)(c2ccccc2)C1,[1780.0],0,1780
201,CCNC(=O)c1ccc(-c2nnc(C3(c4ccc(Cl)cc4)CCC3)n2C)cc1,[30000.0],0,30000
202,CCNC1=N[C@@H]2C[C@H](O)[C@@H](CO)O[C@@H]2S1,[30000.0],0,30000
203,CCNC1=N[C@@H]2[C@@H](F)[C@H](O)[C@@H](CO)O[C@@H]2S1,[30000.0],0,30000
204,CCNC1=N[C@@H]2[C@@H](O)[C@H](O)[C@@H](C)O[C@@H]2S1,[30000.0],0,30000
205,CCNC1=N[C@@H]2[C@@H](O)[C@H](O)[C@@H](CF)O[C@@H]2S1,[30000.0],0,30000
206,CCNC1=N[C@@H]2[C@@H](O)[C@H](O)[C@@H](CO)O[C@@H]2S1,[30000.0],0,30000
207,CCNC1=N[C@@H]2[C@@H](O)[C@H](O)[C@@H](COC)O[C@@H]2S1,[30000.0],0,30000
208,CCNC1=N[C@@H]2[C@@H](O)[C@H](OC)[C@@H](CO)O[C@@H]2S1,[30000.0],0,30000
209,CCNC1=N[C@@H]2[C@@H](OC)[C@H](O)[C@@H](CO)O[C@@H]2S1,[30000.0],0,30000
210,CCNC1=N[C@H]2[C@H](O[C@H](CO)C(F)[C@@H]2O)S1,[30000.0],0,30000
211,CCNC1=N[C@H]2[C@H](O[C@H](CO)C[C@@H]2O)S1,[30000.0],0,30000
212,CCOC(=O)Cc1cc(-c2ccc(O)cc2)nc2ccc3ccccc3c12,[116127.0],0,116127
213,CCOC(=O)N1C[C@@H](c2ccc(C(O)(C(F)(F)F)C(F)(F)F)cc2)[C@@](C)(c2ccccc2)C1,[599.0],0,599
214,CCOC(=O)c1oc2ccccc2c1N,[116159.0],0,116159
215,CCOCC(=O)Nc1cccc(-c2nc3cccnc3s2)c1C,[116052.0],0,116052
216,CCOCC(Nc1nnc(-c2ccc(OC)cc2)o1)[C@H]1CC[C@@H](c2ccnc3ccc(C(F)(F)F)cc32)CC1,[4820.0],0,4820
217,CCOCCc1nnc(NC(=O)c2ccc(OC)c(OC)c2)s1,[116147.0],0,116147
218,CCOP(=O)(OCC)C(=Cc1c2ccccc2cc2ccccc12)P(=O)(OCC)OCC,[290.0],0,290
219,CCOP(=O)(OCC)C(=Cc1ccccc1)P(=O)(OCC)OCC,[271.0],0,271
220,CCOc1ccc(-c2cc(C)n3nc(C(N)=O)cc3n2)cc1,[116074.0],0,116074
221,CCOc1ccc(-c2cccc(N(CC34CCC(c5noc(C(C)(C)C)n5)(CC3)CC4)C(=O)C34CC(F)(C3)C4)c2)cn1,[50000.0],0,50000
222,CCOc1ccc(/C=N/n2cc(-c3ccccc3)nc2S)cc1,[116193.0],0,116193
223,CCOc1ccc(NC(=O)c2cc3ccccc3cc2OC)cc1,[116252.0],0,116252
224,CCOc1ccc2c(C(=O)N[C@H](c3ccccc3)C(F)(F)F)c(CN3CCC(N4CCCCC4)CC3)c(-c3cccc(C(F)(F)F)c3)nc2c1,[1300.0],0,1300
225,CCOc1ccccc1NC(=O)c1ccc2nccnc2c1,[114038.0],0,114038
226,CCOc1nc(Nc2ccc(C(=O)N3CCOCC3)cc2OC)nc2[nH]ccc12,[50118.72],0,50118.72
227,CCOc1ncc(-c2cccc(N(CC34CCC(c5noc(C(C)(C)C)n5)(CC3)CC4)C(=O)C34CC(F)(C3)C4)c2)cn1,[50000.0],0,50000
228,CCOc1ncc(-c2cccc(N(CC34CCC(c5noc(C(C)(C)C)n5)(CC3)CC4)C(=O)[C@H]3C[C@@](C)(O)C3)c2)cn1,[1500.0],0,1500
229,CCOc1ncc(-c2cccc(N(CC34CCC(c5noc(C(C)(C)C)n5)(CC3)CC4)C(=O)[C@H]3C[C@](O)(C(F)(F)F)C3)c2)cn1,[50000.0],0,50000
230,CCOc1ncc(-c2cccc(N(CC34CCC(c5noc(C(F)F)n5)(CC3)CC4)C(=O)C34CC(F)(C3)C4)c2)cn1,[2000.0],0,2000
231,CCOc1nn2c(c1S(=O)(=O)N1C[C@H](CCC(=O)O)Oc3ccc(/C=C(\C)c4c(F)cccc4Cl)cc31)CCCC2,[10000.0],0,10000
232,CCS(=O)(=O)NC(=O)c1ccc2c(C3CCCCC3)c3n(c2c1)C[C@@]1(C(=O)N2C4CCC2CN(C)C4)C[C@H]1c1cc(F)ccc1-3,[2780.0],0,2780
233,CCS(=O)(=O)N[C@@H]1C[C@]2(C)O[C@]1(C)[C@@H]1C(=O)N(c3ccc(C#N)c(C(F)(F)F)c3)C(=O)[C@@H]12,[50000.0],0,50000
234,CCS(=O)(=O)c1ccc(-c2ccc(-c3nnc(C4(c5ccc(Cl)cc5)CCC4)n3C)c(Cl)c2)cc1,[25000.0],0,25000
235,CCS(=O)(=O)c1ccc(CC(=O)Nc2nc(-c3cccc(Cl)c3)c(C(=O)c3ccccc3Cl)s2)cc1,[260.0],0,260
236,CCS(=O)(=O)c1ccc(CNC(=O)N2C[C@@H](c3ccc(C(O)(C(F)(F)F)C(F)(F)F)cc3)[C@@](C)(c3ccc(F)cc3)C2)cc1,[5.0],0,5
237,CCS(=O)(=O)c1cccc(-c2ccc(-c3nnc(C4(c5ccc(Cl)cc5)CCC4)n3C)c(Cl)c2)c1,[25000.0],0,25000
238,CCS(=O)(=O)c1ccccc1-c1ccc(-c2nnc(C3(c4ccc(Cl)cc4)CCC3)n2C)c(Cl)c1,[700.0],0,700
239,CCSc1ccccc1-c1ccc(-c2nnc(C3(c4ccc(Cl)cc4)CCC3)n2C)c(Cl)c1,[1700.0],0,1700
240,CC[C@@H](NC(=O)c1ccc(OC)nc1)[C@H]1CC[C@@H](c2ccnc(OC)c2C(F)F)CC1,[1900.0],0,1900
241,CC[C@@H]1Cc2cc(O)ccc2C2=C1c1ccc(O)cc1C[C@H]2CC,[8600.0],0,8600
242,CC[C@H]1[C@@H](O)[C@@H]2[C@H]([C@@H](O)C[C@]3(C)[C@@H]([C@H](C)CCC(=O)O)CC[C@@H]23)[C@@]2(C)CC[C@@H](O)C[C@@H]12,[100000.0],0,100000
243,CC[C@]1(C(=O)N2CC[C@](c3ccc(C(F)(C(F)(F)F)C(F)(F)F)cc3)(S(=O)(=O)c3ccc(F)cc3)C2)CC[C@H](C(=O)O)CC1,[50000.0],0,50000
244,CC[C@]1(C(=O)O)CC[C@H](C(=O)N2CC[C@](c3ccc(C(F)(C(F)(F)F)C(F)(F)F)cc3)(S(=O)(=O)c3ccc(F)cc3)C2)CC1,[50000.0],0,50000
245,CC[C@]1(c2ccccc2)CN(C(=O)NCc2ccccc2)C[C@H]1c1ccc(C(O)(C(F)(F)F)C(F)(F)F)cc1,[206.0],0,206
246,CCc1cc(/C(Cc2ccc3ccccc3n2)=N\O)c(O)cc1O,[116135.0],0,116135
247,CCc1cc(OC)c(-n2nnc(S(=O)(=O)c3ccc(C(C)(C)C)cc3)c2C)cc1C,[900.0],0,900
248,CCc1cc(OC)c(-n2nnc(S(=O)(=O)c3ccc(C(C)(C)C)cc3)c2C)cc1Cl,[700.0],0,700
249,CCc1cc(OC)c(-n2nnc(S(=O)(=O)c3ccc(C(C)(C)C)cc3)c2C)cc1OC,[800.0],0,800
250,CCc1cc(S(=O)(=O)[C@@]2(c3ccc(C(F)(C(F)(F)F)C(F)(F)F)cc3)CCN(C(=O)[C@H]3CC[C@H](C(=O)O)CC3)C2)ccc1F,[50000.0],0,50000
251,CCc1ccc(S(=O)(=O)[C@@]2(c3ccc(C(F)(C(F)(F)F)C(F)(F)F)cc3)CCN(C(=O)[C@H]3CC[C@H](C(=O)O)CC3)C2)cc1,[50000.0],0,50000
252,CCc1ccc2[nH]c3nc(N/N=C/c4ccc(O)cc4O)nnc3c2c1,[116170.0],0,116170
253,CCn1c(C(=O)N(C2CC2)C2CC2)cc2c3c(ncn3C)c(Nc3cc(C)n(C)n3)nc21,[50000.0],0,50000
254,CCn1c(C(=O)N(C2CC2)C2CC2)cc2c3c(ncn3C)c(Nc3nc(C)c(C)s3)nc21,[16000.0],0,16000
255,CCn1cc([C@@]2(c3nn(C)c(=O)o3)N[C@@H](c3nc(-c4ccc(F)cn4)c[nH]3)Cc3c2[nH]c2ccccc32)cn1,[30000.0],0,30000
256,CN(C)CCCN1C(=O)c2cccc3cccc(c23)C1=O,[42903.0],0,42903
257,CN(C)c1nc(N)nc(-c2nc3ccccc3s2)n1,[116159.0],0,116159
258,CN(Cc1ccc(C(=O)O)cc1)c1ccc(OCc2c(-c3c(Cl)cccc3Cl)noc2C2CC2)nc1C(F)(F)F,[3871000.0],0,3871000
259,CN(Cc1cccc(C(=O)O)c1)c1ccc(OCc2c(-c3c(Cl)cccc3Cl)noc2C2CC2)nc1C(F)(F)F,[390000.0],0,390000
260,CN(Cc1cccc(F)c1CNc1cc(F)c(S(=O)(=O)Nc2cscn2)c(F)c1)C(C)(C)C,[9400.0],0,9400
261,CN([C@@H]1CCc2c(CC(=O)O)c3ccc(F)c(F)c3n2C1)S(=O)(=O)c1ccc(F)cc1,[30000.0],0,30000
262,CN([C@@H]1CCc2c(CC(=O)O)c3ccc(F)cc3n2C1)S(=O)(=O)c1ccc(F)cc1,[30000.0],0,30000
263,CN([C@@H]1CCc2c(CC(=O)O)c3cccc(F)c3n2C1)S(=O)(=O)c1ccc(F)cc1,[30000.0],0,30000
264,CN([C@@H]1CCc2c(CC(=O)O)c3ccccc3n2C1)S(=O)(=O)c1ccc(F)cc1,[30000.0],0,30000
265,CN(c1ccc([Si](C)(C)O)cc1)S(=O)(=O)c1ccccc1,[3400.0],0,3400
266,CN1C(=O)[C@@H](NC(=O)c2n[nH]c(Cc3ccccc3)n2)COc2ccccc21,[13000.0],0,13000
267,CN1CC2CCC(C1)N2C(=O)[C@]12C[C@H]1c1cc(F)ccc1-c1c(C3CCCCC3)c3ccc(C(=O)NS(=O)(=O)C(C)(C)C)cc3n1C2,[16700.0],0,16700
268,CN1CC2CCC(C1)N2C(=O)[C@]12C[C@H]1c1cc(F)ccc1-c1c(C3CCCCC3)c3ccc(C(=O)NS(=O)(=O)C4(C)CC4)cc3n1C2,[16700.0],0,16700
269,CN1CC2CCC(C1)N2C(=O)[C@]12C[C@H]1c1cc(F)ccc1-c1c(C3CCCCC3)c3ccc(C(=O)NS(=O)(=O)C4CC4)cc3n1C2,[50000.0],0,50000
270,CN1CC2CCC(C1)N2C(=O)[C@]12C[C@H]1c1cc(F)ccc1-c1c(C3CCCCC3)c3ccc(C(=O)NS(C)(=O)=O)cc3n1C2,[8330.0],0,8330
271,CN1CCC(C(=O)N(CC23CCC(c4nc(C5CC5)no4)(CC2)CC3)c2cccc(-c3nc(C4CC4)no3)c2)CC1,[50000.0],0,50000
272,CN1CCN(CCCNC(=O)c2cc3c(-c4ccc(Cl)cc4)nn(C)c3s2)CC1,[116135.0],0,116135
273,CN1CCN(S(=O)(=O)c2ccc(F)cc2)c2ccc(C(O)(C(F)(F)F)C(F)(F)F)cc21,[18.0],0,18
274,CN1CCN(c2ccc(NC(=O)c3sc4ccccc4c3Cl)cc2)CC1,[116135.0],0,116135
275,CNC(=O)c1c(-c2ccc(F)cc2)oc2cc(N(C)S(C)(=O)=O)c(-c3ccc4c(n3)-c3cc5c(F)cccc5n3CC4)cc12,[30000.0],0,30000
276,CNC(=O)c1c(-c2ccc(F)cc2)oc2cc(N(C)S(C)(=O)=O)c(-c3ccc4c(n3)-c3cc5c(F)cccc5n3CN4)cc12,[30000.0],0,30000
277,CNC(=O)c1c(-c2ccc(F)cc2)oc2cc(N(C)S(C)(=O)=O)c(-c3ccc4ccn5c6cccc(F)c6cc5c4n3)cc12,[30000.0],0,30000
278,CNC(=O)c1c(-c2ccc(F)cc2)oc2cc(N(C)S(C)(=O)=O)c(-c3ccc4ncn5c6cccc(F)c6cc5c4n3)cc12,[30000.0],0,30000
279,CNC(=O)c1c(-c2ccc(F)cc2)oc2ccc(-c3cc(C(=O)NC4(c5ccccn5)CC4)ccc3C)cc12,[1600.0],0,1600
280,CNC(=O)c1c(-c2ccc(F)cc2)oc2ccc(-c3cc(C(=O)NC4(c5ncccn5)CC4)ccc3C)c(F)c12,[50000.0],0,50000
281,CNC(=O)c1c(-c2ccc(F)cc2)oc2ccc(-c3cc(C(=O)NC4(c5ncccn5)CC4)ccc3C)cc12,[50000.0],0,50000
282,CNC(=O)c1csc(C(=O)c2c[nH]c3ccccc23)n1,[12000.0],0,12000
283,CN[C@@H](C)C(=O)N[C@H](C(=O)N1C[C@H]2CCCCOc3ccc(cc3)C[C@@H](C(=O)O)NC(=O)[C@H](Cc3ccc4ccccc4c3)NC(=O)[C@@H]3C[C@@H](CN3C(=O)[C@@H](NC(=O)[C@H](C)NC)C(C)(C)C)n3cc(nn3)COc3ccc(cc3)C[C@@H](NS(=O)(=O)C3CC3)NC(=O)[C@H](Cc3ccc4ccccc4c3)NC(=O)[C@@H]1C2)C(C)(C)C,[50000.0],0,50000
284,CN[C@H](CNc1cc(F)c(S(=O)(=O)Nc2ncc(F)s2)cc1Cl)CC(C)(C)C.Cl,[10000.0],0,10000
285,CNc1c(C)c2c3c4c(O)c(/C=N/N5CCN(C)CC5)c(c(O)c14)NC(=O)/C(C)=C\C=C\[C@H](C)[C@H](O)[C@@H](C)[C@@H](O)[C@@H](C)[C@H](OC(C)=O)[C@H](C)[C@@H](OC)/C=C/O[C@@](C)(O2)C3=O,[4100.0],0,4100
286,CNc1c(C)c2c3c4c1C(=O)C(=C(/C=N/N1CCN(C)CC1)C4=O)NC(=O)/C(C)=C\C=C\[C@H](C)[C@H](O)[C@@H](C)[C@@H](O)[C@@H](C)[C@H](OC(C)=O)[C@H](C)[C@@H](OC)/C=C/O[C@@](C)(O2)C3=O,[2100.0],0,2100
287,CNc1nc(Nc2ccc(-n3cnc(C)n3)c(OC)c2)nc2c1CC[C@H]2c1ccc(F)cc1,[2700.0],0,2700
288,COC(=O)CC1CN(S(=O)(=O)c2ccc(F)cc2)c2ccc(C(O)(C(F)(F)F)C(F)(F)F)cc2S1,[55.0],0,55
289,COC(=O)CN(c1ccc([Si](C)(C)O)cc1)S(=O)(=O)c1ccccc1,[1400.0],0,1400
290,COC(=O)N[C@H](C(=O)N1CCC[C@H]1c1ncc(-c2ccc(-c3cc4cc(-c5cnc([C@@H]6CCCN6C(=O)[C@@H](NC(=O)OC)C(C)C)[nH]5)ccc4o3)cc2)[nH]1)C(C)C,[3300.0],0,3300
291,COC(=O)Nc1nc2cc(Sc3ccccc3)ccc2[nH]1,[10000.0],0,10000
292,COC(=O)c1cc(C(=O)Nc2nnc(C3CC3)s2)cc([N+](=O)[O-])c1,[116135.0],0,116135
293,COC(=O)c1cc(F)c(-c2c(=O)ccn3c(-c4ccc(F)cc4F)cccc23)c(F)c1,[30000.0],0,30000
294,COC(=O)c1cc(OC)c(-n2nnc(S(=O)(=O)c3ccc(C(C)(C)C)cc3)c2C)cc1C,[1600.0],0,1600
295,COC(=O)c1cc(OC)c(-n2nnc(S(=O)(=O)c3ccc(C(C)(C)C)cc3)c2C)cc1Cl,[1900.0],0,1900
296,COC(=O)c1cc(OC)c(-n2nnc(S(=O)(=O)c3ccc(C(C)(C)C)cc3)c2C)cc1OC,[3400.0],0,3400
297,COC(=O)c1ccccc1NC(=O)Cn1ccnc1,[116115.0],0,116115
298,COC(c1ccc(C2(S(=O)(=O)c3ccc(F)cc3)CCCC2)cc1)(C(F)(F)F)C(F)(F)F,"[920.0, 920.0]",0,920
299,COC(c1ccccc1)(c1ccccc1)[C@H](Oc1nc(C)cc(C)n1)C(=O)O,"[31600.0, 31600.0]",0,31600
300,COC1(C(=O)N2CC[C@](c3ccc(C(F)(C(F)(F)F)C(F)(F)F)cc3)(S(=O)(=O)c3ccc(F)cc3)C2)CCS(=O)(=O)CC1,[50000.0],0,50000
301,COC1(c2nnc3c(Oc4cccc(Cl)c4C)cccn23)CCCCCC1,[150.0],0,150
302,COC12CC3CC(C1)C(CC(=O)N1CC(O)C1)(c1ccc(F)cc1)C(C3)C2,[50000.0],0,50000
303,COC12CC3CC(C1)CC(c1nnc4c(Oc5cccc(Cl)c5C)cccn14)(C3)C2,[150.0],0,150
304,COCC(=O)N1CCC(C(=O)N2C[C@@H](c3ccc(C(O)(C(F)(F)F)C(F)(F)F)cc3)[C@@](C)(c3ccc(F)cc3)C2)CC1,[1550.0],0,1550
305,COCC(=O)N1CCc2ccc(NC(=O)c3ccc(C(F)(F)F)cc3)cc2C1,[116121.0],0,116121
306,COCC(=O)Nc1nnc(-c2cccs2)s1,[116193.0],0,116193
307,COCC(Nc1nnc(-c2ccc(OC)cc2)o1)[C@H]1CC[C@@H](c2ccnc3ccc(F)cc32)CC1,[3030.0],0,3030
308,COCCN(c1ccc([Si](C)(C)O)cc1)S(=O)(=O)c1ccccc1,[4200.0],0,4200
309,COCCN1CCN(c2ccc(OCc3ccccc3)c(C(=O)Nc3ccnnc3)c2)CC1,[50118.72],0,50118.72
310,COCCOC(=O)C1=C(C)NC(C)=C(C(=O)OC(C)C)C1c1cccc([N+](=O)[O-])c1,[390.0],0,390
311,COCCOc1ccc(N2CCN(CCn3c(=O)n(C)c4c3nc(N)n3nc(-c5nccs5)nc43)CC2)cc1F,[60000.0],0,60000
312,COC[C@H](Nc1cc(F)c(S(=O)(=O)Nc2nccs2)cc1Cl)c1ccccc1,[420.0],0,420
313,COC[C@H]1CN(C(=O)[C@]23C[C@H]2c2cc(OC)ccc2-c2c(C4CCCCC4)c4ccc(C(=O)NS(=O)(=O)N(C)C)cc4n2C3)CCO1,[50000.0],0,50000
314,COC[C@]1(C(=O)N2CC[C@](c3ccc(C(F)(C(F)(F)F)C(F)(F)F)cc3)(S(=O)(=O)c3ccc(F)cc3)C2)CC[C@H](C(=O)O)CC1,[50000.0],0,50000
315,COCc1cnc(N2CCC([C@H]3C[C@H]3CCOc3cc(F)c(CC(=O)N4CCC4)c(F)c3)CC2)nc1,[30000.0],0,30000
316,CO[C@H](C(=O)[C@@H](O)[C@@H](C)O)[C@@H]1Cc2cc3cc(O[C@H]4C[C@@H](O[C@@H]5C[C@@H](O)[C@H](O)[C@@H](C)O5)[C@H](O)[C@@H](C)O4)c(C)c(O)c3c(O)c2C(=O)[C@H]1O[C@H]1C[C@@H](O[C@@H]2C[C@@H](O)[C@@H](O[C@@H]3C[C@](C)(O)[C@H](O)[C@@H](C)O3)[C@@H](C)O2)[C@H](O)[C@@H](C)O1,[15800.0],0,15800
317,CO[C@H]1/C=C/O[C@@]2(C)Oc3c(C)c(O)c4c(=O)c(c5oc6cccc(OCCCCN7CCN(C(=O)Cn8ccnc8)CC7)c6nc-5c4c3C2=O)NC(=O)/C(C)=C\C=C\[C@H](C)[C@H](O)[C@@H](C)[C@@H](O)[C@@H](C)[C@H](OC(C)=O)[C@@H]1C,[5500.0],0,5500
318,CO[C@]1(C(=O)N2CC[C@](c3ccc(C(F)(C(F)(F)F)C(F)(F)F)cc3)(S(=O)(=O)c3ccc(F)cc3)C2)CC[C@H](C(=O)O)CC1,[18000.0],0,18000
319,COc1cc(-c2cccnc2)ccc1-c1nnc(C2(c3ccc(Cl)cc3)CCC2)n1C,[4600.0],0,4600
320,COc1cc(-c2cn(C3CCc4c(F)cccc4N(CC(F)(F)F)C3=O)nn2)ccc1-n1cnc(C)c1,[30000.0],0,30000
321,COc1cc(-n2nnc(S(=O)(=O)c3ccc(C(C)(C)C)cc3)c2C)c(OC)cc1Br,[600.0],0,600
322,COc1cc(-n2nnc(S(=O)(=O)c3ccc(C(C)(C)C)cc3)c2C)c(OC)cc1C,[600.0],0,600
323,COc1cc(-n2nnc(S(=O)(=O)c3ccc(C(C)(C)C)cc3)c2C)c(OC)cc1C#N,[1100.0],0,1100
324,COc1cc(-n2nnc(S(=O)(=O)c3ccc(C(C)(C)C)cc3)c2C)c(OC)cc1C(C)=O,[500.0],0,500
325,COc1cc(-n2nnc(S(=O)(=O)c3ccc(C(C)(C)C)cc3)c2C)c(OC)cc1C(C)C,[900.0],0,900
326,COc1cc(-n2nnc(S(=O)(=O)c3ccc(C(C)(C)C)cc3)c2C)c(OC)cc1Cl,[600.0],0,600
327,COc1cc(-n2nnc(S(=O)(=O)c3ccc(C(C)(C)C)cc3)c2C)c(OC)cc1F,[1000.0],0,1000
328,COc1cc(/C=N/NC(=O)c2cccc(NC(=O)c3ccccc3)c2)ccc1O,[76326.0],0,76326
329,COc1cc(/C=N/NC(=O)c2cccnc2)cc2c1OCO2,[115938.0],0,115938
330,COc1cc(Br)c(C)cc1-n1nnc(S(=O)(=O)c2ccc(C(C)(C)C)cc2)c1C,[1300.0],0,1300
331,COc1cc(Br)c(Cl)cc1-n1nnc(S(=O)(=O)c2ccc(C(C)(C)C)cc2)c1C,[600.0],0,600
332,COc1cc(C#N)c(C)cc1-n1nnc(S(=O)(=O)c2ccc(C(C)(C)C)cc2)c1C,[1600.0],0,1600
333,COc1cc(C#N)c(Cl)cc1-n1nnc(S(=O)(=O)c2ccc(C(C)(C)C)cc2)c1C,[1000.0],0,1000
334,COc1cc(C(C)=O)c(C)cc1-n1nnc(S(=O)(=O)c2ccc(C(C)(C)C)cc2)c1C,[400.0],0,400
335,COc1cc(C(C)=O)c(Cl)cc1-n1nnc(S(=O)(=O)c2ccc(C(C)(C)C)cc2)c1C,[260.0],0,260
336,COc1cc(C(C)C)c(C)cc1-n1nnc(S(=O)(=O)c2ccc(C(C)(C)C)cc2)c1C,[830.0],0,830
337,COc1cc(C(C)C)c(Cl)cc1-n1nnc(S(=O)(=O)c2ccc(C(C)(C)C)cc2)c1C,[1800.0],0,1800
338,COc1cc(C)c(C)cc1-n1nnc(S(=O)(=O)c2ccc(C(C)(C)C)cc2)c1C,[700.0],0,700
339,COc1cc(C)c(Cl)cc1-n1nnc(S(=O)(=O)c2ccc(C(C)(C)C)cc2)c1C,[1000.0],0,1000
340,COc1cc(Cl)c(C)cc1-n1nnc(S(=O)(=O)c2ccc(C(C)(C)C)cc2)c1C,[800.0],0,800
341,COc1cc(F)c(C(C)C)cc1-c1ccc(C(F)(F)F)cc1CN1C(=O)O[C@H](c2cc(C(F)(F)F)cc(C(F)(F)F)c2)[C@@H]1C,[3900.0],0,3900
342,COc1cc(F)cc(-c2ccc3c(c2)N(S(=O)(=O)c2cccc(C(F)(F)F)c2)C[C@H](CCC(=O)O)O3)c1,[10000.0],0,10000
343,COc1cc(OC)c(-n2nnc(S(=O)(=O)c3ccc(C(C)(C)C)cc3)c2C)cc1C,[280.0],0,280
344,COc1cc(OC)c(-n2nnc(S(=O)(=O)c3ccc(C(C)(C)C)cc3)c2C)cc1Cl,[250.0],0,250
345,COc1cc(OC)c(-n2nnc(S(=O)(=O)c3ccc(C(C)(C)C)cc3)c2C)cc1OC,[1050.0],0,1050
346,COc1cc(OCc2cccc(OCc3ccccc3)c2)c2cc(-c3cn4nc(OC)sc4n3)oc2c1,[50000.0],0,50000
347,COc1cc(OCc2csc(-c3ccc(C(=O)N(C)C)cc3)n2)c2cc(-c3cn4nc(OC)sc4n3)oc2c1,[15000.0],0,15000
348,COc1cc(OCc2nc(N3CCOCC3)sc2C)c2cc(-c3cn4nc(OC)sc4n3)oc2c1,[5000.0],0,5000
349,COc1cc(S(=O)(=O)N2C[C@H](CCC(=O)O)Oc3ccc(/C=C(\C)c4c(F)cccc4Cl)cc32)ccc1F,[10000.0],0,10000
350,COc1cc2c(cc1NC(=O)Nc1ccc(C)cc1)oc1ccccc12,[99411.0],0,99411
351,COc1cc2ccccc2cc1C(=O)Nc1ccc(C)cc1,[115965.0],0,115965
352,COc1cc2nc(-c3cccc(F)c3)cc(O)c2cc1OC,[116135.0],0,116135
353,COc1ccc(-c2cc3c(N[C@@H]4CC[C@](C)(N)C4(C)C)c(C(N)=O)cnn3c2)cn1,[17000.0],0,17000
354,COc1ccc(-c2ccc(C(=O)O)cc2C)cc1-c1ccc(C(F)(F)F)cc1CN1C(=O)O[C@H](c2cc(C(F)(F)F)cc(C(F)(F)F)c2)[C@@H]1C,[30000.0],0,30000
355,COc1ccc(-c2ccccc2)cc1-c1ccc(C(F)(F)F)cc1CN1C(=O)O[C@H](c2cc(C(F)(F)F)cc(C(F)(F)F)c2)[C@@H]1C,[30000.0],0,30000
356,COc1ccc(-c2ccccc2C(=O)O)cc1-c1ccc(C(F)(F)F)cc1CN1C(=O)O[C@H](c2cc(C(F)(F)F)cc(C(F)(F)F)c2)[C@@H]1C,[30000.0],0,30000
357,COc1ccc(-c2ccccc2C)cc1-c1ccc(C(F)(F)F)cc1CN1C(=O)O[C@H](c2cc(C(F)(F)F)cc(C(F)(F)F)c2)[C@@H]1C,[30000.0],0,30000
358,COc1ccc(-c2ccccc2F)cc1-c1ccc(C(F)(F)F)cc1CN1C(=O)O[C@H](c2cc(C(F)(F)F)cc(C(F)(F)F)c2)[C@@H]1C,[30000.0],0,30000
359,COc1ccc(-c2oc3ccc(N4CCOCC4)cc3c2C#Cc2ccc(N)cc2)cc1,[95267.0],0,95267
360,COc1ccc(/C=N/NC(=O)c2cccc(NC(=O)c3ccc(F)cc3)c2)c(C(=O)O)c1OC,[116159.0],0,116159
361,COc1ccc(/C=N/Nc2cc(C)nc3ccccc23)cc1,[116228.0],0,116228
362,COc1ccc(/C=N/Nc2nc3ccccc3[nH]2)cc1OC,[67346.0],0,67346
363,COc1ccc(C(=O)Nc2cc(OC)c(NC(=O)c3ccco3)cc2OC)cc1,[116159.0],0,116159
364,COc1ccc(C(C)(C)C)cc1-n1nnc(S(=O)(=O)c2ccc(C(C)(C)C)cc2)c1C,[380.0],0,380
365,COc1ccc(C(C)C)cc1-c1ccc(C(F)(F)F)cc1CN1C(=O)O[C@H](c2cc(C(F)(F)F)cc(C(F)(F)F)c2)[C@@H]1C,[2600.0],0,2600
366,COc1ccc(C(N)=O)cc1-n1nnc(S(=O)(=O)c2ccc(C(C)(C)C)cc2)c1C,[2440.0],0,2440
367,COc1ccc(C)cc1-c1nc(C)c(S(=O)(=O)c2ccc(C(C)(C)C)cc2)[nH]1,[1800.0],0,1800
368,COc1ccc(C)cc1-c1nc(C)c(S(=O)(=O)c2ccc(C(C)(C)C)cc2)n1C,[1000.0],0,1000
369,COc1ccc(C)cc1-c1ncc(S(=O)(=O)c2ccc(C(C)(C)C)cc2)[nH]1,[700.0],0,700
370,COc1ccc(C)cc1-c1ncc(S(=O)(=O)c2ccc(C(C)(C)C)cc2)n1C,[990.0],0,990
371,COc1ccc(C)cc1-n1cc(S(=O)(=O)c2ccc(C(C)(C)C)cc2)nn1,[600.0],0,600
372,COc1ccc(C)cc1-n1nnc(S(=O)(=O)c2ccc(C(C)(C)C)cc2)c1C#N,[160.0],0,160
373,COc1ccc(C)cc1-n1nnc(S(=O)(=O)c2ccc(C(C)(C)C)cc2)c1C(C)=O,[500.0],0,500
374,COc1ccc(C)cc1-n1nnc(S(=O)(=O)c2ccc(C(C)(C)C)cc2)c1N,[160.0],0,160
375,COc1ccc(C)cc1N=C(N)Nc1nc(C)cc(C)n1,[116020.0],0,116020
376,COc1ccc(C2CNC(=O)OC2(C)C)cc1-c1ccc(C(F)(F)F)cc1[C@@H]1CC[C@H]2[C@@H](c3cc(C(F)(F)F)cc(C(F)(F)F)c3)OC(=O)N12,[2000.0],0,2000
377,COc1ccc(CNC(=O)N2C[C@@H](c3ccc(C(O)(C(F)(F)F)C(F)(F)F)cc3)[C@@](C)(c3ccc(F)cc3)C2)cc1,[189.0],0,189
378,COc1ccc(CNC(=O)c2cc(-c3cncc(C)c3)ncc2-c2nccs2)nc1OC,[30000.0],0,30000
379,COc1ccc(CO)cc1-n1nnc(S(=O)(=O)c2ccc(C(C)(C)C)cc2)c1C,[810.0],0,810
380,COc1ccc(Cl)cc1-c1nc(C)c(S(=O)(=O)c2ccc(C(C)(C)C)cc2)[nH]1,[500.0],0,500
381,COc1ccc(Cl)cc1-c1nc(C)c(S(=O)(=O)c2ccc(C(C)(C)C)cc2)n1C,[1200.0],0,1200
382,COc1ccc(Cl)cc1-c1ncc(S(=O)(=O)c2ccc(C(C)(C)C)cc2)[nH]1,[360.0],0,360
383,COc1ccc(Cl)cc1-c1ncc(S(=O)(=O)c2ccc(C(C)(C)C)cc2)n1C,[1210.0],0,1210
384,COc1ccc(Cl)cc1-n1cc(S(=O)(=O)c2ccc(C(C)(C)C)cc2)nn1,[770.0],0,770
385,COc1ccc(Cl)cc1-n1nnc(S(=O)(=O)c2ccc(C(C)(C)C)cc2)c1C#N,[80.0],0,80
386,COc1ccc(Cl)cc1-n1nnc(S(=O)(=O)c2ccc(C(C)(C)C)cc2)c1C(C)=O,[200.0],0,200
387,COc1ccc(Cl)cc1-n1nnc(S(=O)(=O)c2ccc(C(C)(C)C)cc2)c1N,[110.0],0,110
388,COc1ccc(Cl)cc1C(=O)Nc1ccc(N(C)C(C)=O)cc1,[116117.0],0,116117
389,COc1ccc(F)c([C@H](C)Nc2cc(F)c(S(=O)(=O)Nc3cscn3)c(F)c2)c1,[2450.0],0,2450
390,COc1ccc(F)c([C@H](C)Nc2cc(F)c(S(=O)(=O)Nc3cscn3)cc2Cl)c1,[1680.0],0,1680
391,COc1ccc(F)cc1-n1nnc(S(=O)(=O)c2ccc(C(C)(C)C)cc2)c1C,[240.0],0,240
392,COc1ccc(N2CCN(c3cc(C)c4ccc(O)cc4n3)CC2)cc1,[116147.0],0,116147
393,COc1ccc(NC(=O)c2ccc(C)cc2)c(OC)c1,[116037.0],0,116037
394,COc1ccc(NC(=O)c2cccc3c(Br)cccc23)cc1,[116182.0],0,116182
395,COc1ccc(OC)c(-c2nc(C)c(S(=O)(=O)c3ccc(C(C)(C)C)cc3)[nH]2)c1,[6000.0],0,6000
396,COc1ccc(OC)c(-c2nc(C)c(S(=O)(=O)c3ccc(C(C)(C)C)cc3)n2C)c1,[1200.0],0,1200
397,COc1ccc(OC)c(-c2ncc(S(=O)(=O)c3ccc(C(C)(C)C)cc3)[nH]2)c1,[700.0],0,700
398,COc1ccc(OC)c(-c2ncc(S(=O)(=O)c3ccc(C(C)(C)C)cc3)n2C)c1,[4000.0],0,4000
399,COc1ccc(OC)c(-n2cc(S(=O)(=O)c3ccc(C(C)(C)C)cc3)nn2)c1,[1400.0],0,1400
400,COc1ccc(OC)c(-n2nnc(S(=O)(=O)Cc3ccccc3)c2C)c1,[3400.0],0,3400
401,COc1ccc(OC)c(-n2nnc(S(=O)(=O)c3ccc(C(C)(C)C)cc3)c2C#N)c1,[260.0],0,260
402,COc1ccc(OC)c(-n2nnc(S(=O)(=O)c3ccc(C(C)(C)C)cc3)c2C(C)=O)c1,[1900.0],0,1900
403,COc1ccc(OC)c(-n2nnc(S(=O)(=O)c3ccc(C(C)(C)C)cc3)c2N)c1,[430.0],0,430
404,COc1ccc(OC)c(-n2nnc(S(=O)(=O)c3ccc(C)cc3)c2C)c1,[2100.0],0,2100
405,COc1ccc(OC)c(-n2nnc(S(=O)(=O)c3ccc(Cl)cc3)c2C)c1,[2300.0],0,2300
406,COc1ccc(OC)c(-n2nnc(S(=O)(=O)c3ccc(N)cc3)c2C)c1,[7000.0],0,7000
407,COc1ccc(OC)c(-n2nnc(S(=O)(=O)c3ccc(O)cc3)c2C)c1,[22000.0],0,22000
408,COc1ccc(OC)c(-n2nnc(S(=O)(=O)c3ccccc3)c2C)c1,[2500.0],0,2500
409,COc1ccc(S(=O)(=O)[C@@]2(c3ccc(C(F)(C(F)(F)F)C(F)(F)F)cc3)CCN(C(=O)[C@H]3CC[C@H](C(=O)O)CC3)C2)cc1,[50000.0],0,50000
410,COc1ccc(S(=O)(=O)c2nnn(-c3cc(OC)ccc3OC)c2C)cc1,[1680.0],0,1680
411,COc1ccc([C@@H](C)O)cc1-n1nnc(S(=O)(=O)c2ccc(C(C)(C)C)cc2)c1C,[440.0],0,440
412,COc1ccc([C@H](C)O)cc1-n1nnc(S(=O)(=O)c2ccc(C(C)(C)C)cc2)c1C,[640.0],0,640
413,COc1ccc([C@H]2CCC(=O)N[C@@H]2C)cc1-c1ccc(C(F)(F)F)cc1[C@@H]1CC[C@H]2[C@@H](c3cc(C(F)(F)F)cc(C(F)(F)F)c3)OC(=O)N12,[300.0],0,300
414,COc1ccc([C@H]2OC(=O)N[C@@H]2C)cc1-c1ccc(C(F)(F)F)cc1[C@@H]1CC[C@H]2[C@@H](c3cc(C(F)(F)F)cc(C(F)(F)F)c3)OC(=O)N12,[13000.0],0,13000
415,COc1ccc2c(c1)C1CC1(C(=O)N1C3CC1CN(C)C3)Cn1c-2c(C2CCCCC2)c2ccc(C(=O)NS(=O)(=O)N(C)C)cc21,[50000.0],0,50000
416,COc1ccc2c(c1)C1CC1(C(=O)N1C3CC1CN(Cc1ccccc1)C3)Cn1c-2c(C2CCCCC2)c2ccc(C(=O)NS(=O)(=O)N(C)C)cc21,[2000.0],0,2000
417,COc1ccc2c(c1)C1CC1(C(=O)N1C3CCC1CN(C)C3)Cn1c-2c(C2CCCCC2)c2ccc(C(=O)NS(=O)(=O)N(C)C)cc21,[1000.0],0,1000
418,COc1ccc2c(c1)C1CC1(C(=O)N1C3CCC1CNC3)Cn1c-2c(C2CCCCC2)c2ccc(C(=O)NS(=O)(=O)N(C)C)cc21,[9000.0],0,9000
419,COc1ccc2c(c1)C1CC1(C(=O)N1C3CNCC1C3)Cn1c-2c(C2CCCCC2)c2ccc(C(=O)NS(=O)(=O)N(C)C)cc21,[50000.0],0,50000
420,COc1ccc2c(c1)C1CC1(C(=O)N1CC(C)(O)C1)Cn1c-2c(C2CCCCC2)c2ccc(C(=O)NS(=O)(=O)N(C)C)cc21,[50000.0],0,50000
421,COc1ccc2c(c1)C1CC1(C(=O)N1CC(O)(C(C)C)C1)Cn1c-2c(C2CCCCC2)c2ccc(C(=O)NS(=O)(=O)N(C)C)cc21,[50000.0],0,50000
422,COc1ccc2c(c1)C1CC1(C(=O)N1CC(O)(C(F)(F)F)C1)Cn1c-2c(C2CCCCC2)c2ccc(C(=O)NS(=O)(=O)N(C)C)cc21,[3000.0],0,3000
423,COc1ccc2c(c1)C1CC1(C(=O)N1CC(O)(C3CC3)C1)Cn1c-2c(C2CCCCC2)c2ccc(C(=O)NS(=O)(=O)N(C)C)cc21,[50000.0],0,50000
424,COc1ccc2c(c1)C1CC1(C(=O)N1CC(O)(c3ccc(F)cc3)C1)Cn1c-2c(C2CCCCC2)c2ccc(C(=O)NS(=O)(=O)N(C)C)cc21,[50000.0],0,50000
425,COc1ccc2c(c1)C1CC1(C(=O)N1CC(O)(c3ccccc3)C1)Cn1c-2c(C2CCCCC2)c2ccc(C(=O)NS(=O)(=O)N(C)C)cc21,[50000.0],0,50000
426,COc1ccc2c(c1)C1CC1(C(=O)N1CC(O)C1)Cn1c-2c(C2CCCCC2)c2ccc(C(=O)NS(=O)(=O)N(C)C)cc21,[50000.0],0,50000
427,COc1ccc2c(c1)C1CC1(C(=O)N1CC3CCC(C1)N3)Cn1c-2c(C2CCCCC2)c2ccc(C(=O)NS(=O)(=O)N(C)C)cc21,[50000.0],0,50000
428,COc1ccc2c(c1)C1CC1(C(=O)N1CC3CCC(C1)N3C)Cn1c-2c(C2CCCCC2)c2ccc(C(=O)NS(=O)(=O)N(C)C)cc21,[3000.0],0,3000
429,COc1ccc2c(c1)C1CC1(C(=O)N1CC3CCC(C1)O3)Cn1c-2c(C2CCCCC2)c2ccc(C(=O)NS(=O)(=O)N(C)C)cc21,[600.0],0,600
430,COc1ccc2c(c1)C1CC1(C(=O)N1CCN(C(=O)N(C)C)CC1)Cn1c-2c(C2CCCCC2)c2ccc(C(=O)NS(=O)(=O)N(C)C)cc21,[50000.0],0,50000
431,COc1ccc2c(c1)C1CC1(C(=O)N1CCN(C(C)=O)CC1)Cn1c-2c(C2CCCCC2)c2ccc(C(=O)NS(=O)(=O)N(C)C)cc21,[50000.0],0,50000
432,COc1ccc2c(c1)C1CC1(C(=O)N1C[C@@H](C)N(C(C)=O)[C@@H](C)C1)Cn1c-2c(C2CCCCC2)c2ccc(C(=O)NS(=O)(=O)N(C)C)cc21,[50000.0],0,50000
433,COc1ccc2c(c1)C1CC1(C(=O)N1C[C@@H](C)N(C)[C@@H](C)C1)Cn1c-2c(C2CCCCC2)c2ccc(C(=O)NS(=O)(=O)N(C)C)cc21,[50000.0],0,50000
434,COc1ccc2c(c1)C1CC1(C(=O)N1C[C@@H](C)N[C@@H](C)C1)Cn1c-2c(C2CCCCC2)c2ccc(C(=O)NS(=O)(=O)N(C)C)cc21,[50000.0],0,50000
435,COc1ccc2c(c1)[C@@H]1C[C@]1(C(=O)N1C3CC1CN(C)C3)Cn1c-2c(C2CCCCC2)c2ccc(C(=O)NS(=O)(=O)N(C)C)cc21,[50000.0],0,50000
436,COc1ccc2c(c1)[C@@H]1C[C@]1(C(=O)N1C3CCC1CN(C)C3)Cn1c-2c(C2CCCCC2)c2ccc(C(=O)NS(=O)(=O)C(C)C)cc21,[50000.0],0,50000
437,COc1ccc2c(c1)[C@@H]1C[C@]1(C(=O)N1C3CCC1CN(C)C3)Cn1c-2c(C2CCCCC2)c2ccc(C(=O)NS(=O)(=O)N(C)C)cc21,[50000.0],0,50000
438,COc1ccc2c(c1)[C@@H]1C[C@]1(C(=O)N1[C@@H]3CC[C@H]1CN(C)C3)Cn1c-2c(C2CCCCC2)c2ccc(C(=O)NS(=O)(=O)N(C)C)cc21,[50000.0],0,50000
439,COc1ccc2nc(C)cc(N/N=C/c3ccc(F)cc3)c2c1,[116228.0],0,116228
440,COc1cccc(-c2ccc3c(c2)N(S(=O)(=O)c2cccc(C(F)(F)F)c2)C[C@H](CCC(=O)O)O3)c1,[10000.0],0,10000
441,COc1cccc(-c2nc(OC)c3ccccc3n2)c1,[3000.0],0,3000
442,COc1cccc(-c2nc(SC)c3ccccc3n2)c1,[3500.0],0,3500
443,COc1cccc(-c2nc3ccccc3c(=S)[nH]2)c1,[860.0],0,860
444,COc1cccc(C(=O)O/N=C(\N)c2ccc([N+](=O)[O-])cc2)c1,[116240.0],0,116240
445,COc1cccc(F)c1COC(c1ccc([C@]2(S(=O)(=O)c3ccc(F)cc3)CCN(C(=O)[C@H]3CC[C@H](C(=O)O)CC3)C2)cc1)(C(F)(F)F)C(F)(F)F,[50000.0],0,50000
446,COc1cccc2c(O)c3cccc(N)c3nc12,[116275.0],0,116275
447,COc1ccccc1-c1cc2cc(C(C)(C)C(=O)NC(C)(C)C)ccc2n1CC(=O)NC(C)(C)C,[740.0],0,740
448,COc1ccccc1-c1nnc(NC(C)=O)s1,[116085.0],0,116085
449,COc1ccccc1-n1nnc(S(=O)(=O)c2ccc(C(C)(C)C)cc2)c1C,[800.0],0,800
450,COc1ccccc1/C(C)=C/c1ccc2c(c1)N(S(=O)(=O)c1cccc(C(F)(F)F)c1)C[C@H](CCC(=O)O)O2,[10000.0],0,10000
451,COc1ccccc1C(=O)Nc1ccc(N2CCCCC2)cc1,[116193.0],0,116193
452,COc1ccccc1NC(=O)Nc1cccnc1,[116108.0],0,116108
453,COc1ccccc1NC(=O)c1ccc(C(=O)Nc2ccccc2OC)nc1,[116120.0],0,116120
454,COc1ccccc1NC(=O)c1ccc2c(c1)nnn2C,[116091.0],0,116091
455,COc1ccccc1Nc1nc(NCCO)nc(N)c1[N+](=O)[O-],[17756.0],0,17756
456,COc1ncc(-c2ccc(-c3nnc(C4(c5ccc(Cl)cc5)CCC4)n3C)cc2)c(OC)n1,[30000.0],0,30000
457,CS(=O)(=O)N1CCC(C(=O)N2CC[C@](c3ccc(C(F)(C(F)(F)F)C(F)(F)F)cc3)(S(=O)(=O)c3ccc(F)cc3)C2)CC1,[50000.0],0,50000
458,CS(=O)(=O)N1CCC(C(=O)N2CC[C@](c3ccc(C(O)(C(F)(F)F)C(F)(F)F)cc3)(S(=O)(=O)c3ccc(F)cc3)C2)CC1,[2470.0],0,2470
459,CS(=O)(=O)c1cc(C#N)ccc1C(=O)N1CCC(N(C2CC2)S(=O)(=O)c2cccc(C(F)(F)F)c2)CC1,[8400.0],0,8400
460,CS(=O)(=O)c1cc(C(F)(F)F)ccc1C(=O)N1CCC(N(C2CC2)S(=O)(=O)c2cccc(C(F)(F)F)c2)CC1,[4300.0],0,4300
461,CS(=O)(=O)c1ccc(-n2cc(Cl)c(OC3CCN(c4ncc(Cl)cn4)CC3)cc2=O)c(F)c1,[50000.0],0,50000
462,CS(=O)(=O)c1ccc(C#N)cc1C(=O)N1CCC(N(C2CC2)S(=O)(=O)c2cccc(C(F)(F)F)c2)CC1,[5000.0],0,5000
463,CS(=O)(=O)c1ccc(C(=O)N2CCC(N(C3CC3)S(=O)(=O)c3cccc(C(F)(F)F)c3)CC2)c(C(F)(F)F)c1,[2800.0],0,2800
464,CS(=O)(=O)c1ccc(C(=O)N2CCC(N(C3CC3)S(=O)(=O)c3cccc(C(F)(F)F)c3)CC2)c(Cl)c1,[10800.0],0,10800
465,CS(=O)(=O)c1ccc(C(=O)N2CCC(N(C3CC3)S(=O)(=O)c3cccc(C(F)(F)F)c3)CC2)c(F)c1,[6800.0],0,6800
466,CS(=O)(=O)c1ccc(C(=O)N2CCC(N(C3CC3)S(=O)(=O)c3cccc(C(F)(F)F)c3)CC2)c(OC(F)(F)F)c1,[1700.0],0,1700
467,CS(=O)(=O)c1ccc(Cl)c(C(=O)N2CCC(N(C3CC3)S(=O)(=O)c3cccc(C(F)(F)F)c3)CC2)c1,[2700.0],0,2700
468,CS(=O)(=O)c1ccc(F)cc1C(=O)N1CCC(N(C2CC2)S(=O)(=O)c2cccc(C(F)(F)F)c2)CC1,[430.0],0,430
469,CS(=O)(=O)c1ccccc1Oc1cccn2c(C3(c4ccc(Cl)cc4)CC3)nnc12,[700.0],0,700
470,CSc1ncc(C(=O)Nc2ccc(Cl)cc2)c(C)n1,[116252.0],0,116252
471,C[C@@H](C[C@H]1CN(S(=O)(=O)c2cccc(C(F)(F)F)c2)c2cc(-c3cc(F)ccc3F)ccc2O1)C(=O)O,[10000.0],0,10000
472,C[C@@H](NC(=O)c1cc(-c2ccc(Cl)cn2)cc(C(C)(C)O)c1)c1ccc(C(F)(F)F)[n+]([O-])c1,[30000.0],0,30000
473,C[C@@H](NC(=O)c1ccc(Cl)cc1)[C@H]1CC[C@@H](c2ccnc3ccc(F)cc32)CC1,[50000.0],0,50000
474,C[C@@H](O)c1nc(-c2cccc3c2N(S(=O)(=O)c2ccc(C(C)(C)C)cc2)Cc2ccc(C(F)(F)F)nc2N3)no1,[25000.0],0,25000
475,C[C@@H](c1ccc(-c2ccn(C)c(=O)c2)cc1)N1CC[C@](CC(C)(C)O)(c2ccccc2)OC1=O,[10000.0],0,10000
476,C[C@@H]1CC[C@H]2[C@@H](C)C(=O)O[C@@H]3O[C@]4(C)CC[C@@H]1[C@]32OO4,[30000.0],0,30000
477,C[C@@H]1C[C@H]1C(=O)N1CCN(c2cnc(C#N)c(-c3cnn(C)c3)n2)C[C@H]1C,[30000.0],0,30000
478,C[C@@H]1C[C@H]2[C@@H]3CCC4=CC(=O)C=C[C@]4(C)[C@@]3(F)[C@@H](O)C[C@]2(C)[C@H]1C(=O)CO,[31600.0],0,31600
479,C[C@@](O)(CS(C)(=O)=O)C(=O)N[C@@H]1CC[C@@]2(S(=O)(=O)c3ccc(F)cc3)c3ccc(C(F)(C(F)(F)F)C(F)(F)F)nc3CC[C@@H]12,[10000.0],0,10000
480,C[C@@]1(c2ccc(C(O)(C(F)(F)F)C(F)(F)F)cc2)CN(C(=O)NCc2ccccc2)C[C@@H]1c1ccccc1,[60.0],0,60
481,C[C@@]1(c2ccc(F)cc2)CN(C(=O)NCc2ccccc2)C[C@@H]1c1ccc(C(O)(C(F)(F)F)C(F)(F)F)cc1,[472.0],0,472
482,C[C@H](C(=O)Nc1ccc(F)cc1)C12CC(NC(=O)c3ccc(F)c(F)c3)(C1)C2,[30000.0],0,30000
483,C[C@H](CCCOS(=O)(=O)[O-])[C@H]1CC[C@H]2[C@@H]3CC[C@H]4C[C@H](OS(=O)(=O)[O-])[C@@H](OS(=O)(=O)[O-])C[C@]4(C)[C@H]3CC[C@]12C.[Na+].[Na+].[Na+],[5200.0],0,5200
484,C[C@H](C[C@H]1CN(S(=O)(=O)c2cccc(C(F)(F)F)c2)c2cc(-c3cc(F)ccc3F)ccc2O1)C(=O)O,[10000.0],0,10000
485,C[C@H](N)C(=O)NCc1cccc(-n2nc(C(F)(F)F)cc2-c2nnc(-c3cccc4ncsc34)o2)c1,[25000.0],0,25000
486,C[C@H](Nc1cc(F)c(S(=O)(=O)Nc2cscn2)c(F)c1)c1cc(C#N)ccc1F,[630.0],0,630
487,C[C@H](Nc1cc(F)c(S(=O)(=O)Nc2cscn2)c(F)c1)c1ccccc1F,[250.0],0,250
488,C[C@H](Nc1cc(F)c(S(=O)(=O)Nc2cscn2)cc1Cl)c1cc(CN2CCC2)ccc1F,[20000.0],0,20000
489,C[C@H](Nc1cc(F)c(S(=O)(=O)Nc2cscn2)cc1Cl)c1cc(F)ccc1F,[400.0],0,400
490,C[C@H](Nc1cc(F)c(S(=O)(=O)Nc2nccs2)cc1Cl)c1ccc(F)cc1F,[420.0],0,420
491,C[C@H](Nc1cc(F)c(S(=O)(=O)Nc2nccs2)cc1Cl)c1cccnc1,[3000.0],0,3000
492,C[C@H](O)c1nc(-c2cccc3c2N(S(=O)(=O)c2ccc(C(C)(C)C)cc2)Cc2ccc(C(F)(F)F)nc2N3)no1,[10000.0],0,10000
493,C[C@H](c1cc(F)cc(F)c1)N(C(=O)c1ccccc1)[C@@H](C(N)=O)c1ccccc1,[10300.0],0,10300
494,C[C@H](c1cc(F)cc(F)c1)N(C(=O)c1ccccc1N)[C@@H](C(N)=O)c1ccccc1,[4800.0],0,4800
495,C[C@H](c1cc(F)cc(F)c1)N(C(=O)c1ccccc1O)[C@@H](C(N)=O)c1ccccc1,[12000.0],0,12000
496,C[C@H]1C[C@@H]2[C@H]([C@@H](O)C[C@@]3(C)[C@H]2CC[C@]3(O)C(=O)CO)[C@@]2(C)C=CC(=O)C=C12,[12600.0],0,12600
497,C[C@H]1C[C@H](C(=O)O)CC[C@H]1C(=O)N1CC[C@@]2(S(=O)(=O)c3ccc(F)cc3)c3ccc(C(F)(C(F)(F)F)C(F)(F)F)cc3CC[C@@H]12,[5000.0],0,5000
498,C[C@H]1C[C@H](C(=O)O)CC[C@H]1C(=O)N1CC[C@@]2(S(=O)(=O)c3ccccc3)c3cc(F)c(C(F)(C(F)(F)F)C(F)(F)F)cc3CC[C@@H]12,[9200.0],0,9200
499,C[C@H]1C[C@H](C(=O)O)CC[C@H]1NN1CC[C@@]2(S(=O)(=O)c3ccc(F)cc3)c3ccc(C(F)(C(F)(F)F)C(F)(F)F)cc3CC[C@@H]12,[5000.0],0,5000
500,C[C@]1(C(=O)N2CC[C@](c3ccc(C(F)(C(F)(F)F)C(F)(F)F)cc3)(S(=O)(=O)c3ccc(F)cc3)C2)CC[C@@H](C(=O)O)CC1,[50000.0],0,50000
501,C[C@]1(C(=O)N2CC[C@](c3ccc(C(F)(C(F)(F)F)C(F)(F)F)cc3)(S(=O)(=O)c3ccc(F)cc3)C2)CC[C@H](C(=O)O)CC1,[50000.0],0,50000
502,C[C@]1(C(=O)O)CC[C@H](C(=O)N2CC[C@](c3ccc(C(F)(C(F)(F)F)C(F)(F)F)cc3)(S(=O)(=O)c3ccc(F)cc3)C2)CC1,[50000.0],0,50000
503,C[C@]1(c2ccc(F)cc2)CN(C(=O)C2CCN(C(=O)C(N)=O)CC2)C[C@H]1c1ccc(C(O)(C(F)(F)F)C(F)(F)F)cc1,[995.0],0,995
504,C[C@]1(c2ccc(F)cc2)CN(C(=O)C2CCN(C(=O)CC#N)CC2)C[C@H]1c1ccc(C(O)(C(F)(F)F)C(F)(F)F)cc1,[495.0],0,495
505,C[C@]1(c2ccc(F)cc2)CN(C(=O)C2CCN(C(=O)CO)CC2)C[C@H]1c1ccc(C(O)(C(F)(F)F)C(F)(F)F)cc1,[1940.0],0,1940
506,C[C@]1(c2ccc(F)cc2)CN(C(=O)C2CCN(C(N)=O)CC2)C[C@H]1c1ccc(C(O)(C(F)(F)F)C(F)(F)F)cc1,[1060.0],0,1060
507,C[C@]1(c2ccc(F)cc2)CN(C(=O)C2CCN(S(C)(=O)=O)CC2)C[C@H]1c1ccc(C(O)(C(F)(F)F)C(F)(F)F)cc1,[151.0],0,151
508,C[C@]1(c2ccc(F)cc2)CN(C(=O)NCc2ccc(C#N)cc2)C[C@H]1c1ccc(C(O)(C(F)(F)F)C(F)(F)F)cc1,[231.0],0,231
509,C[C@]1(c2ccc(F)cc2)CN(C(=O)NCc2ccc3c(c2)OCO3)C[C@H]1c1ccc(C(O)(C(F)(F)F)C(F)(F)F)cc1,[177.0],0,177
510,C[C@]1(c2ccc(F)cc2)CN(C(=O)NCc2ccccc2)C[C@H]1c1ccc(C(O)(C(F)(F)F)C(F)(F)F)cc1,"[559.0, 474.0]",42.5,516.5
511,C[C@]1(c2ccc(F)cc2)CN(C(=O)NCc2ccncc2)C[C@H]1c1ccc(C(O)(C(F)(F)F)C(F)(F)F)cc1,[604.0],0,604
512,C[C@]1(c2ccccc2)CN(C(=O)NCc2ccccc2)C[C@H]1c1ccc(C(O)(C(F)(F)F)C(F)(F)F)cc1,[441.0],0,441
513,C[C@]1(c2ccccc2)CN(C(=O)c2ccccc2)C[C@H]1c1ccc(C(O)(C(F)(F)F)C(F)(F)F)cc1,[740.0],0,740
514,C[C@]1(c2ccccc2)CN(CC(N)=O)C[C@H]1c1ccc(C(O)(C(F)(F)F)C(F)(F)F)cc1,[276.0],0,276
515,C[C@]1(c2ccccc2)CN(Cc2ccccc2)C[C@H]1c1ccc(C(O)(C(F)(F)F)C(F)(F)F)cc1,[321.0],0,321
516,C[C@]1(c2ccccc2)CN(S(C)(=O)=O)C[C@H]1c1ccc(C(O)(C(F)(F)F)C(F)(F)F)cc1,[257.0],0,257
517,C[C@]1(c2ccccc2)CNC[C@H]1c1ccc(C(O)(C(F)(F)F)C(F)(F)F)cc1,[1250.0],0,1250
518,C[C@]12CC[C@@H]3c4ccc(O)cc4C[C@@H](CCCCCCCCC[S+]([O-])CCCC(F)(F)C(F)(F)F)[C@H]3[C@@H]1CC[C@@H]2O,[1950.0],0,1950
519,C[Si](C)(O)c1ccc(N(CCc2ccccc2)S(=O)(=O)c2ccccc2)cc1,[14000.0],0,14000
520,C[Si](C)(O)c1ccc(N(Cc2ccccc2)S(=O)(=O)c2ccccc2)cc1,[3200.0],0,3200
521,C[Si](C)(O)c1ccc(NS(=O)(=O)c2ccccc2)cc1,[2400.0],0,2400
522,Cc1c(-c2cc[nH]n2)cc(NC(=O)c2ccc(Cl)cc2)c(=O)n1N,[100333.0],0,100333
523,Cc1c(C)c(C)c(S(=O)(=O)Nc2ccc3c(c2)ncn3-c2ccc3ccccc3c2)c(C)c1C,[55.0],0,55
524,Cc1c(C)c(C)c(S(=O)(=O)Nc2ccc3c(c2)ncn3Cc2ccccc2)c(C)c1C,"[8.04, 0.7]",3.67,4.37
525,Cc1c(C)c2c(c(C)c1O)CC[C@@](C)(CCCC(C)CCCC(C)CCCC(C)CO)O2,[1500.0],0,1500
526,Cc1c(C)c2c(c(C)c1O)CC[C@@](C)(CCC[C@H](C)CCC[C@H](C)CCCC(C)C(=O)O)O2,[3300.0],0,3300
527,Cc1c(Cl)cccc1Oc1cccn2c(C34CCC(CC3)C4)nnc12,[150.0],0,150
528,Cc1c(Cl)cccc1Oc1cccn2c(C34CCC(F)(CC3)CC4)nnc12,[150.0],0,150
529,Cc1c(Cl)cccc1Oc1cccn2c(C34CCC(O)(CC3)CC4)nnc12,[50000.0],0,50000
530,Cc1c(Cl)cccc1Oc1cccn2c(C3CCCCCC3)nnc12,[150.0],0,150
531,Cc1c(Cl)cccc1Oc1cccn2c(CC3CC4CCC3C4)nnc12,[150.0],0,150
532,Cc1c(Cl)cccc1Oc1cccn2c([C@]34CCC(C[C@H]3O)C4(C)C)nnc12,[150.0],0,150
533,Cc1c(Cl)nc(OC[C@H]2C[C@@H]2c2ccccn2)nc1NCc1cnn(C)c1,[5600.0],0,5600
534,Cc1c([C@H](OC(C)(C)C)C(=O)O)c2n3cc(nc3c1C(C)(C)O)-c1cccc(c1)-c1cc(F)ccc1O[C@@H](C)CCCCOC1(C)CCN2CC1,[1010.0],0,1010
535,Cc1c([C@H](OC(C)(C)C)C(=O)O)c2n3cc(nc3c1CN(C)C)-c1cccc(c1)-c1cc(F)ccc1O[C@@H](C)CCCCOC1(C)CCN2CC1,[50000.0],0,50000
536,Cc1c([C@H](OC(C)(C)C)C(=O)O)c2n3cc(nc3c1CNC(C)C)-c1cccc(c1)-c1cc(F)ccc1O[C@@H](C)CCCCOC1(C)CCN2CC1,[50000.0],0,50000
537,Cc1c([C@H](OC(C)(C)C)C(=O)O)c2n3cc(nc3c1CNCC(C)(C)O)-c1cccc(c1)-c1cc(F)ccc1O[C@@H](C)CCCCOC1(C)CCN2CC1,[50000.0],0,50000
538,Cc1cc(C(=O)N[C@@H]2CC(C)(C)Oc3nc(-c4ccc(Cl)cc4Cl)c(-c4ccc(Cl)cc4)cc32)n[nH]1,[5000.0],0,5000
539,Cc1cc(C(=O)Nc2ccc(-c3nnc(C4(c5ccc(Cl)cc5)CCC4)n3C)cc2)c(C)o1,[30000.0],0,30000
540,Cc1cc(C(=O)O)ccc1-c1ccc(Cl)c(-c2ccc(C(F)(F)F)cc2CN2C(=O)O[C@H](c3cc(C(F)(F)F)cc(C(F)(F)F)c3)[C@@H]2C)c1,[30000.0],0,30000
541,Cc1cc(C)c(S(=O)(=O)Nc2ccc3c(c2)ncn3Cc2ccccc2)c(C)c1,"[1.5, 8.05]",3.275,4.775
542,Cc1cc(C)cc(-c2cc3cc(C(C)(C)C(=O)NC(C)(C)C)ccc3n2CC(=O)NC(C)(C)C)c1,[30000.0],0,30000
543,Cc1cc(C)cc(S(=O)(=O)Nc2ccc3c(c2)ncn3Cc2ccccc2)c1,[33.0],0,33
544,Cc1cc(C)n2cc(-c3ccc(Cl)cc3)c(C(=O)O)c2n1,[116106.0],0,116106
545,Cc1cc(C)nc(Nc2ncc(O)n2-c2ccccc2)n1,[116056.0],0,116056
546,Cc1cc(CCCOc2c(C)cc(-c3noc(C(F)(F)F)n3)cc2C)on1,[251.19],0,251.19
547,Cc1cc(Nc2ccc(Br)cc2)n2nc(C)nc2n1,[116147.0],0,116147
548,Cc1cc(Nc2nccc(-c3sc(C4CCNCC4)nc3-c3ccc(F)cc3)n2)ccn1,[50000.0],0,50000
549,Cc1cc(O)cc2c1O[C@](C)(CCC[C@H](C)CCC[C@H](C)CCCC(C)C(=O)O)CC2,[3000.0],0,3000
550,Cc1cc(O)cc2c1O[C@](C)(CCC[C@H](C)CCC[C@H](C)CCCC(C)CO)CC2,[1600.0],0,1600
551,Cc1cc(O)nc(N/N=C/c2ccc(Br)s2)n1,[116217.0],0,116217
552,Cc1cc(S(=O)(=O)[C@@]2(c3ccc(C(F)(C(F)(F)F)C(F)(F)F)cc3)CCN(C(=O)[C@H]3CC[C@H](C(=O)O)CC3)C2)ccc1F,[22800.0],0,22800
553,Cc1cc2cc(/N=C(/NC#N)N[C@H]3CCCCN(CC(=O)N4CCCC4)C3=O)ccc2o1,[25000.0],0,25000
554,Cc1ccc(-c2c(C)nc(-c3cccc(F)c3O)n(CCc3ccccc3)c2=O)s1,[2500.0],0,2500
555,Cc1ccc(-c2cc(-c3cccs3)[nH]n2)c(O)c1,[116065.0],0,116065
556,Cc1ccc(-c2cc(C(=O)N[C@H](C)c3ccc(C(F)(F)F)[n+]([O-])c3)cc(C(C)(C)O)c2)nc1,[30000.0],0,30000
557,Cc1ccc(-c2cc(C(=O)N[C@H](C)c3ccc(C(F)(F)F)nc3)cc(C(C)(C)O)c2)nc1,[18000.0],0,18000
558,Cc1ccc(-c2cc(C(=O)N[C@H](C)c3ccc(F)cn3)cc(-c3ncccc3F)c2)nc1,[6000.0],0,6000
559,Cc1ccc(-c2cc(C(=O)N[C@H](C)c3ccc(F)cn3)cc(C(C)(C)O)c2)nc1,[2000.0],0,2000
560,Cc1ccc(-c2cc(C(=O)N[C@H](C)c3ccc(F)cn3)cc(N3CCOCC3)c2)nc1,[30000.0],0,30000
561,Cc1ccc(-c2nc(CCc3ccccc3)c(-c3cccc(F)c3O)nc2C)s1,[3200.0],0,3200
562,Cc1ccc(-n2c(=O)[nH]cc(C(=O)Nc3ccc4c(c3)OCO4)c2=O)cc1C,[116109.0],0,116109
563,Cc1ccc(/C=C/c2ccc3c(c2)N(S(=O)(=O)c2cccc(C(F)(F)F)c2)C[C@H](CCC(=O)O)O3)cc1,[10000.0],0,10000
564,Cc1ccc(/C=N/n2cc(-c3ccccc3)nc2S)s1,[116062.0],0,116062
565,Cc1ccc(C(=O)Nc2ccc(S(=O)(=O)O)c3cc(S(=O)(=O)O)cc(S(=O)(=O)O)c23)cc1NC(=O)c1cccc(NC(=O)Nc2cccc(C(=O)Nc3cc(C(=O)Nc4ccc(S(=O)(=O)O)c5cc(S(=O)(=O)O)cc(S(=O)(=O)O)c45)ccc3C)c2)c1,[1300.0],0,1300
566,Cc1ccc(C)c2sc(NC(=O)C3CC3)nc12,[116217.0],0,116217
567,Cc1ccc(N2CC(COc3ccc(-c4noc(C)n4)cc3)C2)nn1,[31622.78],0,31622.78
568,Cc1ccc(N=C(S)c2nc3ccccc3[nH]2)c(C)c1,[116159.0],0,116159
569,Cc1ccc(Nc2ncccc2C(N)=O)cc1,[115965.0],0,115965
570,Cc1ccc(Oc2nc3cc(-c4ccc(-c5ccccc5)cc4)c(Cl)cc3[nH]2)cc1C(=O)O,[30000.0],0,30000
571,Cc1ccc(S(=O)(=O)[C@@]2(c3ccc(C(F)(C(F)(F)F)C(F)(F)F)cc3)CCN(C(=O)[C@H]3CC[C@H](C(=O)O)CC3)C2)cc1,[12600.0],0,12600
572,Cc1ccc2c(c1)c1nc3ccccc3nc1n2C,[70129.0],0,70129
573,Cc1ccc2c(c1C)N(S(=O)(=O)c1ccc(C(C)(C)C)cc1)Cc1ccc(C(F)(F)F)nc1N2,"[677.0, 678.0]",0.5,677.5
574,Cc1ccc2cc3c(NC(=O)CC(C)C)nn(C)c3nc2c1,[38498.0],0,38498
575,Cc1ccc[n+](CC(=O)c2ccc(Br)cc2)c1C.[Br-],[116193.0],0,116193
576,Cc1cccc(C)c1COC(c1ccc([C@]2(S(=O)(=O)c3ccc(F)cc3)CCN(C(=O)[C@H]3CC[C@H](C(=O)O)CC3)C2)cc1)(C(F)(F)F)C(F)(F)F,[50000.0],0,50000
577,Cc1cccc(F)c1COC(c1ccc([C@]2(S(=O)(=O)c3ccc(F)cc3)CCN(C(=O)[C@H]3CC[C@H](C(=O)O)CC3)C2)cc1)(C(F)(F)F)C(F)(F)F,[4820.0],0,4820
578,Cc1cccc2cc3c(N)c(C(=O)N4CCOCC4)sc3nc12,[69508.0],0,69508
579,Cc1ccccc1-c1nc(-c2cccnc2)no1,[116115.0],0,116115
580,Cc1ccccc1COC(c1ccc(C2(S(=O)(=O)c3ccc(F)cc3)CCCC2)cc1)(C(F)(F)F)C(F)(F)F,[2330.0],0,2330
581,Cc1ccccc1S(=O)(=O)Nc1ccc2c(c1)ncn2Cc1ccccc1,[45.0],0,45
582,Cc1ccccc1[C@H]1C[C@@H](NCc2ccc(Cl)cc2)CC[C@@H]1C(=O)N1CC(c2ccccc2)(c2ccccc2)C1,[15000.0],0,15000
583,Cc1cccn2c(C3(c4ccc(Cl)cc4)CC3)nnc12,[8800.0],0,8800
584,Cc1cn(-c2ccc(-c3nnc(C4(c5ccc(Cl)cc5)CCC4)n3C)c(Cl)c2)c(C2CC2)n1,[1300.0],0,1300
585,Cc1cnc(NC(=O)c2c(Cl)cnn2C)s1,[116275.0],0,116275
586,Cc1csc(NC(=O)CSc2ccc3nnc(-c4ccncc4)n3n2)n1,[116125.0],0,116125
587,Cc1csc(SCC(=O)Nc2ccc(Cl)cn2)n1,[116056.0],0,116056
588,Cc1nc(-c2cccc(F)c2O)n(CCc2ccccc2)c(=O)c1-c1cc(-c2ccccn2)c(C)s1,[50000.0],0,50000
589,Cc1nc(-c2cccc(F)c2O)n(CCc2ccccc2)c(=O)c1-c1ccc(-c2ccccc2)s1,[8000.0],0,8000
590,Cc1nc(-c2cccc(F)c2O)n(CCc2ccccc2)c(=O)c1-c1ccc(-c2ccccn2)s1,[5000.0],0,5000
591,Cc1nc(-c2cccc(F)c2O)n(CCc2ccccc2)c(=O)c1-c1ccc(CO)s1,[13000.0],0,13000
592,Cc1nc(-c2cccc(F)c2O)n(CCc2ccccc2)c(=O)c1Cc1ccccc1,[1000.0],0,1000
593,Cc1nc(C)c(C(=O)N/N=C/c2c[nH]c3ccccc23)s1,[116147.0],0,116147
594,Cc1nc(C)c(CNc2cc(C3CC3)nc3ccnn23)s1,[250000.0],0,250000
595,Cc1nc(C)c(CNc2nc(C3CC3)nc(Cl)c2C)s1,[19000.0],0,19000
596,Cc1nc(C)c(CNc2nc(OCCCc3ccc4ccccc4n3)nc(Cl)c2C)s1,[2300.0],0,2300
597,Cc1nc(Cl)sc1C(=O)Nc1ccc(C(F)(F)F)cc1,[116041.0],0,116041
598,Cc1nc(N)nc(Nc2ccc(Cl)cc2)c1Br,[97537.0],0,97537
599,Cc1nc(NC2=NCN(CCCN3CCOCC3)CN2)nc2c(C)cccc12,[116111.0],0,116111
600,Cc1nc2cc(-c3ccccc3)nn2c(-c2cc(F)c3c(c2C)CCCO3)c1[C@H](OC(C)(C)C)C(=O)O,[5700.0],0,5700
601,Cc1ncc(-c2c(C)nc(-c3cccc(F)c3O)n(CCc3ccccc3)c2=O)s1,[10000.0],0,10000
602,Cc1nccc(-c2ccc(-n3cnc4ccccc43)cc2)n1,[116205.0],0,116205
603,Cc1ncccc1Oc1cccn2c(C3(c4ccc(Cl)cc4)CC3)nnc12,[2800.0],0,2800
604,Cc1nccn1-c1ccc(-c2nnc(C3(c4ccc(Cl)cc4)CCC3)n2C)c(Cl)c1,[25000.0],0,25000
605,Cc1nnc(-c2cc(F)c(-c3c(=O)ccn4c(-c5ccc(F)cc5F)cccc34)c(F)c2)o1,"[30000.0, 30000.0]",0,30000
606,Cc1nnc(-c2ccc(F)c(-c3c(=O)ccn4c(-c5ccc(F)cc5F)cccc34)c2)o1,[30000.0],0,30000
607,Cc1nnc(N2C(=O)c3cccc4c([N+](=O)[O-])ccc(c34)C2=O)s1,[116096.0],0,116096
608,Cc1noc(-c2cc(F)c(-c3c(=O)ccn4c(-c5ccc(F)cc5F)cccc34)c(F)c2)n1,[30000.0],0,30000
609,Cc1noc(C)c1-c1ccc(-c2nnc(C3(c4ccc(Cl)cc4)CCC3)n2C)cc1,[30000.0],0,30000
610,Cl.Nc1cccc(Nc2ncnc3ccccc23)c1,[116121.0],0,116121
611,Cl.O=C(c1cc(S(=O)(=O)Nc2ccccc2F)c(F)cc1Cl)N1CCN2CCC[C@@H]2C1,[10000.0],0,10000
612,Clc1cc(Cl)c(OCC#CI)cc1Cl,[10000.0],0,10000
613,Clc1ccc(-c2nc3occn3c2/C=N/OCc2ccc(Cl)c(Cl)c2)cc1,[1300.0],0,1300
614,Clc1ccc(-c2nc3sccn3c2/C=N/OCc2ccc(Cl)c(Cl)c2)cc1,[990.0],0,990
615,Clc1ccc(C2(c3nnc4c(C5CC5)cccn34)CC2)cc1,[50000.0],0,50000
616,Clc1ccc(C2(c3nnc4c(C5CCC5)cccn34)CC2)cc1,[900.0],0,900
617,Clc1ccc(C2(c3nnc4c(OC5CCC5)cccn34)CC2)cc1,[1500.0],0,1500
618,Clc1ccc(C2(c3nnc4c(OC5CCCCC5)cccn34)CC2)cc1,[600.0],0,600
619,Clc1ccc(C2(c3nnc4c(OC5CCOCC5)cccn34)CC2)cc1,[10000.0],0,10000
620,Clc1ccc(C2(c3nnc4c(Oc5ccc6ccccc6c5)cccn34)CC2)cc1,[800.0],0,800
621,Clc1ccc(C2(c3nnc4c(Oc5cccc(Cl)c5)cccn34)CC2)cc1,[800.0],0,800
622,Clc1ccc(C2(c3nnc4c(Oc5ccccc5)cccn34)CC2)cc1,[1800.0],0,1800
623,Clc1ccc(C2(c3nnc4c(Oc5ccccc5-c5ccccc5)cccn34)CC2)cc1,[500.0],0,500
624,Clc1ccc(C2(c3nnc4c(Oc5ccccc5Cl)cccn34)CC2)cc1,[970.0],0,970
625,Clc1ccc(C2(c3nnc4c(Oc5ccccc5N5CCOCC5)cccn34)CC2)cc1,[400.0],0,400
626,Clc1ccc(C2(c3nnc4n3CCCCCC4)CCC2)cc1,[1600.0],0,1600
627,Clc1ccc(CO/N=C/c2c(-c3ccc(-c4ccccc4)cc3)nc3sccn23)cc1Cl,[57000.0],0,57000
628,Clc1ccc(CO/N=C/c2c(-c3ccc4ccccc4c3)nc3occn23)cc1Cl,[5900.0],0,5900
629,Clc1ccc(Nc2nc(-c3cccs3)cs2)nc1,[116108.0],0,116108
630,Clc1ccc(Oc2cccn3c(C4(c5ccc(Cl)cc5)CC4)nnc23)cc1,[1200.0],0,1200
631,Cn1c(-c2ccc(-c3cc(O)ncn3)cc2)nnc1C1(c2ccc(Cl)cc2)CCC1,[30000.0],0,30000
632,Cn1c(-c2ccc(-c3ccc(Cl)nn3)cc2)nnc1C1(c2ccc(Cl)cc2)CCC1,[30000.0],0,30000
633,Cn1c(-c2ccc(-c3ccc(N)nn3)cc2)nnc1C1(c2ccc(Cl)cc2)CCC1,[30000.0],0,30000
634,Cn1c(-c2ccc(-c3ccc(S(C)(=O)=O)cc3)cc2Cl)nnc1C1(c2ccc(Cl)cc2)CCC1,[25000.0],0,25000
635,Cn1c(-c2ccc(-c3cccc(S(C)(=O)=O)c3)cc2Cl)nnc1C1(c2ccc(Cl)cc2)CCC1,[25000.0],0,25000
636,Cn1c(-c2ccc(-c3ccccc3)cc2)nnc1C1(c2ccc(Cl)cc2)CCC1,[1700.0],0,1700
637,Cn1c(-c2ccc(-c3ccccc3)cc2Cl)nnc1C1(c2ccc(Cl)cc2)CCC1,[1700.0],0,1700
638,Cn1c(-c2ccc(-c3ccccn3)cc2Cl)nnc1C1(c2ccc(Cl)cc2)CCC1,[2400.0],0,2400
639,Cn1c(-c2ccc(-c3cccnc3)cc2Cl)nnc1C1(c2ccc(Cl)cc2)CCC1,"[3600.0, 3600.0]",0,3600
640,Cn1c(-c2ccc(-c3cccnc3)cc2F)nnc1C1(c2ccc(Cl)cc2)CCC1,[30000.0],0,30000
641,Cn1c(-c2ccc(-c3cccnc3)cc2O)nnc1C1(c2ccc(Cl)cc2)CCC1,[30000.0],0,30000
642,Cn1c(-c2ccc(-c3ccncc3)cc2Cl)nnc1C1(c2ccc(Cl)cc2)CCC1,[7700.0],0,7700
643,Cn1c(-c2ccc(-c3ccon3)cc2)nnc1C1(c2ccc(Cl)cc2)CCC1,[30000.0],0,30000
644,Cn1c(-c2ccc(-c3ccsc3)cc2)nnc1C1(c2ccc(Cl)cc2)CCC1,[3000.0],0,3000
645,Cn1c(-c2ccc(-c3cnc(N)nc3)cc2)nnc1C1(c2ccc(Cl)cc2)CCC1,[30000.0],0,30000
646,Cn1c(-c2ccc(-c3cnc(O)nc3)cc2)nnc1C1(c2ccc(Cl)cc2)CCC1,[30000.0],0,30000
647,Cn1c(-c2ccc(-c3cnccn3)cc2)nnc1C1(c2ccc(Cl)cc2)CCC1,[30000.0],0,30000
648,Cn1c(-c2ccc(-c3cnccn3)cc2C(N)=O)nnc1C1(c2ccc(Cl)cc2)CCC1,[30000.0],0,30000
649,Cn1c(-c2ccc(-c3cnccn3)cc2Cl)nnc1C1(c2ccc(Cl)cc2)CC(F)C1,[30000.0],0,30000
650,Cn1c(-c2ccc(-c3cnccn3)cc2F)nnc1C1(c2ccc(Cl)cc2)CCC1,[4800.0],0,4800
651,Cn1c(-c2ccc(-c3cnccn3)cc2OC(F)F)nnc1C1(c2ccc(Cl)cc2)CCC1,[30000.0],0,30000
652,Cn1c(-c2ccc(-c3cncnc3)cc2)nnc1C1(c2ccc(Cl)cc2)CCC1,[30000.0],0,30000
653,Cn1c(-c2ccc(-c3cnoc3)cc2)nnc1C1(c2ccc(Cl)cc2)CCC1,[23000.0],0,23000
654,Cn1c(-c2ccc(-n3ccnc3)cc2Cl)nnc1C1(c2ccc(Cl)cc2)CCC1,[12000.0],0,12000
655,Cn1c(-c2ccc(-n3ccnc3C(F)(F)F)cc2Cl)nnc1C1(c2ccc(Cl)cc2)CCC1,[3200.0],0,3200
656,Cn1c(-c2ccc(-n3ccnc3S(C)(=O)=O)cc2Cl)nnc1C1(c2ccc(Cl)cc2)CCC1,[7900.0],0,7900
657,Cn1c(-c2ccc(C(=O)N3CCC3)cc2)nnc1C1(c2ccc(Cl)cc2)CCC1,[30000.0],0,30000
658,Cn1c(-c2ccc(C(=O)N3CCCC3)cc2)nnc1C1(c2ccc(Cl)cc2)CCC1,[30000.0],0,30000
659,Cn1c(-c2ccc(C(=O)N3CCOCC3)cc2)nnc1C1(c2ccc(Cl)cc2)CCC1,[30000.0],0,30000
660,Cn1c(-c2ccc(C(=O)NC(C)(C)C)cc2)nnc1C1(c2ccc(Cl)cc2)CCC1,[30000.0],0,30000
661,Cn1c(-c2ccc(C(=O)NC3CC3)cc2)nnc1C1(c2ccc(Cl)cc2)CCC1,[30000.0],0,30000
662,Cn1c(-c2ccc(C(=O)NC3CCC3)cc2)nnc1C1(c2ccc(Cl)cc2)CCC1,[30000.0],0,30000
663,Cn1c(-c2ccc(C(=O)O)cc2)nnc1C1(c2ccc(Cl)cc2)CCC1,[30000.0],0,30000
664,Cn1c(-c2ccc(C(=O)O)cc2Cl)nnc1C1(c2ccc(Cl)cc2)CCC1,[18000.0],0,18000
665,Cn1c(-c2ccc(C(N)=O)cc2)nnc1C1(c2ccc(Cl)cc2)CCC1,[30000.0],0,30000
666,Cn1c(-c2ccc(C(N)=O)cc2C(N)=O)nnc1C1(c2ccc(Cl)cc2)CCC1,[30000.0],0,30000
667,Cn1c(-c2ccc(C(N)=O)cc2Cl)nnc1C1(c2ccc(Cl)cc2)CCC1,[30000.0],0,30000
668,Cn1c(-c2ccc(N)cc2)nnc1C1(c2ccc(Cl)cc2)CCC1,[30000.0],0,30000
669,Cn1c(-c2ccc(N)cc2Cl)nnc1C1(c2ccc(Cl)cc2)CCC1,[30000.0],0,30000
670,Cn1c(-c2ccc(NC(=O)c3cccs3)cc2)nnc1C1(c2ccc(Cl)cc2)CCC1,[8700.0],0,8700
671,Cn1c(-c2ccc(NC(=O)c3ccno3)cc2)nnc1C1(c2ccc(Cl)cc2)CCC1,[30000.0],0,30000
672,Cn1c(-c2ccc(NC(=O)c3cnccn3)cc2)nnc1C1(c2ccc(Cl)cc2)CCC1,[30000.0],0,30000
673,Cn1c(-c2ccc(NC(=O)c3cnccn3)cc2Cl)nnc1C1(c2ccc(Cl)cc2)CCC1,[30000.0],0,30000
674,Cn1c(=O)c2c(nc(/C=C/c3cccc(Cl)c3)n2C)n(C)c1=O,[115938.0],0,115938
675,Cn1c(C(=O)N2CCC(C(N)=O)CC2)cc2cc(Cl)ccc21,[116217.0],0,116217
676,Cn1c(N)c(C(=O)Nc2ccccc2F)sc1=S,[66141.0],0,66141
677,Cn1cc(-c2cccc3c2N(S(=O)(=O)c2ccc(C(C)(C)C)cc2)Cc2ccc(C(F)(F)F)nc2N3)cn1,[1100.0],0,1100
678,Cn1cc(CNc2cc(OC[C@H]3C[C@@H]3c3ccccn3)nc3ccnn23)cn1,[25000.0],0,25000
679,Cn1nc(C(=O)N(Cc2ccccc2)Cc2ccc(C(=O)O)cc2)c2c1-c1cc(Cl)ccc1OC2,[30000.0],0,30000
680,FC(F)(F)Oc1ccccc1Oc1cccn2c(C3(c4ccc(Cl)cc4)CC3)nnc12,[300.0],0,300
681,FC(F)(F)c1ccc(CO/N=C/c2c(-c3ccc4ccccc4c3)nc3occn23)cc1,[2000.0],0,2000
682,Fc1ccc(C(c2ccccc2)(c2ccccc2F)n2ccnc2)cc1,[6100.0],0,6100
683,Fc1ccccc1Oc1cccn2c(C3(c4ccc(Cl)cc4)CC3)nnc12,[1100.0],0,1100
684,N#C/C(=C/c1ccccc1)c1nn(CCO)c(N)c1C#N,[82975.0],0,82975
685,N#CC12CC3CC(C1)C(CC(=O)N1CC(O)C1)(c1ccc(F)cc1)C(C3)C2,[50000.0],0,50000
686,N#Cc1cc(F)c(-c2c(=O)ccn3c(-c4ccc(F)cc4F)cccc23)c(F)c1,[30000.0],0,30000
687,N#Cc1ccc(S(=O)(=O)N(CC(F)(F)F)c2ccc(C(O)(C(F)(F)F)C(F)(F)F)cc2)cc1,[571.0],0,571
688,N#Cc1ccccc1COC(c1ccc(C2(S(=O)(=O)c3ccc(F)cc3)CCCC2)cc1)(C(F)(F)F)C(F)(F)F,[303.0],0,303
689,N#Cc1cnc2ccc(-c3c(-c4ccc(F)c(Cl)c4)ncn3CCO)nn12,[24000.0],0,24000
690,NC(=O)C12CC3CC(C1)C(CC(=O)N1CC(O)C1)(c1ccc(F)cc1)C(C3)C2,[50000.0],0,50000
691,NC(=O)CC1CN(S(=O)(=O)c2ccc(F)cc2)c2ccc(C(O)(C(F)(F)F)C(F)(F)F)cc2S1,[190.0],0,190
692,NC(=O)[C@@H](c1ccccc1)N(C(=O)c1ccccc1)[C@@H]1CCc2c(F)cc(Cl)cc21,[4700.0],0,4700
693,NC(=O)[C@@H](c1ccccc1)N(C(=O)c1ccccc1)[C@@H]1CCc2c(F)cc(F)cc21,[9500.0],0,9500
694,NC(=O)[C@@H](c1ccccc1)N(C(=O)c1cccnc1)[C@@H]1CCc2c(F)cc(Cl)cc21,[131000.0],0,131000
695,NC(=O)[C@@H](c1ccccc1)N(C(=O)c1cccnc1)[C@@H]1CCc2c(F)cc(F)cc21,[47000.0],0,47000
696,NC(=O)[C@H]1CC[C@H](C(=O)N2CC[C@](c3ccc(C(F)(C(F)(F)F)C(F)(F)F)cc3)(S(=O)(=O)c3ccc(F)cc3)C2)CC1,[50000.0],0,50000
697,NC(=O)c1cc(-c2ccc(F)cc2)c2ccc(CN3C(=O)CCC3=O)cc2n1,[1100000.0],0,1100000
698,NC(=O)c1cc(F)c(-c2c(=O)ccn3c(-c4ccc(F)cc4F)cccc23)c(F)c1,[30000.0],0,30000
699,NC(=O)c1ccc(C(=O)N2CCC(N(C3CC3)S(=O)(=O)c3cccc(C(F)(F)F)c3)CC2)c(C(F)(F)F)c1,[1900.0],0,1900
700,NC(=O)c1ccc(C(=O)N2CCC(N(C3CC3)S(=O)(=O)c3cccc(C(F)(F)F)c3)CC2)c(OC(F)(F)F)c1,[10000.0],0,10000
701,NC(=O)c1oc2ccccc2c1NC(=O)c1ccc(F)cc1,[116217.0],0,116217
702,NC(c1ccc(C2(S(=O)(=O)c3ccc(F)cc3)CCCC2)cc1)(C(F)(F)F)C(F)(F)F,[275.0],0,275
703,NCCCc1nc(-c2cccc(NS(=O)(=O)c3cc(F)ccc3F)c2F)c(-c2ccnc(N)n2)s1,[30000.0],0,30000
704,NNc1nc(O)c2c3c(sc2n1)-c1ccccc1CC3,[116217.0],0,116217
705,NS(=O)(=O)c1ccc(-c2ccc(/C=C3\SC(=O)NC3=O)o2)cc1,[116217.0],0,116217
706,N[C@@H](Cc1ccc(Oc2cc(I)c(O)c(I)c2)c(I)c1)C(=O)O,[12600.0],0,12600
707,Nc1[nH]ncc1C(=O)Nc1cccc(C(F)(F)F)c1,[116135.0],0,116135
708,Nc1c(C(=O)c2ccc(Br)cc2)oc2ccccc12,[116159.0],0,116159
709,Nc1cc2c3c(cccc3c1)C(=O)N(CCN1CCCC1)C2=O,[115994.0],0,115994
710,Nc1ccc(C(=O)Nc2ccccc2N)cc1,[28200.0],0,28200
711,Nc1nccc(-c2sc(C3CCCCN3)nc2-c2cccc(NS(=O)(=O)c3cc(F)ccc3F)c2F)n1,[5160.0],0,5160
712,Nc1nccc(-c2sc(C3CCCN3)nc2-c2cccc(NS(=O)(=O)c3cc(F)ccc3F)c2F)n1,[9790.0],0,9790
713,Nc1nccc(-c2sc(C3CCCNC3)nc2-c2cccc(NS(=O)(=O)c3cc(F)ccc3F)c2F)n1,[30000.0],0,30000
714,Nc1nccc(-c2sc(C3CCN(C4CC4)CC3)nc2-c2cccc(NS(=O)(=O)c3cc(F)ccc3F)c2F)n1,[6210.0],0,6210
715,Nc1nccc(-c2sc(C3CCN3)nc2-c2cccc(NS(=O)(=O)c3cc(F)ccc3F)c2F)n1,[30000.0],0,30000
716,Nc1nccc(-c2sc(C3CNCCN3)nc2-c2cccc(NS(=O)(=O)c3cc(F)ccc3F)c2F)n1,[30000.0],0,30000
717,Nc1nccc(-c2sc(C3COCCN3)nc2-c2cc(Cl)cc(NS(=O)(=O)c3cc(F)ccc3F)c2F)n1,[2280.0],0,2280
718,Nc1nccc(-c2sc(C3COCCN3)nc2-c2cccc(NS(=O)(=O)c3cc(F)ccc3F)c2F)n1,[11500.0],0,11500
719,Nc1nnc(-c2cc(F)c(-c3c(=O)ccn4c(-c5ccc(F)cc5F)cccc34)c(F)c2)o1,[30000.0],0,30000
720,O=C(/C=C\c1cccs1)c1c(O)ccc2ccc(=O)oc12,[66733.0],0,66733
721,O=C(C1CC(F)(F)C1)N(CC12CCC(c3nc(C4CC4)no3)(CC1)CC2)c1cccc(-c2nc(C3CC3)no2)c1,[1000.0],0,1000
722,O=C(C1CCC(F)(F)CC1)N(CC12CCC(c3nc(C4CC4)no3)(CC1)CC2)c1cccc(-c2nc(C3CC3)no2)c1,[8000.0],0,8000
723,O=C(C1CCCC1)N1CCC(c2ccc(C(O)(C(F)(F)F)C(F)(F)F)cc2)(S(=O)(=O)c2ccc(F)cc2)C1,[794.0],0,794
724,O=C(C1CCCCC1)N(CC12CCC(c3nc(C4CC4)no3)(CC1)CC2)c1cccc(-c2nc(C3CC3)no2)c1,[6000.0],0,6000
725,O=C(C1CCOCC1)N(CC12CCC(c3nc(C4CC4)no3)(CC1)CC2)c1cccc(-c2nc(C3CC3)no2)c1,[2000.0],0,2000
726,O=C(C1CCOCC1)N1CC[C@](c2ccc(C(OCc3c(F)cccc3F)(C(F)(F)F)C(F)(F)F)cc2)(S(=O)(=O)c2ccc(F)cc2)C1,[15320.0],0,15320
727,O=C(C1CCS(=O)(=O)CC1)N(CC12CCC(c3nc(C4CC4)no3)(CC1)CC2)c1cccc(-c2nc(C3CC3)no2)c1,[4000.0],0,4000
728,O=C(C1CCS(=O)(=O)CC1)N1CC[C@](c2ccc(C(F)(C(F)(F)F)C(F)(F)F)cc2)(S(=O)(=O)c2ccc(F)cc2)C1,[50000.0],0,50000
729,O=C(CC1(c2ccc(F)cc2)C2CC3CC(C2)CC1(O)C3)N1CC(O)C1,[50000.0],0,50000
730,O=C(CC1(c2ccc(F)cc2)C2CC3CC(C2)CC1C3)N1CC(O)C1,[6700.0],0,6700
731,O=C(CC1(c2ccc(F)cc2)C2CC3CC1CC(C2)C3O)N1CC(O)C1,[50000.0],0,50000
732,O=C(CC1(c2ccc(F)cc2)C2CC3CC1CC(F)(C3)C2)N1CC(O)C1,[25000.0],0,25000
733,O=C(CC1(c2ccc(F)cc2)C2CC3CC1CC(O)(C3)C2)N1CC(O)C1,[50000.0],0,50000
734,O=C(CC1CN(S(=O)(=O)c2ccc(F)cc2)c2ccc(C(O)(C(F)(F)F)C(F)(F)F)cc2S1)N1CCOCC1,[380.0],0,380
735,O=C(CC1CN(S(=O)(=O)c2ccc(F)cc2)c2ccc(C(O)(C(F)(F)F)C(F)(F)F)cc2S1)Nc1ccncc1,[250.0],0,250
736,O=C(CC1CN(S(=O)(=O)c2ccc(F)cc2)c2ccc(C(O)(C(F)(F)F)C(F)(F)F)cc2S1)Nc1nncs1,[254.0],0,254
737,O=C(CN1CCOCC1)Nc1nc2ccc([N+](=O)[O-])cc2s1,[116135.0],0,116135
738,O=C(CNc1nonc1/C(=N/O)N[C@H]1Cc2ccc(F)cc21)NCCO,[30000.0],0,30000
739,O=C(Cc1ccc2ccccc2c1)Nc1ccc2c(c1)ncn2Cc1ccccc1,[5000.0],0,5000
740,O=C(Cc1cccc2ccccc12)Nc1ccc2c(c1)ncn2Cc1ccccc1,[217.0],0,217
741,O=C(Cc1ccccc1Cl)Nc1ccc2c(c1)ncn2Cc1ccccc1,[515.0],0,515
742,O=C(Cc1cccs1)N[C@@H]1C(=O)N2C(C(=O)[O-])=C(C[n+]3ccccc3)CS[C@H]12,[3200.0],0,3200
743,O=C(N(CC12CCC(c3nc(C4CC4)no3)(CC1)CC2)c1cccc(-c2nc(C3CC3)no2)c1)C12CC(F)(C1)C2,[1000.0],0,1000
744,O=C(N/N=C/c1c[nH]c2ccccc12)C1COc2ccccc2O1,[64928.0],0,64928
745,O=C(N/N=C/c1ccc(-c2ccccc2[N+](=O)[O-])o1)c1cncc(Br)c1,[92638.0],0,92638
746,O=C(N/N=C/c1ccco1)c1ccc(C(=O)N/N=C/c2ccco2)o1,[116121.0],0,116121
747,O=C(N1CCOCC1)N1CC[C@](c2ccc(C(OCc3c(F)cccc3F)(C(F)(F)F)C(F)(F)F)cc2)(S(=O)(=O)c2ccc(F)cc2)C1,[1250.0],0,1250
748,O=C(N1CC[C@@]2(S(=O)(=O)c3ccc(F)cc3)c3ccc(C(F)(C(F)(F)F)C(F)(F)F)cc3CC[C@@H]12)C1(O)CCS(=O)(=O)CC1,[50000.0],0,50000
749,O=C(N1CC[C@](c2ccc(C(F)(C(F)(F)F)C(F)(F)F)cc2)(S(=O)(=O)c2ccc(F)cc2)C1)C1(CO)CCS(=O)(=O)CC1,[50000.0],0,50000
750,O=C(N1CC[C@](c2ccc(C(F)(C(F)(F)F)C(F)(F)F)cc2)(S(=O)(=O)c2ccc(F)cc2)C1)C1(F)CCS(=O)(=O)CC1,[50000.0],0,50000
751,O=C(N1CC[C@](c2ccc(C(F)(C(F)(F)F)C(F)(F)F)cc2)(S(=O)(=O)c2ccc(F)cc2)C1)C1(O)CCS(=O)(=O)CC1,[50000.0],0,50000
752,O=C(N1CC[C@](c2ccc(C(F)(C(F)(F)F)C(F)(F)F)cc2)(S(=O)(=O)c2ccc(F)cc2)C1)C12CCC(C(=O)O)(CC1)OC2,[50000.0],0,50000
753,O=C(NC(=S)Nc1ccc(F)c(Cl)c1)C1CC1,[60376.0],0,60376
754,O=C(NC1CCCC1)c1cc2c(ccc3ccccc32)o1,[79392.0],0,79392
755,O=C(Nc1ccc(C[C@@H]2CC[C@H]([C@H](O)c3ccccc3)N2)cc1)[C@@H]1CCc2nccc(=O)n21,[30000.0],0,30000
756,O=C(Nc1ccc2c(c1)N(S(=O)(=O)c1ccc(F)cc1)CC2)c1c(F)cccc1F,[4800.0],0,4800
757,O=C(Nc1ccc2c(c1)N(S(=O)(=O)c1ccc(F)cc1)CCC2)c1c(F)cccc1Cl,[820.0],0,820
758,O=C(Nc1ccc2c(c1)N(S(=O)(=O)c1ccc(F)cc1)CCC2)c1c(F)cccc1F,[1100.0],0,1100
759,O=C(Nc1ccc2c(c1)N(S(=O)(=O)c1ccc(F)cc1)CCC2)c1ccccc1Cl,[940.0],0,940
760,O=C(Nc1ccc2c(c1)OCO2)c1ccncc1,[116046.0],0,116046
761,O=C(Nc1ccc2c(c1)ncn2Cc1ccccc1)Nc1cccc2ccccc12,[5000.0],0,5000
762,O=C(Nc1ccc2c(c1)ncn2Cc1ccccc1)Nc1ccccc1Cl,[1456.0],0,1456
763,O=C(Nc1ccc2c(c1)ncn2Cc1ccccc1)Nc1ccccc1[N+](=O)[O-],[5000.0],0,5000
764,O=C(Nc1cccc(-c2nc3cc(Cl)ccc3o2)c1)C1CCCO1,[116193.0],0,116193
765,O=C(Nc1cccc(Cl)c1)c1ccc(O)nn1,[116217.0],0,116217
766,O=C(Nc1cccc(Cl)c1)c1cccnn1,[116073.0],0,116073
767,O=C(Nc1ccccc1OC(=O)c1ccc(Cl)cc1)c1ccc(Cl)cc1,[68376.0],0,68376
768,O=C(Nc1cccnc1)Nc1cc(Cl)cc(Cl)c1,[116099.0],0,116099
769,O=C(Nc1ccnnc1)c1cc(N2CCOCC2)ccc1OCc1ccccc1,[50118.72],0,50118.72
770,O=C(Nc1ccon1)c1cnc2sccn2c1=O,[116109.0],0,116109
771,O=C(O)C1(C[C@H]2CN(S(=O)(=O)c3cccc(C(F)(F)F)c3)c3cc(-c4cc(F)cc(OC(F)F)c4)ccc3O2)CCOCC1,[13000.0],0,13000
772,O=C(O)C1(C[C@H]2CN(S(=O)(=O)c3cccc(C(F)(F)F)c3)c3cc(-c4cc(F)cc(OC(F)F)c4)ccc3O2)COC1,[5460.0],0,5460
773,O=C(O)C1(C[C@H]2CN(S(=O)(=O)c3cccc(C(F)(F)F)c3)c3cc(-c4cc(F)ccc4F)ccc3O2)CCOCC1,[10000.0],0,10000
774,O=C(O)C1(C[C@H]2CN(S(=O)(=O)c3cccc(C(F)(F)F)c3)c3cc(-c4cc(F)ccc4F)ccc3O2)COC1,[18000.0],0,18000
775,O=C(O)C1(C[C@H]2CN(S(=O)(=O)c3cccc(C(F)(F)F)c3)c3cc(-c4cccc(Cl)c4F)ccc3O2)CCOCC1,[10000.0],0,10000
776,O=C(O)C12CCC(C(=O)N3CC[C@](c4ccc(C(F)(C(F)(F)F)C(F)(F)F)cc4)(S(=O)(=O)c4ccc(F)cc4)C3)(CC1)CC2,[50000.0],0,50000
777,O=C(O)C12CCC(C(=O)N3CC[C@](c4ccc(C(F)(C(F)(F)F)C(F)(F)F)cc4)(S(=O)(=O)c4ccc(F)cc4)C3)(CC1)OC2,[50000.0],0,50000
778,O=C(O)C1CCC(O)(C(=O)N2CC[C@](c3ccc(C(F)(C(F)(F)F)C(F)(F)F)cc3)(S(=O)(=O)c3ccc(F)cc3)C2)CC1,"[50000.0, 50000.0]",0,50000
779,O=C(O)C1CCN(C(=O)N2CC[C@](c3ccc(C(F)(C(F)(F)F)C(F)(F)F)cc3)(S(=O)(=O)c3ccc(F)cc3)C2)CC1,[46100.0],0,46100
780,O=C(O)C1CCN(C(=O)N2CC[C@](c3ccc(C(OCc4c(F)cccc4F)(C(F)(F)F)C(F)(F)F)cc3)(S(=O)(=O)c3ccc(F)cc3)C2)CC1,[50000.0],0,50000
781,O=C(O)C1CN(Cc2ccc3c(c2)CCc2c-3noc2-c2onc(-c3ccccc3)c2C(F)(F)F)C1,[50000.0],0,50000
782,O=C(O)CC1(c2ccc(F)cc2)C2CC3CC(C2)CC1C3,[50000.0],0,50000
783,O=C(O)CCCC[C@@H]1CCSS1,[2800.0],0,2800
784,O=C(O)CCNC(=O)c1ccc(Cn2nc(-c3cc(Cl)cc(Cl)c3)cc2-c2ccc(OC(F)(F)F)cc2)cc1,[25000.0],0,25000
785,O=C(O)CC[C@H]1CN(S(=O)(=O)c2cccc(C(F)(F)F)c2)c2cc(-c3cc(F)cc(F)c3)ccc2O1,[10000.0],0,10000
786,O=C(O)CC[C@H]1CN(S(=O)(=O)c2cccc(C(F)(F)F)c2)c2cc(-c3cc(F)cc(F)c3Cl)ccc2O1,[10000.0],0,10000
787,O=C(O)CC[C@H]1CN(S(=O)(=O)c2cccc(C(F)(F)F)c2)c2cc(-c3cc(F)cc(OC(F)F)c3)ccc2O1,[10000.0],0,10000
788,O=C(O)CC[C@H]1CN(S(=O)(=O)c2cccc(C(F)(F)F)c2)c2cc(-c3cc(F)ccc3Cl)ccc2O1,[10000.0],0,10000
789,O=C(O)CC[C@H]1CN(S(=O)(=O)c2cccc(C(F)(F)F)c2)c2cc(-c3cc(F)ccc3F)ccc2O1,[10000.0],0,10000
790,O=C(O)CC[C@H]1CN(S(=O)(=O)c2cccc(C(F)(F)F)c2)c2cc(-c3cccc(Cl)c3)ccc2O1,[10000.0],0,10000
791,O=C(O)CC[C@H]1CN(S(=O)(=O)c2cccc(C(F)(F)F)c2)c2cc(-c3cccc(F)c3)ccc2O1,[10000.0],0,10000
792,O=C(O)CC[C@H]1CN(S(=O)(=O)c2cccc(C(F)(F)F)c2)c2cc(-c3cccc(F)c3Cl)ccc2O1,[10000.0],0,10000
793,O=C(O)CC[C@H]1CN(S(=O)(=O)c2cccc(C(F)(F)F)c2)c2cc(-c3cccc(OC(F)F)c3)ccc2O1,[10000.0],0,10000
794,O=C(O)CC[C@H]1CN(S(=O)(=O)c2cccc(C(F)(F)F)c2)c2cc(-c3cccc(OCCO)c3)ccc2O1,[10000.0],0,10000
795,O=C(O)CC[C@H]1CN(S(=O)(=O)c2cccc(C(F)(F)F)c2)c2cc(-c3ccccc3Cl)ccc2O1,[10000.0],0,10000
796,O=C(O)CC[C@H]1CN(S(=O)(=O)c2cccc(C(F)(F)F)c2)c2cc(/C=C/c3c(Cl)cccc3C(F)(F)F)ccc2O1,[2000.0],0,2000
797,O=C(O)CC[C@H]1CN(S(=O)(=O)c2cccc(C(F)(F)F)c2)c2cc(/C=C/c3c(F)cccc3Cl)ccc2O1,[10000.0],0,10000
798,O=C(O)CC[C@H]1CN(S(=O)(=O)c2cccc(C(F)(F)F)c2)c2cc(/C=C/c3ccc(Cl)cc3F)ccc2O1,[10000.0],0,10000
799,O=C(O)CNC(=O)c1c(O)c2c(n(Cc3ccc(C(F)(F)F)cc3)c1=O)COC2,[30000.0],0,30000
800,O=C(O)COn1c(-c2ccccc2)nc2ccc([N+](=O)[O-])cc21,[116043.0],0,116043
801,O=C(O)C[C@]1(CC(F)(F)F)CCc2cc(-c3cnc(NC(=O)Nc4ccc(F)c(F)c4)cn3)ccc2C1=O,[50000.0],0,50000
802,O=C(O)Cc1c2n(c3ccccc13)C[C@H](N(Cc1ccc(F)cc1)S(=O)(=O)c1ccc(F)cc1)CC2,[30000.0],0,30000
803,O=C(O)[C@@H](O)CC[C@H]1CN(S(=O)(=O)c2cccc(C(F)(F)F)c2)c2cc(-c3cc(F)ccc3F)ccc2O1,[10000.0],0,10000
804,O=C(O)[C@@H]1C[C@@H]2[C@H](C1)[C@H]2C(=O)N1CC[C@](c2ccc(C(F)(C(F)(F)F)C(F)(F)F)cc2)(S(=O)(=O)c2ccc(F)cc2)C1,[33000.0],0,33000
805,O=C(O)[C@@H]1[C@@H]2C[C@@H](C(=O)N3CC[C@](c4ccc(C(F)(C(F)(F)F)C(F)(F)F)cc4)(S(=O)(=O)c4ccc(F)cc4)C3)C[C@@H]21,[50000.0],0,50000
806,O=C(O)[C@H](O)CC[C@H]1CN(S(=O)(=O)c2cccc(C(F)(F)F)c2)c2cc(-c3cc(F)ccc3F)ccc2O1,[10000.0],0,10000
807,O=C(O)[C@H]1CC[C@H](C(=O)N2CC[C@](c3ccc(C(F)(C(F)(F)F)C(F)(F)F)cc3)(S(=O)(=O)c3ccc(Cl)cc3)C2)CC1,[6440.0],0,6440
808,O=C(O)[C@H]1CC[C@H](C(=O)N2CC[C@](c3ccc(C(F)(C(F)(F)F)C(F)(F)F)cc3)(S(=O)(=O)c3ccc(F)c(C4CC4)c3)C2)CC1,[50000.0],0,50000
809,O=C(O)[C@H]1CC[C@H](C(=O)N2CC[C@](c3ccc(C(F)(C(F)(F)F)C(F)(F)F)cc3)(S(=O)(=O)c3ccc(F)cc3)C2)CC1,[50000.0],0,50000
810,O=C(O)[C@H]1CC[C@H](C(=O)N2CC[C@](c3ccc(C(F)(C(F)(F)F)C(F)(F)F)cc3)(S(=O)(=O)c3ccccc3)C2)CC1,[50000.0],0,50000
811,O=C(O)[C@H]1CC[C@H](C(=O)N2CC[C@](c3ccc(C(O)(C(F)(F)F)C(F)(F)F)cc3)(S(=O)(=O)c3ccc(F)cc3)C2)CC1,[50000.0],0,50000
812,O=C(O)[C@H]1CC[C@H](C(=O)N2CC[C@](c3ccc(C(OCC4CC4)(C(F)(F)F)C(F)(F)F)cc3)(S(=O)(=O)c3ccc(F)cc3)C2)CC1,[50000.0],0,50000
813,O=C(O)[C@H]1CC[C@H](C(=O)N2CC[C@](c3ccc(C(OCC4CCC4)(C(F)(F)F)C(F)(F)F)cc3)(S(=O)(=O)c3ccc(F)cc3)C2)CC1,[50000.0],0,50000
814,O=C(O)[C@H]1CC[C@H](C(=O)N2CC[C@](c3ccc(C(OCC4CCCC4)(C(F)(F)F)C(F)(F)F)cc3)(S(=O)(=O)c3ccc(F)cc3)C2)CC1,[50000.0],0,50000
815,O=C(O)[C@H]1CC[C@H](C(=O)N2CC[C@](c3ccc(C(OCC4CCCCC4)(C(F)(F)F)C(F)(F)F)cc3)(S(=O)(=O)c3ccc(F)cc3)C2)CC1,[50000.0],0,50000
816,O=C(O)[C@H]1CC[C@H](C(=O)N2CC[C@](c3ccc(C(OCc4c(F)cccc4Cl)(C(F)(F)F)C(F)(F)F)cc3)(S(=O)(=O)c3ccc(F)cc3)C2)CC1,[630.0],0,630
817,O=C(O)[C@H]1CC[C@H](C(=O)N2CC[C@](c3ccc(C(OCc4c(F)cccc4F)(C(F)(F)F)C(F)(F)F)cc3)(S(=O)(=O)c3ccc(F)cc3)C2)CC1,[50000.0],0,50000
818,O=C(O)[C@H]1CC[C@H](C(=O)N2CC[C@](c3ccc(C(OCc4ccccc4OC(F)(F)F)(C(F)(F)F)C(F)(F)F)cc3)(S(=O)(=O)c3ccc(F)cc3)C2)CC1,[50000.0],0,50000
819,O=C(O)[C@H]1CC[C@](F)(C(=O)N2CC[C@](c3ccc(C(F)(C(F)(F)F)C(F)(F)F)cc3)(S(=O)(=O)c3ccc(F)cc3)C2)CC1,[10600.0],0,10600
820,O=C(O)[C@H]1[C@@H]2C[C@@H](C(=O)N3CC[C@](c4ccc(C(F)(C(F)(F)F)C(F)(F)F)cc4)(S(=O)(=O)c4ccc(F)cc4)C3)C[C@@H]21,[50000.0],0,50000
821,O=C(O)c1ccc(-c2nc(C(=O)c3c(Cl)cccc3C(F)(F)F)n3c2CCCC3)c(F)c1,[10000.0],0,10000
822,O=C(O)c1ccc(-c2nc(C(=O)c3c(Cl)cccc3C(F)(F)F)n3ccccc23)c(F)c1,[10000.0],0,10000
823,O=C(O)c1ccc(-c2nc(C(=O)c3c(Cl)cccc3C(F)(F)F)n3ccccc23)cc1,[10000.0],0,10000
824,O=C(O)c1ccc(-c2nc(C(=O)c3c(Cl)cccc3C(F)(F)F)n3ccccc23)cc1O,[10000.0],0,10000
825,O=C(O)c1ccc(-c2nc(C(=O)c3c(Cl)cccc3C3CC3)n3c2CCCC3)c(F)c1,[10000.0],0,10000
826,O=C(O)c1ccc(-c2nc(C(=O)c3c(Cl)cccc3C3CC3)n3cccnc23)cc1O,[10000.0],0,10000
827,O=C(O)c1ccc2c(c1)Oc1ccc(OCc3c(-c4c(Cl)cccc4Cl)noc3C3CC3)nc1C1(CC1)C2,[10000.0],0,10000
828,O=C([C@H]1CC[C@@](F)(C(=O)O)CC1)N1CC[C@](c2ccc(C(F)(C(F)(F)F)C(F)(F)F)cc2)(S(=O)(=O)c2ccc(F)cc2)C1,[22000.0],0,22000
829,O=C([C@H]1CC[C@H](CO)CC1)N1CC[C@](c2ccc(C(F)(C(F)(F)F)C(F)(F)F)cc2)(S(=O)(=O)c2ccc(F)cc2)C1,[50000.0],0,50000
830,O=C([C@H]1CC[C@H](O)CC1)N1CC[C@](c2ccc(C(F)(C(F)(F)F)C(F)(F)F)cc2)(S(=O)(=O)c2ccc(F)cc2)C1,[50000.0],0,50000
831,O=C([C@H]1CC[C@H](c2nnn[nH]2)CC1)N1CC[C@](c2ccc(C(F)(C(F)(F)F)C(F)(F)F)cc2)(S(=O)(=O)c2ccc(F)cc2)C1,[50000.0],0,50000
832,O=C([C@H]1CC[C@](F)(C(=O)O)CC1)N1CC[C@](c2ccc(C(F)(C(F)(F)F)C(F)(F)F)cc2)(S(=O)(=O)c2ccc(F)cc2)C1,[17000.0],0,17000
833,O=C(c1ccc(OCCN2CCCCC2)cc1)c1c(-c2ccc(O)cc2)sc2cc(O)ccc12,[11710.0],0,11710
834,O=C1/C(=N/c2ccc(O)cc2)C(Cl)=C(O)c2ccccc21,[116026.0],0,116026
835,O=C1NCN(c2ccccc2)C12CCN(CCCOc1ccc(F)cc1)CC2,[31600.0],0,31600
836,O=C1c2ccccc2-c2nc3ccccc3nc21,[116147.0],0,116147
837,O=S(=O)(Cc1ccccc1Cl)Nc1ccc2c(c1)ncn2Cc1ccccc1,[176.0],0,176
838,O=S(=O)(Cc1ccccc1Cl)Nc1ccc2c(ccn2Cc2ccccc2)c1,[197.0],0,197
839,O=S(=O)(Cc1ccccc1Cl)Nc1ccc2ncn(Cc3ccccc3)c2c1,[376.0],0,376
840,O=S(=O)(NNc1ncc(C(F)(F)F)cc1Cl)c1ccc(F)cc1F,[116205.0],0,116205
841,O=S(=O)(Nc1ccc2c(c1)ncn2-c1ccc2ccccc2c1)c1ccccc1Cl,[385.0],0,385
842,O=S(=O)(Nc1ccc2c(c1)ncn2Cc1ccccc1)c1ccc(-c2ccccc2)cc1,[388.0],0,388
843,O=S(=O)(Nc1ccc2c(c1)ncn2Cc1ccccc1)c1ccc2ccccc2c1,[51.0],0,51
844,O=S(=O)(Nc1ccc2c(c1)ncn2Cc1ccccc1)c1cccc2ccccc12,[20.0],0,20
845,O=S(=O)(Nc1ccc2c(c1)ncn2Cc1ccccc1)c1ccccc1Br,[20.0],0,20
846,O=S(=O)(Nc1ccc2c(c1)ncn2Cc1ccccc1)c1ccccc1Cl,"[157.0, 23.0]",67,90
847,O=S(=O)(Nc1ccc2c(c1)ncn2Cc1ccccc1)c1ccccc1F,[101.0],0,101
848,O=S(=O)(Nc1ccc2ncn(Cc3ccccc3)c2c1)c1ccccc1Cl,[340.0],0,340
849,O=S(=O)(Nc1cscn1)c1cc(Cl)c(NCc2c(F)cccc2CN2CCC2)cc1F,[3100.0],0,3100
850,O=S(=O)(Nc1cscn1)c1cc(Cl)c(NCc2cc(CN3CCC3)ccc2F)cc1F,[20000.0],0,20000
851,O=S(=O)(Nc1nccs1)c1cc(Cl)c(NCC23CCCN2CCC3)cc1F,[16000.0],0,16000
852,O=S(=O)(c1ccc(F)cc1)C1(c2ccc(C(Cl)(C(F)(F)F)C(F)(F)F)cc2)CCCC1,[229.0],0,229
853,O=S(=O)(c1ccc(F)cc1)C1(c2ccc(C(F)(C(F)(F)F)C(F)(F)F)cc2)CCCC1,[1010.0],0,1010
854,O=S(=O)(c1ccc(F)cc1)C1(c2ccc(C(O)(C(F)(F)F)C(F)(F)F)cc2)CCCC1,[10.0],0,10
855,O=S(=O)(c1ccc(F)cc1)C1(c2ccc(C(OCc3c(F)cccc3F)(C(F)(F)F)C(F)(F)F)cc2)CCCC1,[463.0],0,463
856,O=S(=O)(c1ccc(F)cc1)C1(c2ccc(C(OCc3ccccc3)(C(F)(F)F)C(F)(F)F)cc2)CCCC1,[781.0],0,781
857,O=S(=O)(c1ccc(F)cc1)C1(c2ccc(C(OCc3ccccc3-c3ccccc3)(C(F)(F)F)C(F)(F)F)cc2)CCCC1,[1440.0],0,1440
858,O=S(=O)(c1ccc(F)cc1)C1(c2ccc(C(OCc3ccccc3Cl)(C(F)(F)F)C(F)(F)F)cc2)CCCC1,[469.0],0,469
859,O=S(=O)(c1ccc(F)cc1)C1(c2ccc(C(OCc3ccccc3F)(C(F)(F)F)C(F)(F)F)cc2)CCCC1,[630.0],0,630
860,O=S(=O)(c1ccc(F)cc1)C1(c2ccc(C(OCc3ccccc3OC(F)(F)F)(C(F)(F)F)C(F)(F)F)cc2)CCCC1,[1280.0],0,1280
861,O=S(=O)(c1ccc(F)cc1)C1(c2ccc(C(Oc3ccccc3)(C(F)(F)F)C(F)(F)F)cc2)CCCC1,[205.0],0,205
862,O=S(=O)(c1ccc(F)cc1)N(CC(F)(F)F)c1ccc(C(O)(C(F)(F)F)C(F)(F)F)cc1,"[190.0, 194.0]",2,192
863,O=S(=O)(c1ccc(F)cc1)N1CCCc2cc(C(O)(C(F)(F)F)C(F)(F)F)ccc21,[25.0],0,25
864,O=S(=O)(c1ccc(F)cc1)N1CCSc2cc(C(O)(C(F)(F)F)C(F)(F)F)ccc21,[20.0],0,20
865,O=S(=O)(c1ccc(F)cc1)[C@@]1(c2ccc(C(O)(C(F)(F)F)C(F)(F)F)cc2)CCNC1,[434.0],0,434
866,O=S(=O)(c1ccc(F)cc1)[C@]1(c2ccc(C(O)(C(F)(F)F)C(F)(F)F)cc2)CCNC1,[520.0],0,520
867,O=S(=O)(c1cccc(C(F)(F)F)c1)N1C[C@H](CC2(CO)COC2)Oc2ccc(Br)cc21,[10000.0],0,10000
868,O=S(=O)(c1ccccc1)N(CC(F)(F)F)c1ccc(C(O)(C#Cc2ccccc2)C(F)(F)F)cc1,[1000.0],0,1000
869,O=S(=O)(c1ccccc1)N(CC(F)(F)F)c1ccc(C(O)(C(F)(F)F)C(F)(F)C(F)(F)C(F)(F)F)cc1,[10.0],0,10
870,O=S(=O)(c1ccccc1)N(CC(F)(F)F)c1ccc(C(O)(C(F)(F)F)C(F)(F)F)cc1,"[36.0, 270.0, 15.0, 12.59, 36.0, 120.0, 8.0, 50.0]",83.18477707,36
871,O=S(=O)(c1ccccc1)N(CC(F)(F)F)c1ccc(C(O)(C2CCCCC2)C(F)(F)F)cc1,[3.162],0,3.162
872,O=S(=O)(c1ccccc1)N(CC(F)(F)F)c1ccc(C(O)(CC(F)(F)F)C(F)(F)F)cc1,[125.89],0,125.89
873,O=S(=O)(c1ccccc1)N(CC(F)(F)F)c1ccc(C(O)(c2ccccc2)C(F)(F)F)cc1,[15.85],0,15.85
874,O=S(=O)(c1ccccc1)N(CC(F)(F)F)c1ccc(C(O)C(F)(F)F)cc1,[1000.0],0,1000
875,O=S(=O)(c1ccccc1)N(CC(F)(F)F)c1ccc(CO)cc1,[10000.0],0,10000
876,O=[N+]([O-])c1cc(-c2nc(-c3ccncc3)no2)cc([N+](=O)[O-])c1,[110375.0],0,110375
877,O=[N+]([O-])c1ccc(S(=O)(=O)Nc2ccc3c(c2)ncn3Cc2ccccc2)cc1,[336.0],0,336
878,O=[N+]([O-])c1ccccc1CS(=O)(=O)Nc1ccc2c(c1)ncn2Cc1ccccc1,[428.0],0,428
879,O=[N+]([O-])c1ccccc1S(=O)(=O)Nc1ccc2c(c1)ncn2Cc1ccccc1,[271.0],0,271
880,O=[N+]([O-])c1cnc(Nc2ccc(Cl)cn2)c([N+](=O)[O-])c1,[116134.0],0,116134
881,O=c1c(C2=Nc3ccccc3S(=O)(=O)N2)c(O)c2cc(F)ccc2n1CCC1CC1,[5300.0],0,5300
882,O=c1ccn2c(-c3ccc(F)cc3F)cccc2c1-c1c(F)cc(-c2nnco2)cc1F,[30000.0],0,30000
883,O=c1ccn2c(-c3ccc(F)cc3F)cccc2c1-c1c(F)cccc1F,"[3300.0, 3300.0]",0,3300
884,O=c1ccn2nc(Oc3ccc(F)cc3F)ccc2c1-c1c(F)cccc1F,[30000.0],0,30000
885,O=c1nc(Nc2ccc(Br)cc2)sc2ccc([N+](=O)[O-])cc12,[116116.0],0,116116
886,OC(c1cccn2c(C3(c4ccc(Cl)cc4)CC3)nnc12)C1CC1,[48000.0],0,48000
887,OCC(O)c1cccn2c(C3(c4ccc(Cl)cc4)CC3)nnc12,[50000.0],0,50000
888,OCCCc1cccn2c(C3(c4ccc(Cl)cc4)CC3)nnc12,[25000.0],0,25000
889,OCc1cccn2c(C3(c4ccc(Cl)cc4)CC3)nnc12,[25000.0],0,25000
890,O[C@H](c1ccccn1)C1(c2ccc(OC(F)(F)F)cc2)CC(F)(F)C1,[5700.0],0,5700
891,Oc1c(Cl)cc(Cl)c2cccnc12,[39800.0],0,39800
892,Oc1ccccc1Oc1cccn2c(C3(c4ccc(Cl)cc4)CC3)nnc12,[2600.0],0,2600
893,Oc1oc(-c2ccccc2)nc1/C=N/c1nccs1,[116240.0],0,116240
894,[2H]C([2H])([2H])N(C(=O)c1c(C)cccc1F)c1ccc(-c2cc(NC(C)=O)nn2C(C)C)cc1N1CC2CC2C1,[10000.0],0,10000
895,[2H]C([2H])([2H])N(C(=O)c1c(Cl)cccc1Cl)c1ccc(-c2cc(NC(C)=O)nn2C(C)C)cc1N1CC2CC2C1,[500.0],0,500
896,[2H]C([2H])([2H])N(C(=O)c1c(F)cccc1Cl)c1ccc(-c2cc(NC(C)=O)nn2C(C)C)cc1-c1ccccc1,[10000.0],0,10000
897,[2H]C([2H])([2H])N(C(=O)c1c(F)cccc1Cl)c1ccc(-c2cc(NC(C)=O)nn2C(C)C)cc1N1CC2CC2C1,[9900.0],0,9900
898,[2H]C([2H])([2H])N(C(=O)c1c(F)cccc1Cl)c1ccc(-c2cc(NC(C)=O)nn2C(C)C)cc1N1CCCC1,[800.0],0,800
899,[2H]C([2H])([2H])N(C(=O)c1c(F)cccc1Cl)c1ccc(-c2cc(NC(C)=O)nn2C(C)C)cc1N1CCCCC1,[10000.0],0,10000
900,[2H]C([2H])([2H])N(C(=O)c1c(F)cccc1Cl)c1ccc(-c2cc(NC(C)=O)nn2C(C)C)cc1OCC1CCC1,[10000.0],0,10000
901,[2H]C([2H])([2H])N(C(=O)c1c(F)cccc1Cl)c1ccc(-c2cc(NC(C)=O)nn2C(C)C2CC2)cc1N1CC2CC2C1,[900.0],0,900
902,[2H]C([2H])([2H])N(C(=O)c1c(F)cccc1Cl)c1ccc(-c2cc(NC(C)=O)nn2C2CCCC2)cc1N1CC2CC2C1,[500.0],0,500
903,[2H]C([2H])([2H])N(C(=O)c1c(F)cccc1Cl)c1ccc(-c2cc(NC(C)=O)nn2CC2CC2)cc1N1CC2CC2C1,[8800.0],0,8800
904,[2H]C([2H])([2H])N(C(=O)c1c(F)cccc1Cl)c1ncc(-c2cc(NC(C)=O)nn2C(C)C)cc1N1CC2CC2C1,[1300.0],0,1300
905,[O-][n+]1onc2c1CCc1nnc(-c3ccccc3)cc1-2,[116159.0],0,116159
906,[O-][n+]1onc2c3cc(-c4ccccc4)nnc3ccc21,[116135.0],0,116135
907,c1cc([C@@H]2Nc3c(ccc4c3CCCC4)[C@@H]3OCC[C@H]23)cs1,[3500.0],0,3500
908,c1ccc(-c2ccc(C3(Cc4nnn[nH]4)C4CC5CC(C4)CC3C5)cc2)cc1,[50000.0],0,50000
909,c1ccc(Nc2nc(-c3ccccn3)cs2)cc1,[73660.0],0,73660
